county_index,year_index,Year,State,County,CountyI,Yield,avgPRCP,avgPRCP_std,Area,longitude,latitude,station
1,1,1999,ILLINOIS,ADAMS,1,122.0,2.099501369863014,-0.821281699087721,119000.0,-91.1353,40.0578,USW00093989
1,2,2000,ILLINOIS,ADAMS,1,172.0,2.245054644808743,-0.5981994567750382,124900.0,-91.1353,40.0578,USW00093989
1,3,2001,ILLINOIS,ADAMS,1,152.0,2.550438356164384,-0.13015307911444018,133700.0,-91.1353,40.0578,USW00093989
1,4,2002,ILLINOIS,ADAMS,1,146.0,2.728586301369863,0.14288538803549694,127100.0,-91.1353,40.0578,USW00093989
1,5,2003,ILLINOIS,ADAMS,1,171.0,2.26025205479452,-0.5749071447453955,135100.0,-91.1353,40.0578,USW00093989
1,6,2004,ILLINOIS,ADAMS,1,195.0,2.556655737704918,-0.12062400863565498,134200.0,-91.1353,40.0578,USW00093989
1,7,2005,ILLINOIS,ADAMS,1,129.0,1.802356164383561,-1.2767013298417207,139700.0,-91.1353,40.0578,USW00093989
1,8,2006,ILLINOIS,ADAMS,1,129.0,2.05078904109589,-0.895940654949033,128500.0,-91.1353,40.0578,USW00093989
1,9,2007,ILLINOIS,ADAMS,1,162.0,1.900476712328767,-1.1263168616067933,149200.0,-91.1353,40.0578,USW00093989
1,10,2008,ILLINOIS,ADAMS,1,171.0,3.447737704918032,1.245092863103692,129900.0,-91.1353,40.0578,USW00093989
6,1,1999,ILLINOIS,BUREAU,6,139.0,2.521210958904109,-0.1749484526312285,239000.0,-89.4742,41.3599,USC00116998
6,2,2000,ILLINOIS,BUREAU,6,151.0,2.722126373626374,0.13298457909297953,242300.0,-89.4742,41.3599,USC00116998
6,3,2001,ILLINOIS,BUREAU,6,169.0,2.872635616438356,0.3636625860825175,236200.0,-89.4742,41.3599,USC00116998
6,4,2002,ILLINOIS,BUREAU,6,163.0,2.533041095890411,-0.1568169919220518,247800.0,-89.4742,41.3599,USC00116998
6,5,2003,ILLINOIS,BUREAU,6,175.0,2.498246575342466,-0.2101448175372737,258000.0,-89.4742,41.3599,USC00116998
6,6,2004,ILLINOIS,BUREAU,6,186.0,2.575393442622951,-0.0919056632018839,268700.0,-89.4742,41.3599,USC00116998
6,7,2005,ILLINOIS,BUREAU,6,136.0,1.691013698630137,-1.447350371810431,285600.0,-89.4742,41.3599,USC00116998
6,8,2006,ILLINOIS,BUREAU,6,178.0,2.755030136986301,0.18341453550306572,267600.0,-89.4742,41.3599,USC00116998
6,9,2007,ILLINOIS,BUREAU,6,195.0,3.00972602739726,0.5737742190064931,308500.0,-89.4742,41.3599,USC00116998
6,10,2008,ILLINOIS,BUREAU,6,199.0,3.473415300546448,1.284447632772194,297500.0,-89.4742,41.3599,USC00116998
8,1,1999,ILLINOIS,CARROLL,8,162.0,2.320098630136986,-0.4831832846872129,125000.0,-89.9627,42.0386,USC00115901
8,2,2000,ILLINOIS,CARROLL,8,150.0,3.017380821917808,0.5855063406418421,128100.0,-89.9627,42.0386,USC00115901
8,3,2001,ILLINOIS,CARROLL,8,165.0,2.935961643835616,0.46071922870222165,125600.0,-89.9627,42.0386,USC00115901
8,4,2002,ILLINOIS,CARROLL,8,178.0,2.62907397260274,-0.009632193224037851,126600.0,-89.9627,42.0386,USC00115901
8,5,2003,ILLINOIS,CARROLL,8,173.0,2.306876712328767,-0.5034478584209969,131300.0,-89.9627,42.0386,USC00115901
8,6,2004,ILLINOIS,CARROLL,8,189.0,2.474988095238095,-0.24579192954078338,133900.0,-89.9627,42.0386,USC00115901
8,7,2005,ILLINOIS,CARROLL,8,163.0,1.823928767123288,-1.2436380779602814,136500.0,-89.9627,42.0386,USC00115901
8,8,2006,ILLINOIS,CARROLL,8,185.0,2.707564179104478,0.1106658301115546,135000.0,-89.9627,42.0386,USC00115901
8,9,2007,ILLINOIS,CARROLL,8,187.0,2.750158904109589,0.1759486399169348,152600.0,-89.9627,42.0386,USC00115901
8,10,2008,ILLINOIS,CARROLL,8,185.0,3.461617486338798,1.2663657115731537,148000.0,-89.9627,42.0386,USC00115901
10,1,1999,ILLINOIS,CHAMPAIGN,10,166.0,2.462543956043956,-0.2648644407990475,271000.0,-88.2461,40.2139,USW00094870
10,2,2000,ILLINOIS,CHAMPAIGN,10,145.0,1.928595628415301,-1.083220401878731,276100.0,-88.2461,40.2139,USW00094870
10,3,2001,ILLINOIS,CHAMPAIGN,10,153.0,2.190401098901099,-0.6819642197181076,272400.0,-88.2461,40.2139,USW00094870
10,4,2002,ILLINOIS,CHAMPAIGN,10,142.0,2.847032967032967,0.3244226827507012,271700.0,-88.2461,40.2139,USW00094870
10,5,2003,ILLINOIS,CHAMPAIGN,10,185.0,2.561572602739726,-0.11308817491756958,276600.0,-88.2461,40.2139,USW00094870
10,6,2004,ILLINOIS,CHAMPAIGN,10,181.0,2.677409836065574,0.06444977304864942,292300.0,-88.2461,40.2139,USW00094870
10,7,2005,ILLINOIS,CHAMPAIGN,10,164.0,2.368810958904109,-0.40852432882590217,290600.0,-88.2461,40.2139,USW00094870
10,8,2006,ILLINOIS,CHAMPAIGN,10,180.0,2.472498630136986,-0.24960740849253915,278100.0,-88.2461,40.2139,USW00094870
10,9,2007,ILLINOIS,CHAMPAIGN,10,188.0,2.050840659340659,-0.895861542240703,316000.0,-88.2461,40.2139,USW00094870
10,10,2008,ILLINOIS,CHAMPAIGN,10,176.0,3.323572602739726,1.0547912060557982,282500.0,-88.2461,40.2139,USW00094870
13,1,1999,ILLINOIS,CLAY,13,103.0,3.444657534246575,1.240372039196771,59000.0,-88.5565,38.7279,USC00111700
13,2,2000,ILLINOIS,CLAY,13,139.0,3.38944262295082,1.1557468995319606,65800.0,-88.5565,38.7279,USC00111700
13,3,2001,ILLINOIS,CLAY,13,143.0,2.499638356164383,-0.20801170451266635,74500.0,-88.5565,38.7279,USC00111700
13,4,2002,ILLINOIS,CLAY,13,68.0,3.208054794520548,0.8777428250132606,68000.0,-88.5565,38.7279,USC00111700
13,5,2003,ILLINOIS,CLAY,13,126.0,3.01598904109589,0.5833732276172328,58200.0,-88.5565,38.7279,USC00111700
13,6,2004,ILLINOIS,CLAY,13,154.0,3.422952380952381,1.207105633693943,79400.0,-88.5565,38.7279,USC00111700
13,7,2005,ILLINOIS,CLAY,13,116.0,2.596367123287671,-0.059760349302347665,76300.0,-88.5565,38.7279,USC00111700
13,8,2006,ILLINOIS,CLAY,13,130.0,3.694482191780822,1.623265827114068,67100.0,-88.5565,38.7279,USC00111700
13,9,2007,ILLINOIS,CLAY,13,123.0,2.601238356164383,-0.052294453716217416,86000.0,-88.5565,38.7279,USC00111700
13,10,2008,ILLINOIS,CLAY,13,133.0,4.001540983606557,2.093879517035157,53000.0,-88.5565,38.7279,USC00111700
15,1,1999,ILLINOIS,COLES,15,141.0,1.900061111111111,-1.126953832857197,115000.0,-88.2461,39.556,USW00053802
15,2,2000,ILLINOIS,COLES,15,166.0,3.26871225071225,0.9707094816911921,121700.0,-88.2461,39.556,USW00053802
15,3,2001,ILLINOIS,COLES,15,174.0,2.542087671232876,-0.14295175726209533,116200.0,-88.2461,39.556,USW00053802
15,4,2002,ILLINOIS,COLES,15,131.0,3.019468493150685,0.5887060101787556,115700.0,-88.2461,39.556,USW00053802
15,5,2003,ILLINOIS,COLES,15,170.0,2.115038461538461,-0.7974687738803097,118400.0,-88.2461,39.556,USW00053802
15,6,2004,ILLINOIS,COLES,15,183.0,2.799551912568306,0.25165083957989914,120200.0,-88.2461,39.556,USW00053802
15,7,2005,ILLINOIS,COLES,15,149.0,1.727060439560439,-1.3921033304931234,120500.0,-88.2461,39.556,USW00053802
15,8,2006,ILLINOIS,COLES,15,168.0,2.014602739726027,-0.9514015935888643,114100.0,-88.2461,39.556,USW00053802
15,9,2007,ILLINOIS,COLES,15,181.0,1.835758904109589,-1.2255066172511064,131800.0,-88.2461,39.556,USW00053802
15,10,2008,ILLINOIS,COLES,15,170.0,2.22267397260274,-0.6325011964098342,118100.0,-88.2461,39.556,USW00053802
17,1,1999,ILLINOIS,CRAWFORD,17,111.0,2.847583561643836,0.32526655163955814,83000.0,-87.7763,39.05,USC00116558
17,2,2000,ILLINOIS,CRAWFORD,17,138.0,3.818327868852459,1.8130779172382816,81400.0,-87.7763,39.05,USC00116558
17,3,2001,ILLINOIS,CRAWFORD,17,144.0,2.649950684931507,0.02236450214509529,81300.0,-87.7763,39.05,USC00116558
17,4,2002,ILLINOIS,CRAWFORD,17,101.0,3.059830136986301,0.6505662878924124,81000.0,-87.7763,39.05,USC00116558
17,5,2003,ILLINOIS,CRAWFORD,17,144.0,2.870547945205479,0.3604629165456034,83400.0,-87.7763,39.05,USC00116558
17,6,2004,ILLINOIS,CRAWFORD,17,173.0,3.59427397260274,1.469681689342228,85600.0,-87.7763,39.05,USC00116558
17,7,2005,ILLINOIS,CRAWFORD,17,133.0,2.864980821917808,0.3519304644471684,87200.0,-87.7763,39.05,USC00116558
17,8,2006,ILLINOIS,CRAWFORD,17,138.0,3.6576,1.566738331961932,76200.0,-87.7763,39.05,USC00116558
17,9,2007,ILLINOIS,CRAWFORD,17,140.0,3.020622754491018,0.5904750889446737,92700.0,-87.7763,39.05,USC00116558
17,10,2008,ILLINOIS,CRAWFORD,17,164.0,3.394294294294294,1.1631828141320955,74000.0,-87.7763,39.05,USC00116558
19,1,1999,ILLINOIS,DE KALB,19,155.0,2.719539726027397,0.1290201533755391,192000.0,-88.7109,41.833,USC00112223
19,2,2000,ILLINOIS,DE KALB,19,157.0,2.565020895522388,-0.1078031486177927,194300.0,-88.7109,41.833,USC00112223
19,3,2001,ILLINOIS,DE KALB,19,144.0,2.526082191780822,-0.16748255704509618,190200.0,-88.7109,41.833,USC00112223
19,4,2002,ILLINOIS,DE KALB,19,143.0,2.143342465753424,-0.7540886388125426,189700.0,-88.7109,41.833,USC00112223
19,5,2003,ILLINOIS,DE KALB,19,170.0,2.026676646706587,-0.9328965187720842,191500.0,-88.7109,41.833,USC00112223
19,6,2004,ILLINOIS,DE KALB,19,180.0,2.344615384615385,-0.4456076783306397,204000.0,-88.7109,41.833,USC00112223
19,7,2005,ILLINOIS,DE KALB,19,146.0,1.633508982035928,-1.5354849818092415,214500.0,-88.7109,41.833,USC00112223
19,8,2006,ILLINOIS,DE KALB,19,181.0,2.499638356164383,-0.20801170451266635,208500.0,-88.7109,41.833,USC00112223
19,9,2007,ILLINOIS,DE KALB,19,197.0,3.025035616438356,0.5972384622771906,246500.0,-88.7109,41.833,USC00112223
19,10,2008,ILLINOIS,DE KALB,19,189.0,3.224273224043716,0.9026000027453835,232000.0,-88.7109,41.833,USC00112223
27,1,1999,ILLINOIS,FORD,27,152.0,2.335408219178082,-0.4597190414165147,135000.0,-88.2072,40.4989,USC00116663
27,2,2000,ILLINOIS,FORD,27,136.0,2.074333333333333,-0.8598554929493992,143900.0,-88.2072,40.4989,USC00116663
27,3,2001,ILLINOIS,FORD,27,146.0,2.805830136986301,0.2612731609012898,136200.0,-88.2072,40.4989,USC00116663
27,4,2002,ILLINOIS,FORD,27,149.0,2.670131506849315,0.05329464100192372,139800.0,-88.2072,40.4989,USC00116663
27,5,2003,ILLINOIS,FORD,27,170.0,2.591495890410959,-0.0672262448884786,142300.0,-88.2072,40.4989,USC00116663
27,6,2004,ILLINOIS,FORD,27,178.0,2.914754098360655,0.4282154818764182,148200.0,-88.2072,40.4989,USC00116663
27,7,2005,ILLINOIS,FORD,27,158.0,2.510772602739726,-0.19094680031579436,147300.0,-88.2072,40.4989,USC00116663
27,8,2006,ILLINOIS,FORD,27,168.0,2.567139726027397,-0.10455572281913461,141200.0,-88.2072,40.4989,USC00116663
27,9,2007,ILLINOIS,FORD,27,187.0,2.573402739726027,-0.09495671420839494,162300.0,-88.2072,40.4989,USC00116663
27,10,2008,ILLINOIS,FORD,27,175.0,3.381808743169399,1.1440468328737567,149900.0,-88.2072,40.4989,USC00116663
28,1,1999,ILLINOIS,FRANKLIN,28,86.0,2.681961643835616,0.07142610171109903,44300.0,-88.9031,38.0157,USC00110608
28,2,2000,ILLINOIS,FRANKLIN,28,123.0,3.282244444444444,0.9914495998528278,42800.0,-88.9031,38.0157,USC00110608
28,3,2001,ILLINOIS,FRANKLIN,28,134.0,3.195052631578947,0.8578150585991502,43300.0,-88.9031,38.0157,USC00110608
28,4,2002,ILLINOIS,FRANKLIN,28,49.0,3.322230088495575,1.052733601456839,37100.0,-88.9031,38.0157,USC00110608
28,5,2003,ILLINOIS,FRANKLIN,28,76.0,2.770495522388059,0.20711756008248774,33700.0,-88.9031,38.0157,USC00110608
28,6,2004,ILLINOIS,FRANKLIN,28,138.0,3.931270676691729,1.986179723674923,44600.0,-88.9031,38.0157,USC00110608
28,7,2005,ILLINOIS,FRANKLIN,28,117.0,2.557171830985915,-0.11983301821369283,49500.0,-88.9031,38.0157,USC00110608
28,8,2006,ILLINOIS,FRANKLIN,28,130.0,3.477516853932584,1.290733879005304,34500.0,-88.9031,38.0157,USC00110608
28,9,2007,ILLINOIS,FRANKLIN,28,113.0,2.403553719008264,-0.35527583386035494,47100.0,-88.9031,38.0157,USC00110608
28,10,2008,ILLINOIS,FRANKLIN,28,142.0,3.252630985915493,0.9460625294915791,34300.0,-88.9031,38.0157,USC00110608
34,1,1999,ILLINOIS,HANCOCK,34,133.0,1.988158904109589,-0.9919307410564328,154000.0,-91.1353,40.3849,USC00110598
34,2,2000,ILLINOIS,HANCOCK,34,158.0,2.275590163934426,-0.5513991901422259,151700.0,-91.1353,40.3849,USC00110598
34,3,2001,ILLINOIS,HANCOCK,34,155.0,3.221276712328767,0.8980073987470447,147700.0,-91.1353,40.3849,USC00110598
34,4,2002,ILLINOIS,HANCOCK,34,155.0,2.823227397260274,0.28793707370890215,156800.0,-91.1353,40.3849,USC00110598
34,5,2003,ILLINOIS,HANCOCK,34,171.0,2.761293150684931,0.1930135441138054,158500.0,-91.1353,40.3849,USC00110598
34,6,2004,ILLINOIS,HANCOCK,34,193.0,2.878666666666667,0.3729060758558234,161000.0,-91.1353,40.3849,USC00110598
34,7,2005,ILLINOIS,HANCOCK,34,142.0,2.170482191780822,-0.7124929348326677,165200.0,-91.1353,40.3849,USC00110598
34,8,2006,ILLINOIS,HANCOCK,34,152.0,1.952910179640718,-1.0459547023593276,154700.0,-91.1353,40.3849,USC00110598
34,9,2007,ILLINOIS,HANCOCK,34,183.0,2.044735376044568,-0.9052188053332301,175200.0,-91.1353,40.3849,USC00110598
34,10,2008,ILLINOIS,HANCOCK,34,190.0,3.342821428571428,1.0842929210122185,166100.0,-91.1353,40.3849,USC00110598
36,1,1999,ILLINOIS,HENDERSON,36,150.0,2.084191780821917,-0.8447459423584205,88000.0,-90.9438,40.8336,USC00113455
36,2,2000,ILLINOIS,HENDERSON,36,146.0,2.313065573770491,-0.4939624992746838,90700.0,-90.9438,40.8336,USC00113455
36,3,2001,ILLINOIS,HENDERSON,36,162.0,2.963101369863014,0.5023149326820958,79800.0,-90.9438,40.8336,USC00113455
36,4,2002,ILLINOIS,HENDERSON,36,166.0,2.483478021978022,-0.2327798424206585,88700.0,-90.9438,40.8336,USC00113455
36,5,2003,ILLINOIS,HENDERSON,36,168.0,2.332624657534247,-0.4639852674657315,92900.0,-90.9438,40.8336,USC00113455
36,6,2004,ILLINOIS,HENDERSON,36,185.0,2.346377049180328,-0.4429076629479775,92200.0,-90.9438,40.8336,USC00113455
36,7,2005,ILLINOIS,HENDERSON,36,155.0,1.797484931506849,-1.2841672254278513,95300.0,-90.9438,40.8336,USC00113455
36,8,2006,ILLINOIS,HENDERSON,36,161.0,1.850071625344353,-1.2035702235297145,90500.0,-90.9438,40.8336,USC00113455
36,9,2007,ILLINOIS,HENDERSON,36,185.0,2.528137362637362,-0.16433269921342902,103200.0,-90.9438,40.8336,USC00113455
36,10,2008,ILLINOIS,HENDERSON,36,199.0,3.181280219780219,0.8367067701923147,91500.0,-90.9438,40.8336,USC00113455
38,1,1999,ILLINOIS,IROQUOIS,38,159.0,2.059991836734694,-0.8818359892352919,306000.0,-87.6976,40.774,USC00115646
38,2,2000,ILLINOIS,IROQUOIS,38,145.0,2.290871232876712,-0.5279786582039998,313600.0,-87.6976,40.774,USC00115646
38,3,2001,ILLINOIS,IROQUOIS,38,158.0,3.054494318181818,0.6423883446347148,298800.0,-87.6976,40.774,USC00115646
38,4,2002,ILLINOIS,IROQUOIS,38,157.0,2.677786301369863,0.06502676263727282,307300.0,-87.6976,40.774,USC00115646
38,5,2003,ILLINOIS,IROQUOIS,38,158.0,2.712920903954802,0.11887581502263228,326300.0,-87.6976,40.774,USC00115646
38,6,2004,ILLINOIS,IROQUOIS,38,184.0,3.10563025210084,0.7207618391896262,324800.0,-87.6976,40.774,USC00115646
38,7,2005,ILLINOIS,IROQUOIS,38,167.0,2.376152112676056,-0.3972729087172253,341900.0,-87.6976,40.774,USC00115646
38,8,2006,ILLINOIS,IROQUOIS,38,170.0,2.919938718662952,0.4361616907336735,323400.0,-87.6976,40.774,USC00115646
38,9,2007,ILLINOIS,IROQUOIS,38,178.0,2.572706849315068,-0.09602327072069897,382000.0,-87.6976,40.774,USC00115646
38,10,2008,ILLINOIS,IROQUOIS,38,175.0,3.631644808743169,1.5269581053240406,355000.0,-87.6976,40.774,USC00115646
39,1,1999,ILLINOIS,JACKSON,39,83.0,2.520189415041783,-0.17651412194037602,27000.0,-89.3227,37.7218,USW00093810
39,2,2000,ILLINOIS,JACKSON,39,141.0,3.163517808219178,0.8094832082257755,29300.0,-89.3227,37.7218,USW00093810
39,3,2001,ILLINOIS,JACKSON,39,145.0,3.494786703601108,1.3172025159349354,34200.0,-89.3227,37.7218,USW00093810
39,4,2002,ILLINOIS,JACKSON,39,70.0,2.751198895027624,0.1775425821079753,26200.0,-89.3227,37.7218,USW00093810
39,5,2003,ILLINOIS,JACKSON,39,126.0,2.506505494505495,-0.19748678420442953,31100.0,-89.3227,37.7218,USW00093810
39,6,2004,ILLINOIS,JACKSON,39,143.0,2.899486338797814,0.40481534856001244,32000.0,-89.3227,37.7218,USW00093810
39,7,2005,ILLINOIS,JACKSON,39,141.0,2.212032967032967,-0.6488101347271057,31300.0,-89.3227,37.7218,USW00093810
39,8,2006,ILLINOIS,JACKSON,39,142.0,3.605408219178082,1.4867465935390984,26800.0,-89.3227,37.7218,USW00093810
39,9,2007,ILLINOIS,JACKSON,39,140.0,2.621419178082192,-0.021364314859386942,35600.0,-89.3227,37.7218,USW00093810
39,10,2008,ILLINOIS,JACKSON,39,148.0,3.61151912568306,1.4961124750433237,26200.0,-89.3227,37.7218,USW00093810
40,1,1999,ILLINOIS,JASPER,40,98.0,2.670827397260274,0.05436119751422844,85000.0,-88.0901,39.0555,USC00116157
40,2,2000,ILLINOIS,JASPER,40,138.0,3.447737704918032,1.245092863103692,97300.0,-88.0901,39.0555,USC00116157
40,3,2001,ILLINOIS,JASPER,40,147.0,2.810701369863013,0.26873905648742075,96100.0,-88.0901,39.0555,USC00116157
40,4,2002,ILLINOIS,JASPER,40,100.0,3.017380821917808,0.5855063406418421,93000.0,-88.0901,39.0555,USC00116157
40,5,2003,ILLINOIS,JASPER,40,147.0,3.039649315068493,0.6196361490355841,98600.0,-88.0901,39.0555,USC00116157
40,6,2004,ILLINOIS,JASPER,40,176.0,3.222191256830601,0.8994090754749635,99100.0,-88.0901,39.0555,USC00116157
40,7,2005,ILLINOIS,JASPER,40,120.0,2.606805479452055,-0.04376200161778042,101300.0,-88.0901,39.0555,USC00116157
40,8,2006,ILLINOIS,JASPER,40,145.0,3.642986301369863,1.5443406452035386,93100.0,-88.0901,39.0555,USC00116157
40,9,2007,ILLINOIS,JASPER,40,150.0,2.922043835616438,0.4393880984561329,109200.0,-88.0901,39.0555,USC00116157
40,10,2008,ILLINOIS,JASPER,40,160.0,4.256928961748634,2.485299928873226,88300.0,-88.0901,39.0555,USC00116157
41,1,1999,ILLINOIS,JEFFERSON,41,91.0,2.640208219178082,0.007432710972832069,46600.0,-88.8647,38.2267,USC00115943
41,2,2000,ILLINOIS,JEFFERSON,41,132.0,3.039649315068493,0.6196361490355841,49600.0,-88.8647,38.2267,USC00115943
41,3,2001,ILLINOIS,JEFFERSON,41,134.0,2.727890410958904,0.1418188315231929,46300.0,-88.8647,38.2267,USC00115943
41,4,2002,ILLINOIS,JEFFERSON,41,71.0,3.074443835616438,0.6729639746508059,41000.0,-88.8647,38.2267,USC00115943
41,5,2003,ILLINOIS,JEFFERSON,41,78.0,2.579292817679558,-0.08592928560701066,34500.0,-88.8647,38.2267,USC00115943
41,6,2004,ILLINOIS,JEFFERSON,41,147.0,3.086863387978142,0.6919988028977266,47500.0,-88.8647,38.2267,USC00115943
41,7,2005,ILLINOIS,JEFFERSON,41,122.0,2.413349862258953,-0.3402617738662068,50400.0,-88.8647,38.2267,USC00115943
41,8,2006,ILLINOIS,JEFFERSON,41,117.0,3.493197802197802,1.3147672860303148,39400.0,-88.8647,38.2267,USC00115943
41,9,2007,ILLINOIS,JEFFERSON,41,95.0,2.422394520547945,-0.32639947737845926,54000.0,-88.8647,38.2267,USC00115943
41,10,2008,ILLINOIS,JEFFERSON,41,131.0,3.866275449101796,1.8865647812025426,36300.0,-88.8647,38.2267,USC00115943
43,1,1999,ILLINOIS,JO DAVIESS,43,143.0,2.045221917808219,-0.9044731070474686,75000.0,-90.2245,42.3149,USC00130608
43,2,2000,ILLINOIS,JO DAVIESS,43,137.0,2.494767123287671,-0.21547760009879657,76600.0,-90.2245,42.3149,USC00130608
43,3,2001,ILLINOIS,JO DAVIESS,43,148.0,2.585232876712328,-0.07682525349921963,70300.0,-90.2245,42.3149,USC00130608
43,4,2002,ILLINOIS,JO DAVIESS,43,156.0,2.471802739726027,-0.25067396500484385,73200.0,-90.2245,42.3149,USC00130608
43,5,2003,ILLINOIS,JO DAVIESS,43,155.0,1.984679452054794,-0.997263523617956,75200.0,-90.2245,42.3149,USC00130608
43,6,2004,ILLINOIS,JO DAVIESS,43,177.0,2.540693989071038,-0.14508778437553477,71800.0,-90.2245,42.3149,USC00130608
43,7,2005,ILLINOIS,JO DAVIESS,43,165.0,1.601939726027397,-1.5838696053854002,78300.0,-90.2245,42.3149,USC00130608
43,8,2006,ILLINOIS,JO DAVIESS,43,166.0,2.679178082191781,0.06715987566188224,77400.0,-90.2245,42.3149,USC00130608
43,9,2007,ILLINOIS,JO DAVIESS,43,186.0,2.75282967032967,0.18004199004794944,96400.0,-90.2245,42.3149,USC00130608
43,10,2008,ILLINOIS,JO DAVIESS,43,163.0,3.441491803278689,1.2355200812924367,92800.0,-90.2245,42.3149,USC00130608
45,1,1999,ILLINOIS,KANE,45,152.0,2.497080332409972,-0.21193225989169076,87300.0,-88.4016,41.9879,USC00110338
45,2,2000,ILLINOIS,KANE,45,150.0,2.544857923497267,-0.1387059298346975,91300.0,-88.4016,41.9879,USC00110338
45,3,2001,ILLINOIS,KANE,45,133.0,2.658626373626373,0.035661297345197004,86900.0,-88.4016,41.9879,USC00110338
45,4,2002,ILLINOIS,KANE,45,127.0,2.084887671232877,-0.8436793858461145,84600.0,-88.4016,41.9879,USC00110338
45,5,2003,ILLINOIS,KANE,45,167.0,2.73693698630137,0.15568406618315073,83400.0,-88.4016,41.9879,USC00110338
45,6,2004,ILLINOIS,KANE,45,174.0,2.390792349726776,-0.37483454784570547,95000.0,-88.4016,41.9879,USC00110338
45,7,2005,ILLINOIS,KANE,45,121.0,1.624208219178082,-1.5497397969916582,91000.0,-88.4016,41.9879,USC00110338
45,8,2006,ILLINOIS,KANE,45,178.0,2.729978082191781,0.14501850106010636,81900.0,-88.4016,41.9879,USC00110338
45,9,2007,ILLINOIS,KANE,45,186.0,2.588016438356164,-0.07255902745000146,94900.0,-88.4016,41.9879,USC00110338
45,10,2008,ILLINOIS,KANE,45,188.0,3.082005464480874,0.6845533059334147,92700.0,-88.4016,41.9879,USC00110338
46,1,1999,ILLINOIS,KANKAKEE,46,134.0,2.356284931506849,-0.4277223460473815,181000.0,-87.7763,41.1791,USC00110803
46,2,2000,ILLINOIS,KANKAKEE,46,145.0,2.462273224043716,-0.26527937822798436,184600.0,-87.7763,41.1791,USC00110803
46,3,2001,ILLINOIS,KANKAKEE,46,139.0,2.377161643835616,-0.3957256506782484,179000.0,-87.7763,41.1791,USC00110803
46,4,2002,ILLINOIS,KANKAKEE,46,129.0,2.173961643835616,-0.7071601522711463,176200.0,-87.7763,41.1791,USC00110803
46,5,2003,ILLINOIS,KANKAKEE,46,159.0,2.583841095890411,-0.07895836652382701,188000.0,-87.7763,41.1791,USC00110803
46,6,2004,ILLINOIS,KANKAKEE,46,179.0,2.571229508196721,-0.09828751774272253,189000.0,-87.7763,41.1791,USC00110803
46,7,2005,ILLINOIS,KANKAKEE,46,137.0,2.324969863013699,-0.4757173891010806,197200.0,-87.7763,41.1791,USC00110803
46,8,2006,ILLINOIS,KANKAKEE,46,167.0,3.258158904109589,0.95453489389918,181000.0,-87.7763,41.1791,USC00110803
46,9,2007,ILLINOIS,KANKAKEE,46,179.0,2.878898630136986,0.3732615946932572,216000.0,-87.7763,41.1791,USC00110803
46,10,2008,ILLINOIS,KANKAKEE,46,177.0,3.14307650273224,0.7781538391990399,207500.0,-87.7763,41.1791,USC00110803
51,1,1999,ILLINOIS,LAWRENCE,51,122.0,1.790735376044568,-1.294511932324353,75000.0,-87.7763,38.7158,USW00013809
51,2,2000,ILLINOIS,LAWRENCE,51,138.0,3.209828254847645,0.8804609191720412,77200.0,-87.7763,38.7158,USW00013809
51,3,2001,ILLINOIS,LAWRENCE,51,145.0,3.017994505494505,0.5864469028408794,79100.0,-87.7763,38.7158,USW00013809
51,4,2002,ILLINOIS,LAWRENCE,51,97.0,2.814236263736264,0.274156811957892,67100.0,-87.7763,38.7158,USW00013809
51,5,2003,ILLINOIS,LAWRENCE,51,121.0,2.577578082191781,-0.08855737513456736,67700.0,-87.7763,38.7158,USW00013809
51,6,2004,ILLINOIS,LAWRENCE,51,172.0,2.552560439560439,-0.126900667771975,80500.0,-87.7763,38.7158,USW00013809
51,7,2005,ILLINOIS,LAWRENCE,51,135.0,2.529561643835616,-0.16214977448357468,79500.0,-87.7763,38.7158,USW00013809
51,8,2006,ILLINOIS,LAWRENCE,51,142.0,2.979106849315068,0.5268457324650967,68500.0,-87.7763,38.7158,USW00013809
51,9,2007,ILLINOIS,LAWRENCE,51,133.0,2.037567123287671,-0.9162052286828177,80500.0,-87.7763,38.7158,USW00013809
51,10,2008,ILLINOIS,LAWRENCE,51,148.0,2.991155807365439,0.5453125693013716,55300.0,-87.7763,38.7158,USW00013809
52,1,1999,ILLINOIS,LEE,52,150.0,2.708405479452054,0.11195524917866714,203000.0,-89.3227,41.679,USC00112348
52,2,2000,ILLINOIS,LEE,52,152.0,3.15487431693989,0.7962357603980804,208000.0,-89.3227,41.679,USC00112348
52,3,2001,ILLINOIS,LEE,52,160.0,2.765468493150685,0.19941288318763298,206000.0,-89.3227,41.679,USC00112348
52,4,2002,ILLINOIS,LEE,52,165.0,2.506597260273972,-0.19734613938962195,209900.0,-89.3227,41.679,USC00112348
52,5,2003,ILLINOIS,LEE,52,152.0,1.963802739726027,-1.0292602189870892,223200.0,-89.3227,41.679,USC00112348
52,6,2004,ILLINOIS,LEE,52,185.0,2.399814207650273,-0.3610071963405562,244600.0,-89.3227,41.679,USC00112348
52,7,2005,ILLINOIS,LEE,52,142.0,2.071544910179641,-0.8641291699922156,256600.0,-89.3227,41.679,USC00112348
52,8,2006,ILLINOIS,LEE,52,188.0,3.013901369863014,0.5801735580803207,246700.0,-89.3227,41.679,USC00112348
52,9,2007,ILLINOIS,LEE,52,182.0,2.756421917808219,0.18554764852767514,280500.0,-89.3227,41.679,USC00112348
52,10,2008,ILLINOIS,LEE,52,182.0,3.307551912568306,1.0302370935621443,272500.0,-89.3227,41.679,USC00112348
53,1,1999,ILLINOIS,LIVINGSTON,53,136.0,2.135011111111111,-0.7668576903904087,281000.0,-88.5565,40.8689,USC00111447
53,2,2000,ILLINOIS,LIVINGSTON,53,147.0,1.978377777777778,-1.006921785368267,287600.0,-88.5565,40.8689,USC00111447
53,3,2001,ILLINOIS,LIVINGSTON,53,145.0,2.208943820224719,-0.6535447159110328,283000.0,-88.5565,40.8689,USC00111447
53,4,2002,ILLINOIS,LIVINGSTON,53,137.0,2.403605479452055,-0.35519650321067825,293800.0,-88.5565,40.8689,USC00111447
53,5,2003,ILLINOIS,LIVINGSTON,53,168.0,2.407084931506849,-0.3498637206491567,288300.0,-88.5565,40.8689,USC00111447
53,6,2004,ILLINOIS,LIVINGSTON,53,181.0,2.583841095890411,-0.07895836652382701,294800.0,-88.5565,40.8689,USC00111447
53,7,2005,ILLINOIS,LIVINGSTON,53,145.0,2.263731506849315,-0.5695743621838726,307400.0,-88.5565,40.8689,USC00111447
53,8,2006,ILLINOIS,LIVINGSTON,53,176.0,2.784928571428571,0.22923837422814577,291900.0,-88.5565,40.8689,USC00111447
53,9,2007,ILLINOIS,LIVINGSTON,53,189.0,2.745983561643836,0.16954930084310924,339000.0,-88.5565,40.8689,USC00111447
53,10,2008,ILLINOIS,LIVINGSTON,53,187.0,3.297142076502732,1.0142824572100493,321000.0,-88.5565,40.8689,USC00111447
58,1,1999,ILLINOIS,MARION,58,118.0,3.128027397260274,0.7550888260982489,61000.0,-88.8647,38.7313,USC00114400
58,2,2000,ILLINOIS,MARION,58,131.0,3.247174863387978,0.9377002027199919,62900.0,-88.8647,38.7313,USC00114400
58,3,2001,ILLINOIS,MARION,58,143.0,2.782865753424657,0.22607679599524325,64300.0,-88.8647,38.7313,USC00114400
58,4,2002,ILLINOIS,MARION,58,88.0,2.622810958904109,-0.019231201834779565,71200.0,-88.8647,38.7313,USC00114400
58,5,2003,ILLINOIS,MARION,58,98.0,3.087665753424657,0.6932285483845907,51800.0,-88.8647,38.7313,USC00114400
58,6,2004,ILLINOIS,MARION,58,158.0,3.564315476190476,1.4237657966324542,72100.0,-88.8647,38.7313,USC00114400
58,7,2005,ILLINOIS,MARION,58,129.0,2.750854794520548,0.1770151964292395,71300.0,-88.8647,38.7313,USC00114400
58,8,2006,ILLINOIS,MARION,58,117.0,3.611671232876712,1.4963456021498382,61300.0,-88.8647,38.7313,USC00114400
58,9,2007,ILLINOIS,MARION,58,133.0,2.473194520547945,-0.24854085198023443,73400.0,-88.8647,38.7313,USC00114400
58,10,2008,ILLINOIS,MARION,58,148.0,3.875234972677595,1.9002965959630682,54500.0,-88.8647,38.7313,USC00114400
59,1,1999,ILLINOIS,MARSHALL,59,148.0,2.34932602739726,-0.4383879111704259,93600.0,-89.3606,40.9973,USC00114805
59,2,2000,ILLINOIS,MARSHALL,59,155.0,2.428961748633879,-0.31633421455469063,94400.0,-89.3606,40.9973,USC00114805
59,3,2001,ILLINOIS,MARSHALL,59,158.0,2.723019178082192,0.13435293593706196,92400.0,-89.3606,40.9973,USC00114805
59,4,2002,ILLINOIS,MARSHALL,59,146.0,2.166675824175824,-0.7183267645469488,94000.0,-89.3606,40.9973,USC00114805
59,5,2003,ILLINOIS,MARSHALL,59,173.0,2.3368,-0.45758592839190526,97400.0,-89.3606,40.9973,USC00114805
59,6,2004,ILLINOIS,MARSHALL,59,183.0,2.313065573770491,-0.4939624992746838,102400.0,-89.3606,40.9973,USC00114805
59,7,2005,ILLINOIS,MARSHALL,59,142.0,1.594284931506849,-1.5956017270207494,105300.0,-89.3606,40.9973,USC00114805
59,8,2006,ILLINOIS,MARSHALL,59,174.0,2.727890410958904,0.1418188315231929,101100.0,-89.3606,40.9973,USC00114805
59,9,2007,ILLINOIS,MARSHALL,59,189.0,2.751316804407713,0.17772329593189815,120100.0,-89.3606,40.9973,USC00114805
59,10,2008,ILLINOIS,MARSHALL,59,197.0,2.669093406593406,0.051703596534392174,113200.0,-89.3606,40.9973,USC00114805
61,1,1999,ILLINOIS,MASSAC,61,105.0,2.729978082191781,0.14501850106010636,26800.0,-88.7494,37.2478,USC00110993
61,2,2000,ILLINOIS,MASSAC,61,121.0,3.397955555555555,1.168794246593228,30900.0,-88.7494,37.2478,USC00110993
61,3,2001,ILLINOIS,MASSAC,61,138.0,3.641677611940298,1.542334882210249,26800.0,-88.7494,37.2478,USC00110993
61,4,2002,ILLINOIS,MASSAC,61,67.0,3.608191780821917,1.4910128195883152,20300.0,-88.7494,37.2478,USC00110993
61,5,2003,ILLINOIS,MASSAC,61,116.0,3.628372602739726,1.5219429584451452,19900.0,-88.7494,37.2478,USC00110993
61,6,2004,ILLINOIS,MASSAC,61,133.0,3.231213114754098,0.9132364269801128,24500.0,-88.7494,37.2478,USC00110993
61,7,2005,ILLINOIS,MASSAC,61,139.0,2.916476712328767,0.43085564635769724,23700.0,-88.7494,37.2478,USC00110993
61,8,2006,ILLINOIS,MASSAC,61,130.0,4.918434250764526,3.4991560803778046,23800.0,-88.7494,37.2478,USC00110993
61,9,2007,ILLINOIS,MASSAC,61,159.0,3.255118457300275,0.9498749527737942,27500.0,-88.7494,37.2478,USC00110993
61,10,2008,ILLINOIS,MASSAC,61,148.0,3.666434782608695,1.58027896246597,24900.0,-88.7494,37.2478,USC00110993
66,1,1999,ILLINOIS,MERCER,66,151.0,2.559755555555555,-0.11587307247747673,119000.0,-90.6773,41.1985,USC00110072
66,2,2000,ILLINOIS,MERCER,66,148.0,2.54651282051282,-0.13616955174795414,124800.0,-90.6773,41.1985,USC00110072
66,3,2001,ILLINOIS,MERCER,66,158.0,3.107266666666666,0.7232698901478319,116100.0,-90.6773,41.1985,USC00110072
66,4,2002,ILLINOIS,MERCER,66,174.0,2.763127071823204,0.19582430354126007,128300.0,-90.6773,41.1985,USC00110072
66,5,2003,ILLINOIS,MERCER,66,176.0,2.525927977839335,-0.1677189130589036,135700.0,-90.6773,41.1985,USC00110072
66,6,2004,ILLINOIS,MERCER,66,183.0,2.649554945054945,0.02175797138122963,133200.0,-90.6773,41.1985,USC00110072
66,7,2005,ILLINOIS,MERCER,66,155.0,1.773824657534246,-1.320430146846203,137000.0,-90.6773,41.1985,USC00110072
66,8,2006,ILLINOIS,MERCER,66,170.0,2.229398328690808,-0.6221951113368979,134700.0,-90.6773,41.1985,USC00110072
66,9,2007,ILLINOIS,MERCER,66,192.0,2.451834710743801,-0.2812779667463403,154900.0,-90.6773,41.1985,USC00110072
66,10,2008,ILLINOIS,MERCER,66,192.0,3.532011111111111,1.374254508060766,145200.0,-90.6773,41.1985,USC00110072
68,1,1999,ILLINOIS,MONTGOMERY,68,112.0,2.26424861878453,-0.5687818105214145,149000.0,-89.4742,39.2364,USC00114108
68,2,2000,ILLINOIS,MONTGOMERY,68,173.0,3.158772222222222,0.8022098853432545,152600.0,-89.4742,39.2364,USC00114108
68,3,2001,ILLINOIS,MONTGOMERY,68,152.0,2.815572602739726,0.27620495207355306,154900.0,-89.4742,39.2364,USC00114108
68,4,2002,ILLINOIS,MONTGOMERY,68,126.0,3.411075075075075,1.1889018795789563,157100.0,-89.4742,39.2364,USC00114108
68,5,2003,ILLINOIS,MONTGOMERY,68,169.0,2.78630303030303,0.23134493876814136,161100.0,-89.4742,39.2364,USC00114108
68,6,2004,ILLINOIS,MONTGOMERY,68,181.0,3.159648351648352,0.8035526852013142,166700.0,-89.4742,39.2364,USC00114108
68,7,2005,ILLINOIS,MONTGOMERY,68,159.0,2.598454794520548,-0.05656067976543422,170600.0,-89.4742,39.2364,USC00114108
68,8,2006,ILLINOIS,MONTGOMERY,68,139.0,2.425521126760563,-0.32160748403444334,168700.0,-89.4742,39.2364,USC00114108
68,9,2007,ILLINOIS,MONTGOMERY,68,154.0,2.154426592797784,-0.7371005503201573,190700.0,-89.4742,39.2364,USC00114108
68,10,2008,ILLINOIS,MONTGOMERY,68,181.0,3.746850828729281,1.703528624098038,172600.0,-89.4742,39.2364,USC00114108
69,1,1999,ILLINOIS,MORGAN,69,147.0,2.082104109589041,-0.8479456118953326,125000.0,-90.2245,39.7341,USC00114442
69,2,2000,ILLINOIS,MORGAN,69,168.0,2.53583606557377,-0.15253328133984606,129000.0,-90.2245,39.7341,USC00114442
69,3,2001,ILLINOIS,MORGAN,69,160.0,2.643274725274725,0.01213259186771239,127600.0,-90.2245,39.7341,USC00114442
69,4,2002,ILLINOIS,MORGAN,69,160.0,2.99093698630137,0.5449771931742734,129300.0,-90.2245,39.7341,USC00114442
69,5,2003,ILLINOIS,MORGAN,69,191.0,2.60332602739726,-0.04909478417930329,132500.0,-90.2245,39.7341,USC00114442
69,6,2004,ILLINOIS,MORGAN,69,200.0,2.388016393442623,-0.3790891175395974,135100.0,-90.2245,39.7341,USC00114442
69,7,2005,ILLINOIS,MORGAN,69,146.0,1.929704109589041,-1.0815214880900064,144600.0,-90.2245,39.7341,USC00114442
69,8,2006,ILLINOIS,MORGAN,69,171.0,2.386208219178082,-0.38186041601829057,137800.0,-90.2245,39.7341,USC00114442
69,9,2007,ILLINOIS,MORGAN,69,186.0,1.974241095890411,-1.0132618713025214,157500.0,-90.2245,39.7341,USC00114442
69,10,2008,ILLINOIS,MORGAN,69,190.0,3.433163934426229,1.2227563722107586,152000.0,-90.2245,39.7341,USC00114442
72,1,1999,ILLINOIS,PEORIA,72,160.0,2.106460273972603,-0.8106161339646766,106000.0,-89.7755,40.7156,USW00014842
72,2,2000,ILLINOIS,PEORIA,72,151.0,1.818945355191257,-1.251275904787467,104200.0,-89.7755,40.7156,USW00014842
72,3,2001,ILLINOIS,PEORIA,72,162.0,2.624202739726027,-0.017098088810170144,111200.0,-89.7755,40.7156,USW00014842
72,4,2002,ILLINOIS,PEORIA,72,161.0,2.31801095890411,-0.486382954224125,112900.0,-89.7755,40.7156,USW00014842
72,5,2003,ILLINOIS,PEORIA,72,177.0,2.157956164383561,-0.7316909520541491,119200.0,-89.7755,40.7156,USW00014842
72,6,2004,ILLINOIS,PEORIA,72,192.0,2.390792349726776,-0.37483454784570547,113800.0,-89.7755,40.7156,USW00014842
72,7,2005,ILLINOIS,PEORIA,72,119.0,1.768953424657534,-1.3278960424323334,118900.0,-89.7755,40.7156,USW00014842
72,8,2006,ILLINOIS,PEORIA,72,171.0,2.221978082191781,-0.633567752922139,108700.0,-89.7755,40.7156,USW00014842
72,9,2007,ILLINOIS,PEORIA,72,188.0,2.576186301369863,-0.0906904881591761,119700.0,-89.7755,40.7156,USW00014842
72,10,2008,ILLINOIS,PEORIA,72,201.0,3.229825136612022,0.9111091421331674,113600.0,-89.7755,40.7156,USW00014842
73,1,1999,ILLINOIS,PERRY,73,72.0,2.663086834733893,0.04249762353562526,44800.0,-89.3227,38.0612,USC00112483
73,2,2000,ILLINOIS,PERRY,73,114.0,3.100743169398907,0.7132716513671865,48800.0,-89.3227,38.0612,USC00112483
73,3,2001,ILLINOIS,PERRY,73,132.0,3.034778082191781,0.6121702534494537,47400.0,-89.3227,38.0612,USC00112483
73,4,2002,ILLINOIS,PERRY,73,54.0,3.163517808219178,0.8094832082257755,49200.0,-89.3227,38.0612,USC00112483
73,5,2003,ILLINOIS,PERRY,73,77.0,2.691704109589041,0.08635789288336158,41400.0,-89.3227,38.0612,USC00112483
73,6,2004,ILLINOIS,PERRY,73,134.0,3.386666666666667,1.1514923298380686,51300.0,-89.3227,38.0612,USC00112483
73,7,2005,ILLINOIS,PERRY,73,119.0,3.006942465753425,0.5695079929572763,55900.0,-89.3227,38.0612,USC00112483
73,8,2006,ILLINOIS,PERRY,73,111.0,3.768942465753424,1.737387373930642,42600.0,-89.3227,38.0612,USC00112483
73,9,2007,ILLINOIS,PERRY,73,79.0,2.733457534246575,0.15035128362162786,54100.0,-89.3227,38.0612,USC00112483
73,10,2008,ILLINOIS,PERRY,73,146.0,3.404016393442623,1.178083390424893,44900.0,-89.3227,38.0612,USC00112483
77,1,1999,ILLINOIS,PULASKI,77,121.0,2.317487603305785,-0.48718507523751153,15600.0,-89.1325,37.2512,USC00113580
77,2,2000,ILLINOIS,PULASKI,77,120.0,3.18679781420765,0.84516331187784,17400.0,-89.1325,37.2512,USC00113580
77,3,2001,ILLINOIS,PULASKI,77,142.0,3.9116,1.9560314589530547,16600.0,-89.1325,37.2512,USC00113580
77,4,2002,ILLINOIS,PULASKI,77,88.0,4.229621917808219,2.4434477850761853,16700.0,-89.1325,37.2512,USC00113580
77,5,2003,ILLINOIS,PULASKI,77,123.0,3.723013698630137,1.6669946441185504,16600.0,-89.1325,37.2512,USC00113580
77,6,2004,ILLINOIS,PULASKI,77,163.0,4.285112947658402,2.5284961178727827,19800.0,-89.1325,37.2512,USC00113580
77,7,2005,ILLINOIS,PULASKI,77,138.0,3.052198347107438,0.6388694243235871,17800.0,-89.1325,37.2512,USC00113580
77,8,2006,ILLINOIS,PULASKI,77,141.0,3.968845921450151,2.043769426546824,15800.0,-89.1325,37.2512,USC00113580
77,9,2007,ILLINOIS,PULASKI,77,170.0,3.315221917808219,1.0419925279081446,22300.0,-89.1325,37.2512,USC00113580
77,10,2008,ILLINOIS,PULASKI,77,149.0,3.574550561797753,1.4394526016760711,17600.0,-89.1325,37.2512,USC00113580
79,1,1999,ILLINOIS,RANDOLPH,79,101.0,2.60958904109589,-0.03949577556856362,53000.0,-89.7755,38.0629,USC00117157
79,2,2000,ILLINOIS,RANDOLPH,79,133.0,3.073677595628415,0.6717895968517388,54900.0,-89.7755,38.0629,USC00117157
79,3,2001,ILLINOIS,RANDOLPH,79,138.0,2.376465753424657,-0.3967922071905531,56800.0,-89.7755,38.0629,USC00117157
79,4,2002,ILLINOIS,RANDOLPH,79,63.0,2.466931506849315,-0.2581398605909741,53200.0,-89.7755,38.0629,USC00117157
79,5,2003,ILLINOIS,RANDOLPH,79,93.0,2.950575342465753,0.48311691546061447,54900.0,-89.7755,38.0629,USC00117157
79,6,2004,ILLINOIS,RANDOLPH,79,148.0,3.000114754098361,0.5590434999636005,63200.0,-89.7755,38.0629,USC00117157
79,7,2005,ILLINOIS,RANDOLPH,79,120.0,2.816964383561644,0.2783380650981618,66000.0,-89.7755,38.0629,USC00117157
79,8,2006,ILLINOIS,RANDOLPH,79,110.0,3.187873972602739,0.8468126861564301,53600.0,-89.7755,38.0629,USC00117157
79,9,2007,ILLINOIS,RANDOLPH,79,125.0,2.249117808219178,-0.5919720489422661,64100.0,-89.7755,38.0629,USC00117157
79,10,2008,ILLINOIS,RANDOLPH,79,152.0,3.379456043956044,1.1404409681744005,52100.0,-89.7755,38.0629,USC00117157
80,1,1999,ILLINOIS,RICHLAND,80,101.0,3.188569863013698,0.8478792426687348,73000.0,-88.0901,38.7213,USC00116446
80,2,2000,ILLINOIS,RICHLAND,80,131.0,3.959901639344262,2.0300609716267757,78900.0,-88.0901,38.7213,USC00116446
80,3,2001,ILLINOIS,RICHLAND,80,128.0,3.03547397260274,0.6132368099617584,78100.0,-88.0901,38.7213,USC00116446
80,4,2002,ILLINOIS,RICHLAND,80,87.0,3.411254794520548,1.1891773266061585,70100.0,-88.0901,38.7213,USC00116446
80,5,2003,ILLINOIS,RICHLAND,80,117.0,3.301244047619047,1.020569343677362,68200.0,-88.0901,38.7213,USC00116446
80,6,2004,ILLINOIS,RICHLAND,80,155.0,5.024064981949458,3.661051031753162,83200.0,-88.0901,38.7213,USC00116446
80,7,2005,ILLINOIS,RICHLAND,80,109.0,3.426732142857142,1.2128986861789282,83000.0,-88.0901,38.7213,USC00116446
80,8,2006,ILLINOIS,RICHLAND,80,126.0,3.306884615384615,1.0292143604626507,73100.0,-88.0901,38.7213,USC00116446
80,9,2007,ILLINOIS,RICHLAND,80,110.0,2.866372602739726,0.3540635774717772,90200.0,-88.0901,38.7213,USC00116446
80,10,2008,ILLINOIS,RICHLAND,80,143.0,3.939081967213115,1.9981516989225867,60000.0,-88.0901,38.7213,USC00116446
87,1,1999,ILLINOIS,ST CLAIR,87,122.0,2.682657534246575,0.07249265822340306,87400.0,-89.9253,38.4008,USW00003960
87,2,2000,ILLINOIS,ST CLAIR,87,144.0,2.931409836065574,0.4537429000397721,98300.0,-89.9253,38.4008,USW00003960
87,3,2001,ILLINOIS,ST CLAIR,87,146.0,2.368115068493151,-0.40959088533820487,91600.0,-89.9253,38.4008,USW00003960
87,4,2002,ILLINOIS,ST CLAIR,87,97.0,2.636728767123287,0.0020999284113091977,95300.0,-89.9253,38.4008,USW00003960
87,5,2003,ILLINOIS,ST CLAIR,87,133.0,2.877506849315068,0.37112848166864776,88200.0,-89.9253,38.4008,USW00003960
87,6,2004,ILLINOIS,ST CLAIR,87,167.0,3.095320547945205,0.7049606700199391,89000.0,-89.9253,38.4008,USW00003960
87,7,2005,ILLINOIS,ST CLAIR,87,147.0,2.522409972299169,-0.17311078462387766,91000.0,-89.9253,38.4008,USW00003960
87,8,2006,ILLINOIS,ST CLAIR,87,126.0,2.164980609418282,-0.7209249356252365,81800.0,-89.9253,38.4008,USW00003960
87,9,2007,ILLINOIS,ST CLAIR,87,123.0,1.962917582417582,-1.030616855429938,94200.0,-89.9253,38.4008,USW00003960
87,10,2008,ILLINOIS,ST CLAIR,87,155.0,3.370704918032787,1.1270285540981888,78500.0,-89.9253,38.4008,USW00003960
91,1,1999,ILLINOIS,UNION,91,103.0,3.074443835616438,0.6729639746508059,13700.0,-89.2847,37.5087,USC00110187
91,2,2000,ILLINOIS,UNION,91,127.0,3.395688524590164,1.1653196813432172,15700.0,-89.2847,37.5087,USC00110187
91,3,2001,ILLINOIS,UNION,91,141.0,3.586703296703297,1.4580784921204544,15100.0,-89.2847,37.5087,USC00110187
91,4,2002,ILLINOIS,UNION,91,82.0,4.282509589041096,2.5245060800113244,15800.0,-89.2847,37.5087,USC00110187
91,5,2003,ILLINOIS,UNION,91,129.0,3.388986301369863,1.1550475182124158,12600.0,-89.2847,37.5087,USC00110187
91,6,2004,ILLINOIS,UNION,91,149.0,3.209005464480874,0.8791998694289763,16400.0,-89.2847,37.5087,USC00110187
91,7,2005,ILLINOIS,UNION,91,150.0,3.123156164383562,0.7476229305121187,14800.0,-89.2847,37.5087,USC00110187
91,8,2006,ILLINOIS,UNION,91,147.0,4.224750684931506,2.4359818894900545,12800.0,-89.2847,37.5087,USC00110187
91,9,2007,ILLINOIS,UNION,91,144.0,3.199704109589041,0.8649441468656068,16700.0,-89.2847,37.5087,USC00110187
91,10,2008,ILLINOIS,UNION,91,154.0,4.96406006006006,3.5690844818429976,12700.0,-89.2847,37.5087,USC00110187
92,1,1999,ILLINOIS,VERMILION,92,157.0,2.116202739726027,-0.7956843427924154,225000.0,-87.6976,40.1225,USC00114198
92,2,2000,ILLINOIS,VERMILION,92,136.0,2.488494444444444,-0.22509142199443005,220200.0,-87.6976,40.1225,USC00114198
92,3,2001,ILLINOIS,VERMILION,92,156.0,3.007527472527472,0.5704046036516842,217800.0,-87.6976,40.1225,USC00114198
92,4,2002,ILLINOIS,VERMILION,92,149.0,2.964493150684931,0.5044480457067032,202400.0,-87.6976,40.1225,USC00114198
92,5,2003,ILLINOIS,VERMILION,92,165.0,3.251619834710743,0.9445127884901696,221800.0,-87.6976,40.1225,USC00114198
92,6,2004,ILLINOIS,VERMILION,92,167.0,3.864131147540983,1.8832783171874996,221700.0,-87.6976,40.1225,USC00114198
92,7,2005,ILLINOIS,VERMILION,92,165.0,2.585928767123288,-0.07575869698691357,234600.0,-87.6976,40.1225,USC00114198
92,8,2006,ILLINOIS,VERMILION,92,173.0,3.064793388429752,0.6581732157446339,225300.0,-87.6976,40.1225,USC00114198
92,9,2007,ILLINOIS,VERMILION,92,180.0,3.140363636363636,0.7739959642709179,252500.0,-87.6976,40.1225,USC00114198
92,10,2008,ILLINOIS,VERMILION,92,172.0,3.227743169398907,0.9079182148627482,229500.0,-87.6976,40.1225,USC00114198
94,1,1999,ILLINOIS,WARREN,94,162.0,2.520353591160221,-0.17626249739500616,133000.0,-90.6773,40.8759,USC00115768
94,2,2000,ILLINOIS,WARREN,94,152.0,2.51767032967033,-0.18037499840262217,140700.0,-90.6773,40.8759,USC00115768
94,3,2001,ILLINOIS,WARREN,94,169.0,2.883605555555556,0.3804756644362063,133100.0,-90.6773,40.8759,USC00115768
94,4,2002,ILLINOIS,WARREN,94,174.0,2.458861111111111,-0.27050895347672715,140400.0,-90.6773,40.8759,USC00115768
94,5,2003,ILLINOIS,WARREN,94,183.0,2.628378082191781,-0.010698749736342562,143800.0,-90.6773,40.8759,USC00115768
94,6,2004,ILLINOIS,WARREN,94,193.0,2.787754098360656,0.23356891838085864,146800.0,-90.6773,40.8759,USC00115768
94,7,2005,ILLINOIS,WARREN,94,158.0,1.902564383561644,-1.1231171920698795,150200.0,-90.6773,40.8759,USC00115768
94,8,2006,ILLINOIS,WARREN,94,173.0,2.140457300275482,-0.7585105879889005,141800.0,-90.6773,40.8759,USC00115768
94,9,2007,ILLINOIS,WARREN,94,198.0,2.198241573033708,-0.6699475162056021,167400.0,-90.6773,40.8759,USC00115768
94,10,2008,ILLINOIS,WARREN,94,207.0,3.297731092436975,1.015185212544258,167700.0,-90.6773,40.8759,USC00115768
95,1,1999,ILLINOIS,WASHINGTON,95,110.0,2.373682191780822,-0.4010584332397699,83000.0,-89.3227,38.3989,USC00116011
95,2,2000,ILLINOIS,WASHINGTON,95,134.0,3.027180327868852,0.6005255544790468,89800.0,-89.3227,38.3989,USC00116011
95,3,2001,ILLINOIS,WASHINGTON,95,137.0,2.375769863013698,-0.39785876370285783,86300.0,-89.3227,38.3989,USC00116011
95,4,2002,ILLINOIS,WASHINGTON,95,71.0,2.162131506849315,-0.7252916129803215,87800.0,-89.3227,38.3989,USC00116011
95,5,2003,ILLINOIS,WASHINGTON,95,116.0,2.675698630136986,0.061827093100358686,72300.0,-89.3227,38.3989,USC00116011
95,6,2004,ILLINOIS,WASHINGTON,95,155.0,2.939840659340659,0.4666644022282265,94400.0,-89.3227,38.3989,USC00116011
95,7,2005,ILLINOIS,WASHINGTON,95,128.0,2.615156164383562,-0.030963323470126616,96200.0,-89.3227,38.3989,USC00116011
95,8,2006,ILLINOIS,WASHINGTON,95,117.0,3.026427397260274,0.5993715753018,82700.0,-89.3227,38.3989,USC00116011
95,9,2007,ILLINOIS,WASHINGTON,95,105.0,2.274773480662983,-0.5526508798449872,100800.0,-89.3227,38.3989,USC00116011
95,10,2008,ILLINOIS,WASHINGTON,95,165.0,3.519218579234972,1.3546480327214123,81800.0,-89.3227,38.3989,USC00116011
96,1,1999,ILLINOIS,WAYNE,96,115.0,3.2004,0.8660107033779115,84500.0,-88.4664,38.4157,USC00112931
96,2,2000,ILLINOIS,WAYNE,96,134.0,3.069513661202186,0.6654077423109016,92400.0,-88.4664,38.4157,USC00112931
96,3,2001,ILLINOIS,WAYNE,96,133.0,2.746679452054794,0.1706158573554119,93300.0,-88.4664,38.4157,USC00112931
96,4,2002,ILLINOIS,WAYNE,96,77.0,3.327747945205479,1.061190545129624,79400.0,-88.4664,38.4157,USC00112931
96,5,2003,ILLINOIS,WAYNE,96,114.0,2.710493150684931,0.11515491871558059,65000.0,-88.4664,38.4157,USC00112931
96,6,2004,ILLINOIS,WAYNE,96,164.0,3.594169398907104,1.4695214144564992,103300.0,-88.4664,38.4157,USC00112931
96,7,2005,ILLINOIS,WAYNE,96,124.0,2.652038356164383,0.02556417168200738,102300.0,-88.4664,38.4157,USC00112931
96,8,2006,ILLINOIS,WAYNE,96,130.0,3.436306849315068,1.2275733610491177,85600.0,-88.4664,38.4157,USC00112931
96,9,2007,ILLINOIS,WAYNE,96,122.0,2.75572602739726,0.18448109201537044,107600.0,-88.4664,38.4157,USC00112931
96,10,2008,ILLINOIS,WAYNE,96,149.0,3.371398907103825,1.1280921965216615,75800.0,-88.4664,38.4157,USC00112931
97,1,1999,ILLINOIS,WHITE,97,118.0,2.939542699724518,0.4662077343908856,88500.0,-88.2461,38.0501,USC00111302
97,2,2000,ILLINOIS,WHITE,97,141.0,3.280950276243094,0.989466092821505,100900.0,-88.2461,38.0501,USC00111302
97,3,2001,ILLINOIS,WHITE,97,152.0,3.501024657534246,1.3267631166934306,95500.0,-88.2461,38.0501,USC00111302
97,4,2002,ILLINOIS,WHITE,97,77.0,3.264421917808219,0.9641339025099204,78200.0,-88.2461,38.0501,USC00111302
97,5,2003,ILLINOIS,WHITE,97,120.0,2.58968044077135,-0.07000869397154241,101400.0,-88.2461,38.0501,USC00111302
97,6,2004,ILLINOIS,WHITE,97,161.0,3.655087912087912,1.562888180156525,100600.0,-88.2461,38.0501,USC00111302
97,7,2005,ILLINOIS,WHITE,97,130.0,2.725802739726027,0.13861916198627877,95600.0,-88.2461,38.0501,USC00111302
97,8,2006,ILLINOIS,WHITE,97,150.0,3.918055248618784,1.9659250964345962,77100.0,-88.2461,38.0501,USC00111302
97,9,2007,ILLINOIS,WHITE,97,135.0,2.763828729281768,0.19689969891968911,102800.0,-88.2461,38.0501,USC00111302
97,10,2008,ILLINOIS,WHITE,97,160.0,3.777203296703296,1.7500483373637945,64500.0,-88.2461,38.0501,USC00111302
98,1,1999,ILLINOIS,WHITESIDE,98,145.0,2.30478904109589,-0.506647527957911,192000.0,-89.8505,41.7606,USC00131635
98,2,2000,ILLINOIS,WHITESIDE,98,139.0,2.586497267759563,-0.07488738442631537,194300.0,-89.8505,41.7606,USC00131635
98,3,2001,ILLINOIS,WHITESIDE,98,145.0,2.404997260273972,-0.35306339018607086,189600.0,-89.8505,41.7606,USC00131635
98,4,2002,ILLINOIS,WHITESIDE,98,154.0,1.986071232876712,-0.9951304105933465,205700.0,-89.8505,41.7606,USC00131635
98,5,2003,ILLINOIS,WHITESIDE,98,176.0,1.925934065934066,-1.0872996458984248,210500.0,-89.8505,41.7606,USC00131635
98,6,2004,ILLINOIS,WHITESIDE,98,183.0,2.476153005464481,-0.24400652975852458,217900.0,-89.8505,41.7606,USC00131635
98,7,2005,ILLINOIS,WHITESIDE,98,126.0,1.627687671232877,-1.5444070144301352,226300.0,-89.8505,41.7606,USC00131635
98,8,2006,ILLINOIS,WHITESIDE,98,174.0,2.206668493150685,-0.6570319961928371,208900.0,-89.8505,41.7606,USC00131635
98,9,2007,ILLINOIS,WHITESIDE,98,173.0,2.471802739726027,-0.25067396500484385,250500.0,-89.8505,41.7606,USC00131635
98,10,2008,ILLINOIS,WHITESIDE,98,181.0,2.539306010928962,-0.14721506922248007,245500.0,-89.8505,41.7606,USC00131635
99,1,1999,ILLINOIS,WILL,99,133.0,2.86358904109589,0.349797351422559,127000.0,-88.0901,41.5055,USC00117457
99,2,2000,ILLINOIS,WILL,99,140.0,2.755136612021858,0.18357772447762638,112100.0,-88.0901,41.5055,USC00117457
99,3,2001,ILLINOIS,WILL,99,127.0,2.343758904109589,-0.44692036326886087,123700.0,-88.0901,41.5055,USC00117457
99,4,2002,ILLINOIS,WILL,99,115.0,2.145430136986301,-0.7508889692756284,117700.0,-88.0901,41.5055,USC00117457
99,5,2003,ILLINOIS,WILL,99,160.0,3.040345205479452,0.6207027055478888,115300.0,-88.0901,41.5055,USC00117457
99,6,2004,ILLINOIS,WILL,99,164.0,2.931409836065574,0.4537429000397721,116400.0,-88.0901,41.5055,USC00117457
99,7,2005,ILLINOIS,WILL,99,122.0,1.871945205479452,-1.1700456786112752,110700.0,-88.0901,41.5055,USC00117457
99,8,2006,ILLINOIS,WILL,99,163.0,3.212230136986301,0.8841421640870861,91600.0,-88.0901,41.5055,USC00117457
99,9,2007,ILLINOIS,WILL,99,173.0,2.973539726027397,0.5183132803666617,113100.0,-88.0901,41.5055,USC00117457
99,10,2008,ILLINOIS,WILL,99,177.0,3.195819672131147,0.8589906633829886,98300.0,-88.0901,41.5055,USC00117457
101,1,1999,ILLINOIS,WINNEBAGO,101,155.0,2.629769863013698,-0.008565636711735184,84000.0,-89.1706,42.3121,USW00094822
101,2,2000,ILLINOIS,WINNEBAGO,101,130.0,3.037590163934426,0.6164801908311419,85800.0,-89.1706,42.3121,USW00094822
101,3,2001,ILLINOIS,WINNEBAGO,101,119.0,2.575490410958904,-0.09175704467148081,80100.0,-89.1706,42.3121,USW00094822
101,4,2002,ILLINOIS,WINNEBAGO,101,123.0,2.334016438356164,-0.4618521544411241,83500.0,-89.1706,42.3121,USW00094822
101,5,2003,ILLINOIS,WINNEBAGO,101,144.0,1.76547397260274,-1.333228824993855,83800.0,-89.1706,42.3121,USW00094822
101,6,2004,ILLINOIS,WINNEBAGO,101,172.0,2.55596174863388,-0.12168765105912763,87500.0,-89.1706,42.3121,USW00094822
101,7,2005,ILLINOIS,WINNEBAGO,101,130.0,1.64438904109589,-1.5188096581348296,90900.0,-89.1706,42.3121,USW00094822
101,8,2006,ILLINOIS,WINNEBAGO,101,158.0,2.633945205479452,-0.002166297637907602,86700.0,-89.1706,42.3121,USW00094822
101,9,2007,ILLINOIS,WINNEBAGO,101,177.0,2.581753424657534,-0.08215803606074114,99200.0,-89.1706,42.3121,USW00094822
101,10,2008,ILLINOIS,WINNEBAGO,101,168.0,3.068819672131147,0.6643440998874276,93100.0,-89.1706,42.3121,USW00094822
102,1,1999,ILLINOIS,WOODFORD,102,147.0,2.41891506849315,-0.3317322599399821,131000.0,-89.1706,40.7129,USC00111836
102,2,2000,ILLINOIS,WOODFORD,102,158.0,2.151324175824176,-0.741855470024434,136000.0,-89.1706,40.7129,USC00111836
102,3,2001,ILLINOIS,WOODFORD,102,168.0,2.626527472527473,-0.013535086834997975,135100.0,-89.1706,40.7129,USC00111836
102,4,2002,ILLINOIS,WOODFORD,102,158.0,2.510611570247934,-0.19119360678145103,134600.0,-89.1706,40.7129,USC00111836
102,5,2003,ILLINOIS,WOODFORD,102,187.0,2.545582417582418,-0.13759553389810306,137300.0,-89.1706,40.7129,USC00111836
102,6,2004,ILLINOIS,WOODFORD,102,182.0,2.565677595628415,-0.10679665713050644,145200.0,-89.1706,40.7129,USC00111836
102,7,2005,ILLINOIS,WOODFORD,102,144.0,1.731818181818182,-1.3848113763162158,149000.0,-89.1706,40.7129,USC00111836
102,8,2006,ILLINOIS,WOODFORD,102,177.0,2.472454293628809,-0.24967536084650774,146200.0,-89.1706,40.7129,USC00111836
102,9,2007,ILLINOIS,WOODFORD,102,204.0,2.49801652892562,-0.2104973982024986,170900.0,-89.1706,40.7129,USC00111836
102,10,2008,ILLINOIS,WOODFORD,102,206.0,3.068674418604651,0.6641214770546081,162800.0,-89.1706,40.7129,USC00111836
104,1,1999,INDIANA,ALLEN,104,124.2,1.971457534246575,-1.01752809735174,82300.0,-85.0233,41.0933,USW00014827
104,2,2000,INDIANA,ALLEN,104,135.3,2.568453551912568,-0.10254208743661448,74900.0,-85.0233,41.0933,USW00014827
104,3,2001,INDIANA,ALLEN,104,150.2,2.906038356164383,0.41485729867313004,80300.0,-85.0233,41.0933,USW00014827
104,4,2002,INDIANA,ALLEN,104,116.1,2.312443835616438,-0.494915406322562,73900.0,-85.0233,41.0933,USW00014827
104,5,2003,INDIANA,ALLEN,104,151.8,3.09253698630137,0.7006944439707223,78800.0,-85.0233,41.0933,USW00014827
104,6,2004,INDIANA,ALLEN,104,156.5,2.717661202185792,0.12614103361008355,74600.0,-85.0233,41.0933,USW00014827
104,7,2005,INDIANA,ALLEN,104,157.2,2.22267397260274,-0.6325011964098342,77500.0,-85.0233,41.0933,USW00014827
104,8,2006,INDIANA,ALLEN,104,165.3,2.933873972602739,0.4575195591653075,74000.0,-85.0233,41.0933,USW00014827
104,9,2007,INDIANA,ALLEN,104,157.2,2.800958904109589,0.25380726531515957,90300.0,-85.0233,41.0933,USW00014827
104,10,2008,INDIANA,ALLEN,104,151.0,2.705863387978142,0.10805911241104237,72800.0,-85.0233,41.0933,USW00014827
105,1,1999,INDIANA,BARTHOLOMEW,105,116.9,2.321587912087912,-0.48090073654686866,66100.0,-85.8896,39.2068,USC00121747
105,2,2000,INDIANA,BARTHOLOMEW,105,153.7,3.406383561643835,1.181711431020026,63000.0,-85.8896,39.2068,USC00121747
105,3,2001,INDIANA,BARTHOLOMEW,105,159.7,3.380635616438356,1.1422488400647628,64200.0,-85.8896,39.2068,USC00121747
105,4,2002,INDIANA,BARTHOLOMEW,105,108.2,3.541386301369863,1.3886233944070896,57000.0,-85.8896,39.2068,USC00121747
105,5,2003,INDIANA,BARTHOLOMEW,105,137.3,3.47318904109589,1.2841008562012532,63700.0,-85.8896,39.2068,USC00121747
105,6,2004,INDIANA,BARTHOLOMEW,105,166.7,3.279098360655738,0.9866277541997515,66100.0,-85.8896,39.2068,USC00121747
105,7,2005,INDIANA,BARTHOLOMEW,105,145.3,3.325660273972602,1.0579908755927103,66500.0,-85.8896,39.2068,USC00121747
105,8,2006,INDIANA,BARTHOLOMEW,105,153.5,3.747369863013699,1.7043241220492062,62500.0,-85.8896,39.2068,USC00121747
105,9,2007,INDIANA,BARTHOLOMEW,105,141.5,2.585357142857143,-0.07663479697916374,73700.0,-85.8896,39.2068,USC00121747
105,10,2008,INDIANA,BARTHOLOMEW,105,141.0,3.771136612021858,1.740750232442117,59600.0,-85.8896,39.2068,USC00121747
106,1,1999,INDIANA,BENTON,106,149.8,2.174044077134986,-0.7070338108661076,118400.0,-87.3414,40.6448,USC00120858
106,2,2000,INDIANA,BENTON,106,139.3,2.503016483516483,-0.20283421726749593,116400.0,-87.3414,40.6448,USC00120858
106,3,2001,INDIANA,BENTON,106,159.3,3.034311377245509,0.6114549580639554,117700.0,-87.3414,40.6448,USC00120858
106,4,2002,INDIANA,BENTON,106,160.1,2.76825205479452,0.20367910923684976,117800.0,-87.3414,40.6448,USC00120858
106,5,2003,INDIANA,BENTON,106,164.1,3.11758904109589,0.7390904784136817,118400.0,-87.3414,40.6448,USC00120858
106,6,2004,INDIANA,BENTON,106,170.8,3.137468656716418,0.7695589734069763,122000.0,-87.3414,40.6448,USC00120858
106,7,2005,INDIANA,BENTON,106,166.0,2.585232876712328,-0.07682525349921963,125200.0,-87.3414,40.6448,USC00120858
106,8,2006,INDIANA,BENTON,106,167.2,2.983282191780822,0.5332450715389243,127100.0,-87.3414,40.6448,USC00120858
106,9,2007,INDIANA,BENTON,106,170.5,2.589648725212464,-0.07005730282623966,141600.0,-87.3414,40.6448,USC00120858
106,10,2008,INDIANA,BENTON,106,187.0,3.039389830508474,0.619238449997097,130400.0,-87.3414,40.6448,USC00120858
107,1,1999,INDIANA,BLACKFORD,107,132.4,2.425873972602739,-0.3210666948169377,27100.0,-85.3136,40.4993,USC00123777
107,2,2000,INDIANA,BLACKFORD,107,144.8,2.598989071038251,-0.05574182080380223,25200.0,-85.3136,40.4993,USC00123777
107,3,2001,INDIANA,BLACKFORD,107,160.9,3.049391780821918,0.6345679402078472,24200.0,-85.3136,40.4993,USC00123777
107,4,2002,INDIANA,BLACKFORD,107,101.1,2.75572602739726,0.18448109201537044,19000.0,-85.3136,40.4993,USC00123777
107,5,2003,INDIANA,BLACKFORD,107,135.9,3.415430136986301,1.1955766656799847,22400.0,-85.3136,40.4993,USC00123777
107,6,2004,INDIANA,BLACKFORD,107,155.0,2.630912568306011,-0.00681426932404263,20500.0,-85.3136,40.4993,USC00123777
107,7,2005,INDIANA,BLACKFORD,107,154.5,3.181011834319527,0.8362954291874654,24900.0,-85.3136,40.4993,USC00123777
107,8,2006,INDIANA,BLACKFORD,107,151.7,3.298340057636887,1.016118543122614,22400.0,-85.3136,40.4993,USC00123777
107,9,2007,INDIANA,BLACKFORD,107,142.1,3.228235616438356,0.9086729638700891,28600.0,-85.3136,40.4993,USC00123777
107,10,2008,INDIANA,BLACKFORD,107,156.0,3.16320218579235,0.8089994694797583,24600.0,-85.3136,40.4993,USC00123777
108,1,1999,INDIANA,BOONE,108,141.5,2.338191780821917,-0.45545281536729787,109400.0,-86.4997,40.0106,USC00124910
108,2,2000,INDIANA,BOONE,108,137.2,2.384546448087431,-0.3844073296569634,105300.0,-86.4997,40.0106,USC00124910
108,3,2001,INDIANA,BOONE,108,158.8,2.739720547945205,0.15995029223236754,105500.0,-86.4997,40.0106,USC00124910
108,4,2002,INDIANA,BOONE,108,151.2,3.281819178082192,0.9907978153175321,108600.0,-86.4997,40.0106,USC00124910
108,5,2003,INDIANA,BOONE,108,145.6,3.428652054794521,1.21584123941377,109400.0,-86.4997,40.0106,USC00124910
108,6,2004,INDIANA,BOONE,108,178.6,2.614950819672131,-0.03127804506392243,108800.0,-86.4997,40.0106,USC00124910
108,7,2005,INDIANA,BOONE,108,163.6,2.929046831955923,0.45012124154001226,113800.0,-86.4997,40.0106,USC00124910
108,8,2006,INDIANA,BOONE,108,163.9,3.628771349862259,1.5225540982648682,109200.0,-86.4997,40.0106,USC00124910
108,9,2007,INDIANA,BOONE,108,154.0,2.845083798882682,0.32143528997804,133600.0,-86.4997,40.0106,USC00124910
108,10,2008,INDIANA,BOONE,108,173.0,3.36264606741573,1.1146771558435888,121500.0,-86.4997,40.0106,USC00124910
111,1,1999,INDIANA,CASS,111,142.0,2.427265753424658,-0.31893358179232695,90800.0,-86.3377,40.8199,USC00125117
111,2,2000,INDIANA,CASS,111,148.4,2.524732240437158,-0.16955156011541458,94100.0,-86.3377,40.8199,USC00125117
111,3,2001,INDIANA,CASS,111,161.2,3.215013698630137,0.888408390136305,94400.0,-86.3377,40.8199,USC00125117
111,4,2002,INDIANA,CASS,111,139.6,2.283208791208791,-0.5397225002405822,90500.0,-86.3377,40.8199,USC00125117
111,5,2003,INDIANA,CASS,111,139.0,3.70532967032967,1.6398912162646588,93800.0,-86.3377,40.8199,USC00125117
111,6,2004,INDIANA,CASS,111,178.4,3.040366120218579,0.6207347605250346,96900.0,-86.3377,40.8199,USC00125117
111,7,2005,INDIANA,CASS,111,171.9,2.500334246575342,-0.20694514800036162,100900.0,-86.3377,40.8199,USC00125117
111,8,2006,INDIANA,CASS,111,153.7,3.394501492537313,1.1635003765412764,96200.0,-86.3377,40.8199,USC00125117
111,9,2007,INDIANA,CASS,111,176.7,3.071027472527472,0.6677278853994655,111700.0,-86.3377,40.8199,USC00125117
111,10,2008,INDIANA,CASS,111,183.0,3.021628415300546,0.5920164150912628,106000.0,-86.3377,40.8199,USC00125117
114,1,1999,INDIANA,CLINTON,114,153.3,2.265123287671233,-0.5674412491592632,108700.0,-86.4997,40.3377,USC00123082
114,2,2000,INDIANA,CLINTON,114,144.3,2.433052631578947,-0.3100643223742177,106600.0,-86.4997,40.3377,USC00123082
114,3,2001,INDIANA,CLINTON,114,173.8,3.085187845303867,0.6894307822399481,107600.0,-86.4997,40.3377,USC00123082
114,4,2002,INDIANA,CLINTON,114,162.9,3.038953424657534,0.6185695925232794,107700.0,-86.4997,40.3377,USC00123082
114,5,2003,INDIANA,CLINTON,114,159.6,3.133594520547945,0.7636212781966846,107700.0,-86.4997,40.3377,USC00123082
114,6,2004,INDIANA,CLINTON,114,180.8,2.682961748633879,0.07295891243643199,107800.0,-86.4997,40.3377,USC00123082
114,7,2005,INDIANA,CLINTON,114,170.0,2.993720547945205,0.5492434192234902,112100.0,-86.4997,40.3377,USC00123082
114,8,2006,INDIANA,CLINTON,114,165.1,3.502416438356164,1.3288962297180402,107300.0,-86.4997,40.3377,USC00123082
114,9,2007,INDIANA,CLINTON,114,179.3,2.986424242424242,0.5380607357914498,130000.0,-86.4997,40.3377,USC00123082
114,10,2008,INDIANA,CLINTON,114,187.0,3.16320218579235,0.8089994694797583,111000.0,-86.4997,40.3377,USC00123082
118,1,1999,INDIANA,DECATUR,118,151.6,2.685441095890411,0.07675888427262191,83400.0,-85.52,39.3176,USC00123547
118,2,2000,INDIANA,DECATUR,118,158.3,3.517136612021858,1.3514571054509943,78000.0,-85.52,39.3176,USC00123547
118,3,2001,INDIANA,DECATUR,118,172.1,3.478756164383562,1.2926333082996901,79600.0,-85.52,39.3176,USC00123547
118,4,2002,INDIANA,DECATUR,118,112.5,3.404295890410959,1.178511761483114,64200.0,-85.52,39.3176,USC00123547
118,5,2003,INDIANA,DECATUR,118,152.0,3.278339726027397,0.9854650327560092,75000.0,-85.52,39.3176,USC00123547
118,6,2004,INDIANA,DECATUR,118,181.3,3.038978142076503,0.6186074756780893,76000.0,-85.52,39.3176,USC00123547
118,7,2005,INDIANA,DECATUR,118,157.2,3.138964187327824,0.7718510985574695,79700.0,-85.52,39.3176,USC00123547
118,8,2006,INDIANA,DECATUR,118,164.0,4.171167123287671,2.3538570380426127,72800.0,-85.52,39.3176,USC00123547
118,9,2007,INDIANA,DECATUR,118,142.6,2.894904109589041,0.3977923944762594,89800.0,-85.52,39.3176,USC00123547
118,10,2008,INDIANA,DECATUR,118,158.0,3.864027624309392,1.8831196522956006,73000.0,-85.52,39.3176,USC00123547
119,1,1999,INDIANA,DE KALB,119,119.3,2.472498630136986,-0.24960740849253915,40900.0,-85.0233,41.4139,USC00123207
119,2,2000,INDIANA,DE KALB,119,124.5,2.854377049180328,0.3356785910342677,38300.0,-85.0233,41.4139,USC00123207
119,3,2001,INDIANA,DE KALB,119,124.1,2.991632876712329,0.5460437496865781,42600.0,-85.0233,41.4139,USC00123207
119,4,2002,INDIANA,DE KALB,119,119.0,2.249117808219178,-0.5919720489422661,39600.0,-85.0233,41.4139,USC00123207
119,5,2003,INDIANA,DE KALB,119,148.9,3.059134246575342,0.6494997313801084,42800.0,-85.0233,41.4139,USC00123207
119,6,2004,INDIANA,DE KALB,119,145.0,2.510852459016393,-0.19082440858487437,43700.0,-85.0233,41.4139,USC00123207
119,7,2005,INDIANA,DE KALB,119,151.4,2.304093150684932,-0.5077140844702137,45400.0,-85.0233,41.4139,USC00123207
119,8,2006,INDIANA,DE KALB,119,146.9,3.142641095890411,0.7774865128566424,43700.0,-85.0233,41.4139,USC00123207
119,9,2007,INDIANA,DE KALB,119,146.5,3.144728767123287,0.7806861823935545,53000.0,-85.0233,41.4139,USC00123207
119,10,2008,INDIANA,DE KALB,119,121.0,2.972355191256831,0.5164978030246802,43300.0,-85.0233,41.4139,USC00123207
120,1,1999,INDIANA,DELAWARE,120,149.2,2.240767123287671,-0.6047707270899192,66300.0,-85.3963,40.2584,USC00126023
120,2,2000,INDIANA,DELAWARE,120,157.3,2.877972677595628,0.37184243343234874,66400.0,-85.3963,40.2584,USC00126023
120,3,2001,INDIANA,DELAWARE,120,165.5,3.048697802197802,0.6335043137958507,70900.0,-85.3963,40.2584,USC00126023
120,4,2002,INDIANA,DELAWARE,120,106.0,2.848975342465753,0.32739966466416554,59900.0,-85.3963,40.2584,USC00126023
120,5,2003,INDIANA,DELAWARE,120,142.9,3.821830136986301,1.8184456688657804,68400.0,-85.3963,40.2584,USC00126023
120,6,2004,INDIANA,DELAWARE,120,164.5,2.608704918032787,-0.040850826875179,62700.0,-85.3963,40.2584,USC00126023
120,7,2005,INDIANA,DELAWARE,120,165.4,3.168114457831325,0.8165282637422923,66500.0,-85.3963,40.2584,USC00126023
120,8,2006,INDIANA,DELAWARE,120,154.4,3.153079452054794,0.7934848605412083,61800.0,-85.3963,40.2584,USC00126023
120,9,2007,INDIANA,DELAWARE,120,134.2,3.119676712328767,0.7422901479505958,80100.0,-85.3963,40.2584,USC00126023
120,10,2008,INDIANA,DELAWARE,120,156.0,3.304081967213115,1.0249188814447798,64200.0,-85.3963,40.2584,USC00126023
125,1,1999,INDIANA,FOUNTAIN,125,143.1,2.084191780821917,-0.8447459423584205,101200.0,-87.3348,40.2227,USC00120331
125,2,2000,INDIANA,FOUNTAIN,125,139.7,2.509380821917808,-0.19307991334040311,96100.0,-87.3348,40.2227,USC00120331
125,3,2001,INDIANA,FOUNTAIN,125,154.9,2.54,-0.14615142679900742,98800.0,-87.3348,40.2227,USC00120331
125,4,2002,INDIANA,FOUNTAIN,125,140.2,3.164797783933518,0.8114449631403747,96600.0,-87.3348,40.2227,USC00120331
125,5,2003,INDIANA,FOUNTAIN,125,163.7,3.435385474860335,1.2261612163931621,102100.0,-87.3348,40.2227,USC00120331
125,6,2004,INDIANA,FOUNTAIN,125,172.7,2.784094707520891,0.22796035262142988,100700.0,-87.3348,40.2227,USC00120331
125,7,2005,INDIANA,FOUNTAIN,125,158.4,2.63533698630137,-3.318461329818135e-05,110800.0,-87.3348,40.2227,USC00120331
125,8,2006,INDIANA,FOUNTAIN,125,163.4,2.958603351955307,0.4954210450578705,107600.0,-87.3348,40.2227,USC00120331
125,9,2007,INDIANA,FOUNTAIN,125,171.1,2.668739726027397,0.051161527977314304,113300.0,-87.3348,40.2227,USC00120331
125,10,2008,INDIANA,FOUNTAIN,125,180.0,3.00427868852459,0.5654253545044378,103500.0,-87.3348,40.2227,USC00120331
126,1,1999,INDIANA,FRANKLIN,126,120.6,2.346010989010989,-0.44346870510541464,34500.0,-85.0649,39.4234,USC00121030
126,2,2000,INDIANA,FRANKLIN,126,157.8,3.205238095238095,0.8734258105586946,36000.0,-85.0649,39.4234,USC00121030
126,3,2001,INDIANA,FRANKLIN,126,159.3,3.468076923076923,1.276265767976248,38100.0,-85.0649,39.4234,USC00121030
126,4,2002,INDIANA,FRANKLIN,126,78.1,2.9464,0.4767175763867889,30600.0,-85.0649,39.4234,USC00121030
126,5,2003,INDIANA,FRANKLIN,126,138.8,3.124547945205479,0.749756043536726,35700.0,-85.0649,39.4234,USC00121030
126,6,2004,INDIANA,FRANKLIN,126,162.3,2.845779614325069,0.3225017315897545,35300.0,-85.0649,39.4234,USC00121030
126,7,2005,INDIANA,FRANKLIN,126,149.7,3.059134246575342,0.6494997313801084,37100.0,-85.0649,39.4234,USC00121030
126,8,2006,INDIANA,FRANKLIN,126,154.1,3.514131868131868,1.3468518844087045,34000.0,-85.0649,39.4234,USC00121030
126,9,2007,INDIANA,FRANKLIN,126,125.9,2.683353424657534,0.07355921473570777,40300.0,-85.0649,39.4234,USC00121030
126,10,2008,INDIANA,FRANKLIN,126,135.0,3.282568306010929,0.9919459663171161,34600.0,-85.0649,39.4234,USC00121030
128,1,1999,INDIANA,GIBSON,128,128.1,2.712138554216867,0.11767674661365021,101600.0,-87.5791,38.3338,USC00127125
128,2,2000,INDIANA,GIBSON,128,159.5,3.706948571428571,1.6423724252059206,103000.0,-87.5791,38.3338,USC00127125
128,3,2001,INDIANA,GIBSON,128,165.7,3.807193370165745,1.7960126266428902,102400.0,-87.5791,38.3338,USC00127125
128,4,2002,INDIANA,GIBSON,128,110.1,4.068305084745762,2.196205523740797,84600.0,-87.5791,38.3338,USC00127125
128,5,2003,INDIANA,GIBSON,128,136.7,3.425798319327731,1.2114674614473442,83200.0,-87.5791,38.3338,USC00127125
128,6,2004,INDIANA,GIBSON,128,185.2,3.697031161473088,1.627172505783784,104400.0,-87.5791,38.3338,USC00127125
128,7,2005,INDIANA,GIBSON,128,155.7,3.259413173652694,0.956457250247704,110000.0,-87.5791,38.3338,USC00127125
128,8,2006,INDIANA,GIBSON,128,163.8,4.874414364640884,3.4316889972326643,97100.0,-87.5791,38.3338,USC00127125
128,9,2007,INDIANA,GIBSON,128,162.3,3.288433234421365,1.000934849468603,111500.0,-87.5791,38.3338,USC00127125
128,10,2008,INDIANA,GIBSON,128,168.0,4.496937313432835,2.853148754586327,87400.0,-87.5791,38.3338,USC00127125
129,1,1999,INDIANA,GRANT,129,135.5,2.425873972602739,-0.3210666948169377,72600.0,-85.6846,40.4731,USC00123777
129,2,2000,INDIANA,GRANT,129,153.9,2.598989071038251,-0.05574182080380223,72500.0,-85.6846,40.4731,USC00123777
129,3,2001,INDIANA,GRANT,129,163.9,3.049391780821918,0.6345679402078472,78200.0,-85.6846,40.4731,USC00123777
129,4,2002,INDIANA,GRANT,129,109.6,2.75572602739726,0.18448109201537044,69900.0,-85.6846,40.4731,USC00123777
129,5,2003,INDIANA,GRANT,129,150.0,3.415430136986301,1.1955766656799847,69000.0,-85.6846,40.4731,USC00123777
129,6,2004,INDIANA,GRANT,129,176.2,2.630912568306011,-0.00681426932404263,72700.0,-85.6846,40.4731,USC00123777
129,7,2005,INDIANA,GRANT,129,166.5,3.181011834319527,0.8362954291874654,75800.0,-85.6846,40.4731,USC00123777
129,8,2006,INDIANA,GRANT,129,159.5,3.298340057636887,1.016118543122614,69400.0,-85.6846,40.4731,USC00123777
129,9,2007,INDIANA,GRANT,129,128.7,3.228235616438356,0.9086729638700891,87900.0,-85.6846,40.4731,USC00123777
129,10,2008,INDIANA,GRANT,129,166.0,3.16320218579235,0.8089994694797583,73500.0,-85.6846,40.4731,USC00123777
132,1,1999,INDIANA,HANCOCK,132,126.8,2.193446575342465,-0.6772965699266225,72700.0,-85.8486,39.825,USC00123527
132,2,2000,INDIANA,HANCOCK,132,156.2,3.152792349726776,0.7930448331276624,70200.0,-85.8486,39.825,USC00123527
132,3,2001,INDIANA,HANCOCK,132,159.8,3.323572602739726,1.0547912060557982,74000.0,-85.8486,39.825,USC00123527
132,4,2002,INDIANA,HANCOCK,132,117.0,3.439786301369863,1.2329061436106408,68600.0,-85.8486,39.825,USC00123527
132,5,2003,INDIANA,HANCOCK,132,146.6,3.571309589041096,1.4344853244361813,74200.0,-85.8486,39.825,USC00123527
132,6,2004,INDIANA,HANCOCK,132,168.9,3.028568306010929,0.6026528393259935,71500.0,-85.8486,39.825,USC00123527
132,7,2005,INDIANA,HANCOCK,132,148.5,3.90210989010989,1.9414864410215182,74700.0,-85.8486,39.825,USC00123527
132,8,2006,INDIANA,HANCOCK,132,155.4,4.24193956043956,2.462326421364036,67600.0,-85.8486,39.825,USC00123527
132,9,2007,INDIANA,HANCOCK,132,148.3,2.890032876712329,0.39032649889012916,80100.0,-85.8486,39.825,USC00123527
132,10,2008,INDIANA,HANCOCK,132,151.0,3.933868493150685,1.9901612673467972,67900.0,-85.8486,39.825,USC00123527
136,1,1999,INDIANA,HOWARD,136,147.5,2.290175342465753,-0.5290452147163038,66900.0,-86.1345,40.4483,USC00124662
136,2,2000,INDIANA,HOWARD,136,151.1,2.606622950819672,-0.044041754145598314,69700.0,-86.1345,40.4483,USC00124662
136,3,2001,INDIANA,HOWARD,136,169.1,3.091145205479452,0.6985613309461135,68400.0,-86.1345,40.4483,USC00124662
136,4,2002,INDIANA,HOWARD,136,141.5,2.510076712328767,-0.19201335682809909,68700.0,-86.1345,40.4483,USC00124662
136,5,2003,INDIANA,HOWARD,136,152.6,3.899769863013698,1.937899998243878,67400.0,-86.1345,40.4483,USC00124662
136,6,2004,INDIANA,HOWARD,136,183.1,3.553918032786885,1.4078301538950637,68500.0,-86.1345,40.4483,USC00124662
136,7,2005,INDIANA,HOWARD,136,168.6,2.810005479452055,0.26767249997511744,70600.0,-86.1345,40.4483,USC00124662
136,8,2006,INDIANA,HOWARD,136,166.4,3.368109589041096,1.1230508228432827,67500.0,-86.1345,40.4483,USC00124662
136,9,2007,INDIANA,HOWARD,136,170.5,3.192049315068493,0.8532120252302577,76000.0,-86.1345,40.4483,USC00124662
136,10,2008,INDIANA,HOWARD,136,188.0,3.311715846994535,1.0366189481029817,67600.0,-86.1345,40.4483,USC00124662
138,1,1999,INDIANA,JACKSON,138,100.2,2.969364383561644,0.5119139412928355,69600.0,-86.053,38.8794,USC00127935
138,2,2000,INDIANA,JACKSON,138,140.7,3.692021857923497,1.6194949961661933,64100.0,-86.053,38.8794,USC00127935
138,3,2001,INDIANA,JACKSON,138,157.0,3.21918904109589,0.8948077292101305,68600.0,-86.053,38.8794,USC00127935
138,4,2002,INDIANA,JACKSON,138,91.3,3.54973698630137,1.4014220725547435,49500.0,-86.053,38.8794,USC00127935
138,5,2003,INDIANA,JACKSON,138,133.8,3.589402739726027,1.4622157937560956,50900.0,-86.053,38.8794,USC00127935
138,6,2004,INDIANA,JACKSON,138,157.7,3.228235616438356,0.9086729638700891,64300.0,-86.053,38.8794,USC00127935
138,7,2005,INDIANA,JACKSON,138,128.1,3.259550684931507,0.9566680069237895,67800.0,-86.053,38.8794,USC00127935
138,8,2006,INDIANA,JACKSON,138,135.4,4.071654794520548,2.2013394567830766,52300.0,-86.053,38.8794,USC00127935
138,9,2007,INDIANA,JACKSON,138,113.0,2.918564383561644,0.4340553158946114,74500.0,-86.053,38.8794,USC00127935
138,10,2008,INDIANA,JACKSON,138,125.0,3.809300275482093,1.79924177529988,51900.0,-86.053,38.8794,USC00127935
144,1,1999,INDIANA,KNOX,144,139.8,2.823227397260274,0.28793707370890215,121000.0,-87.4208,38.6666,USC00129113
144,2,2000,INDIANA,KNOX,144,164.7,3.433209944751381,1.2228268899404922,126800.0,-87.4208,38.6666,USC00129113
144,3,2001,INDIANA,KNOX,144,166.8,2.877506849315068,0.37112848166864776,127500.0,-87.4208,38.6666,USC00129113
144,4,2002,INDIANA,KNOX,144,107.0,3.502416438356164,1.3288962297180402,110500.0,-87.4208,38.6666,USC00129113
144,5,2003,INDIANA,KNOX,144,151.0,3.262334246575342,0.9609342329730063,122700.0,-87.4208,38.6666,USC00129113
144,6,2004,INDIANA,KNOX,144,183.6,3.274934426229508,0.9802458996589128,128500.0,-87.4208,38.6666,USC00129113
144,7,2005,INDIANA,KNOX,144,157.7,3.348881542699724,1.0935809555749247,136800.0,-87.4208,38.6666,USC00129113
144,8,2006,INDIANA,KNOX,144,152.6,3.597057534246575,1.4739479153914448,117000.0,-87.4208,38.6666,USC00129113
144,9,2007,INDIANA,KNOX,144,166.9,2.836449315068493,0.3082016474426862,141600.0,-87.4208,38.6666,USC00129113
144,10,2008,INDIANA,KNOX,144,165.0,3.460229508196721,1.264238426726207,98600.0,-87.4208,38.6666,USC00129113
147,1,1999,INDIANA,LAKE,147,134.3,1.88766573816156,-1.1459516025255116,71200.0,-87.3016,41.4897,USC00121940
147,2,2000,INDIANA,LAKE,147,133.6,2.135404371584699,-0.7662549596837748,63100.0,-87.3016,41.4897,USC00121940
147,3,2001,INDIANA,LAKE,147,135.4,2.81497247706422,0.27528516939321696,63600.0,-87.3016,41.4897,USC00121940
147,4,2002,INDIANA,LAKE,147,114.6,2.319586776859504,-0.48396777666733726,58700.0,-87.3016,41.4897,USC00121940
147,5,2003,INDIANA,LAKE,147,135.4,2.704681318681319,0.10624741377765493,61800.0,-87.3016,41.4897,USC00121940
147,6,2004,INDIANA,LAKE,147,161.1,2.449781420765027,-0.28442494185049955,61500.0,-87.3016,41.4897,USC00121940
147,7,2005,INDIANA,LAKE,147,136.0,2.585232876712328,-0.07682525349921963,62800.0,-87.3016,41.4897,USC00121940
147,8,2006,INDIANA,LAKE,147,162.8,3.362542465753425,1.1145183707448478,57800.0,-87.3016,41.4897,USC00121940
147,9,2007,INDIANA,LAKE,147,162.3,3.166997260273972,0.814815990787297,64900.0,-87.3016,41.4897,USC00121940
147,10,2008,INDIANA,LAKE,147,165.0,3.819130718954248,1.814308405532103,59100.0,-87.3016,41.4897,USC00121940
151,1,1999,INDIANA,MARION,151,129.4,2.420306849315069,-0.32959914691537134,9600.0,-86.1752,39.8362,USW00053842
151,2,2000,INDIANA,MARION,151,153.7,2.679491803278689,0.06764070031906874,8600.0,-86.1752,39.8362,USW00053842
151,3,2001,INDIANA,MARION,151,167.3,2.853553672316384,0.33441664239624835,8800.0,-86.1752,39.8362,USW00053842
151,4,2002,INDIANA,MARION,151,119.9,2.925938888888889,0.4453578522680597,7200.0,-86.1752,39.8362,USW00053842
151,5,2003,INDIANA,MARION,151,140.5,2.834472527472527,0.30517192372366675,7400.0,-86.1752,39.8362,USW00053842
151,6,2004,INDIANA,MARION,151,166.9,2.683353424657534,0.07355921473570777,6800.0,-86.1752,39.8362,USW00053842
151,7,2005,INDIANA,MARION,151,145.1,2.893087912087912,0.39500879918315707,7200.0,-86.1752,39.8362,USW00053842
151,8,2006,INDIANA,MARION,151,140.0,3.569221917808219,1.4312856548992672,5900.0,-86.1752,39.8362,USW00053842
151,9,2007,INDIANA,MARION,151,145.4,2.645775342465753,0.015965163071267708,7300.0,-86.1752,39.8362,USW00053842
151,10,2008,INDIANA,MARION,151,121.0,3.545561643835616,1.3950227334809158,4100.0,-86.1752,39.8362,USW00053842
157,1,1999,INDIANA,MORGAN,157,136.2,2.678862637362637,0.06667640911097379,50900.0,-86.3377,39.5117,USC00125407
157,2,2000,INDIANA,MORGAN,157,157.1,3.522688524590164,1.3599662448387781,48900.0,-86.3377,39.5117,USC00125407
157,3,2001,INDIANA,MORGAN,157,163.4,2.770274725274725,0.20677915536327338,48400.0,-86.3377,39.5117,USC00125407
157,4,2002,INDIANA,MORGAN,157,119.2,3.442569863013698,1.2371723696598576,43500.0,-86.3377,39.5117,USC00125407
157,5,2003,INDIANA,MORGAN,157,139.3,3.395945205479452,1.1657130833354603,46600.0,-86.3377,39.5117,USC00125407
157,6,2004,INDIANA,MORGAN,157,169.2,2.933491803278689,0.4569338273101914,46300.0,-86.3377,39.5117,USC00125407
157,7,2005,INDIANA,MORGAN,157,150.8,3.281819178082192,0.9907978153175321,47000.0,-86.3377,39.5117,USC00125407
157,8,2006,INDIANA,MORGAN,157,153.0,3.893038461538461,1.9275831150575489,44400.0,-86.3377,39.5117,USC00125407
157,9,2007,INDIANA,MORGAN,157,154.2,2.842016438356164,0.31673409954112114,50600.0,-86.3377,39.5117,USC00125407
157,10,2008,INDIANA,MORGAN,157,134.0,4.483863387978142,2.8331110013489016,39800.0,-86.3377,39.5117,USC00125407
161,1,1999,INDIANA,ORANGE,161,105.4,2.747945054945055,0.17255558375965863,21900.0,-86.4997,38.5169,USC00126705
161,2,2000,INDIANA,ORANGE,161,162.9,3.867855555555555,1.8889865315268048,20100.0,-86.4997,38.5169,USC00126705
161,3,2001,INDIANA,ORANGE,161,150.9,3.100211111111111,0.712456192175857,22100.0,-86.4997,38.5169,USC00126705
161,4,2002,INDIANA,ORANGE,161,70.2,3.385267217630854,1.1493474641246182,19300.0,-86.4997,38.5169,USC00126705
161,5,2003,INDIANA,ORANGE,161,153.9,3.526074712643678,1.365156086318828,18100.0,-86.4997,38.5169,USC00126705
161,6,2004,INDIANA,ORANGE,161,154.9,3.863212290502793,1.8818700308502758,20500.0,-86.4997,38.5169,USC00126705
161,7,2005,INDIANA,ORANGE,161,144.0,2.938837078651685,0.4651262641786256,21900.0,-86.4997,38.5169,USC00126705
161,8,2006,INDIANA,ORANGE,161,153.8,4.515949720670391,2.8822881225593067,19600.0,-86.4997,38.5169,USC00126705
161,9,2007,INDIANA,ORANGE,161,145.5,2.692685393258427,0.08786185740352156,24800.0,-86.4997,38.5169,USC00126705
161,10,2008,INDIANA,ORANGE,161,160.0,4.385480597014925,2.6823246063245514,22400.0,-86.4997,38.5169,USC00126705
162,1,1999,INDIANA,OWEN,162,118.6,2.792608219178082,0.24100858716750578,17600.0,-86.822,39.3603,USC00128290
162,2,2000,INDIANA,OWEN,162,146.2,3.524684931506849,1.3630260381117827,17700.0,-86.822,39.3603,USC00128290
162,3,2001,INDIANA,OWEN,162,160.0,3.050783561643835,0.6367010532324546,18100.0,-86.822,39.3603,USC00128290
162,4,2002,INDIANA,OWEN,162,125.8,3.541386301369863,1.3886233944070896,13600.0,-86.822,39.3603,USC00128290
162,5,2003,INDIANA,OWEN,162,136.5,3.377156164383562,1.1369160575032413,18100.0,-86.822,39.3603,USC00128290
162,6,2004,INDIANA,OWEN,162,165.0,3.386666666666666,1.1514923298380666,18200.0,-86.822,39.3603,USC00128290
162,7,2005,INDIANA,OWEN,162,146.0,3.699443526170799,1.6308698167940785,18200.0,-86.822,39.3603,USC00128290
162,8,2006,INDIANA,OWEN,162,132.5,4.106449315068493,2.2546672823982985,15700.0,-86.822,39.3603,USC00128290
162,9,2007,INDIANA,OWEN,162,150.7,3.330531506849315,1.0654567711788427,20600.0,-86.822,39.3603,USC00128290
162,10,2008,INDIANA,OWEN,162,135.0,4.199795013850415,2.397733577555724,12800.0,-86.822,39.3603,USC00128290
163,1,1999,INDIANA,PARKE,163,135.0,2.778690410958904,0.21967745692141702,63800.0,-87.1423,39.6993,USC00127522
163,2,2000,INDIANA,PARKE,163,145.7,3.007054644808743,0.5696799241983297,59700.0,-87.1423,39.6993,USC00127522
163,3,2001,INDIANA,PARKE,163,146.4,3.529556164383561,1.370491933697913,63100.0,-87.1423,39.6993,USC00127522
163,4,2002,INDIANA,PARKE,163,123.5,3.39107397260274,1.15824718774933,53700.0,-87.1423,39.6993,USC00127522
163,5,2003,INDIANA,PARKE,163,155.2,3.569917808219178,1.4323522114115719,61200.0,-87.1423,39.6993,USC00127522
163,6,2004,INDIANA,PARKE,163,164.6,2.904698507462686,0.4128037794180959,58500.0,-87.1423,39.6993,USC00127522
163,7,2005,INDIANA,PARKE,163,154.0,3.415430136986301,1.1955766656799847,67900.0,-87.1423,39.6993,USC00127522
163,8,2006,INDIANA,PARKE,163,156.5,3.736730769230769,1.688018113832243,60600.0,-87.1423,39.6993,USC00127522
163,9,2007,INDIANA,PARKE,163,163.7,3.113413698630137,0.7326911393398554,71400.0,-87.1423,39.6993,USC00127522
163,10,2008,INDIANA,PARKE,163,149.0,4.094171270718232,2.2358493364201544,58200.0,-87.1423,39.6993,USC00127522
166,1,1999,INDIANA,PORTER,166,143.3,2.144734246575343,-0.7519555257879318,64400.0,-87.1024,41.5249,USW00004846
166,2,2000,INDIANA,PORTER,166,128.6,2.048701369863013,-0.8991403244859472,61600.0,-87.1024,41.5249,USW00004846
166,3,2001,INDIANA,PORTER,166,139.0,2.750158904109589,0.1759486399169348,62400.0,-87.1024,41.5249,USW00004846
166,4,2002,INDIANA,PORTER,166,107.2,1.950580821917808,-1.049524792720873,60800.0,-87.1024,41.5249,USW00004846
166,5,2003,INDIANA,PORTER,166,148.4,2.339583561643836,-0.4533197023426871,63300.0,-87.1024,41.5249,USW00004846
166,6,2004,INDIANA,PORTER,166,172.7,2.35578021978022,-0.42849589252883236,64300.0,-87.1024,41.5249,USW00004846
166,7,2005,INDIANA,PORTER,166,137.1,1.896626373626374,-1.1322180836281692,67200.0,-87.1024,41.5249,USW00004846
166,8,2006,INDIANA,PORTER,166,158.8,1.559474860335196,-1.64895338630105,61600.0,-87.1024,41.5249,USW00004846
166,9,2007,INDIANA,PORTER,166,153.6,1.8415,-1.2167075260245948,69900.0,-87.1024,41.5249,USW00004846
166,10,2008,INDIANA,PORTER,166,167.0,1.680147540983606,-1.4640043894820711,64000.0,-87.1024,41.5249,USW00004846
170,1,1999,INDIANA,RANDOLPH,170,133.6,2.208060273972603,-0.6548988831682276,79800.0,-85.0233,40.1205,USC00122825
170,2,2000,INDIANA,RANDOLPH,170,149.8,2.905732240437158,0.4143881303712697,84600.0,-85.0233,40.1205,USC00122825
170,3,2001,INDIANA,RANDOLPH,170,153.5,2.921347945205479,0.4383215419438282,86700.0,-85.0233,40.1205,USC00122825
170,4,2002,INDIANA,RANDOLPH,170,94.9,2.57201095890411,-0.09708982723300232,82000.0,-85.0233,40.1205,USC00122825
170,5,2003,INDIANA,RANDOLPH,170,140.6,3.304087671232876,1.0249276237112726,90700.0,-85.0233,40.1205,USC00122825
170,6,2004,INDIANA,RANDOLPH,170,164.9,2.420633879781421,-0.32909792363636514,89000.0,-85.0233,40.1205,USC00122825
170,7,2005,INDIANA,RANDOLPH,170,152.0,3.138465753424657,0.7710871737828148,89500.0,-85.0233,40.1205,USC00122825
170,8,2006,INDIANA,RANDOLPH,170,145.6,3.234498630136986,0.9182719724808287,87700.0,-85.0233,40.1205,USC00122825
170,9,2007,INDIANA,RANDOLPH,170,129.0,3.105758904109589,0.720959017704507,101300.0,-85.0233,40.1205,USC00122825
170,10,2008,INDIANA,RANDOLPH,170,147.0,3.029756906077348,0.6044745473440964,87800.0,-85.0233,40.1205,USC00122825
172,1,1999,INDIANA,RUSH,172,148.5,2.437008219178082,-0.30400179062006577,102500.0,-85.52,39.6482,USC00127646
172,2,2000,INDIANA,RUSH,172,157.1,3.4671,1.2747684867185898,100800.0,-85.52,39.6482,USC00127646
172,3,2001,INDIANA,RUSH,172,169.4,3.284381502890173,0.9947249627067671,104300.0,-85.52,39.6482,USC00127646
172,4,2002,INDIANA,RUSH,172,111.6,3.615898507462686,1.5028245349932396,97300.0,-85.52,39.6482,USC00127646
172,5,2003,INDIANA,RUSH,172,158.5,3.564443213296399,1.4239615729214208,100200.0,-85.52,39.6482,USC00127646
172,6,2004,INDIANA,RUSH,172,179.3,3.057046575342465,0.6463000618431943,101400.0,-85.52,39.6482,USC00127646
172,7,2005,INDIANA,RUSH,172,155.0,3.209446575342465,0.879875938037868,104600.0,-85.52,39.6482,USC00127646
172,8,2006,INDIANA,RUSH,172,152.5,3.885362637362637,1.9158187623188065,100400.0,-85.52,39.6482,USC00127646
172,9,2007,INDIANA,RUSH,172,136.2,2.812093150684931,0.2708721695120302,115600.0,-85.52,39.6482,USC00127646
172,10,2008,INDIANA,RUSH,172,171.0,3.521205479452055,1.3576932555502612,104500.0,-85.52,39.6482,USC00127646
175,1,1999,INDIANA,SHELBY,175,127.3,2.409130193905817,-0.3467290490160405,101000.0,-85.8486,39.4953,USC00125923
175,2,2000,INDIANA,SHELBY,175,154.1,3.067713432835821,0.6626486221138921,99200.0,-85.8486,39.4953,USC00125923
175,3,2001,INDIANA,SHELBY,175,158.2,2.938049315068493,0.4639188982391351,101400.0,-85.8486,39.4953,USC00125923
175,4,2002,INDIANA,SHELBY,175,121.9,2.915084931506849,0.4287225333330885,95900.0,-85.8486,39.4953,USC00125923
175,5,2003,INDIANA,SHELBY,175,154.7,3.312467032967033,1.0377702533635549,97300.0,-85.8486,39.4953,USC00125923
175,6,2004,INDIANA,SHELBY,175,170.6,2.699098901098901,0.09769152087675056,96900.0,-85.8486,39.4953,USC00125923
175,7,2005,INDIANA,SHELBY,175,147.3,3.470868131868132,1.2805437144267,98000.0,-85.8486,39.4953,USC00125923
175,8,2006,INDIANA,SHELBY,175,150.4,4.333342281879195,2.602414812091335,96300.0,-85.8486,39.4953,USC00125923
175,9,2007,INDIANA,SHELBY,175,127.8,2.92691506849315,0.44685399404226317,106700.0,-85.8486,39.4953,USC00125923
175,10,2008,INDIANA,SHELBY,175,153.0,3.842617486338798,1.8503054020598373,94000.0,-85.8486,39.4953,USC00125923
178,1,1999,INDIANA,STEUBEN,178,114.8,2.342367123287671,-0.4490534762934703,35600.0,-84.9818,41.6115,USC00120200
178,2,2000,INDIANA,STEUBEN,178,134.3,2.671535714285714,0.05544679967853792,34400.0,-84.9818,41.6115,USC00120200
178,3,2001,INDIANA,STEUBEN,178,123.9,2.725802739726027,0.13861916198627877,35600.0,-84.9818,41.6115,USC00120200
178,4,2002,INDIANA,STEUBEN,178,91.8,2.211539726027397,-0.6495661006067062,33100.0,-84.9818,41.6115,USC00120200
178,5,2003,INDIANA,STEUBEN,178,146.5,3.009030136986301,0.5727076624941884,32800.0,-84.9818,41.6115,USC00120200
178,6,2004,INDIANA,STEUBEN,178,144.2,2.589408219178082,-0.07042591442539205,33100.0,-84.9818,41.6115,USC00120200
178,7,2005,INDIANA,STEUBEN,178,149.5,2.46345205479452,-0.2634726431524977,34600.0,-84.9818,41.6115,USC00120200
178,8,2006,INDIANA,STEUBEN,178,148.8,2.891424657534246,0.39245961191473655,33700.0,-84.9818,41.6115,USC00120200
178,9,2007,INDIANA,STEUBEN,178,126.9,2.99093698630137,0.5449771931742734,39600.0,-84.9818,41.6115,USC00120200
178,10,2008,INDIANA,STEUBEN,178,114.0,2.847437158469945,0.32504216679953646,36000.0,-84.9818,41.6115,USC00120200
181,1,1999,INDIANA,TIPPECANOE,181,147.2,2.3368,-0.45758592839190526,101900.0,-86.822,40.347,USC00124715
181,2,2000,INDIANA,TIPPECANOE,181,139.7,2.53371978021978,-0.15577680631252466,100100.0,-86.822,40.347,USC00124715
181,3,2001,INDIANA,TIPPECANOE,181,157.5,2.522602739726027,-0.17281533960661907,103300.0,-86.822,40.347,USC00124715
181,4,2002,INDIANA,TIPPECANOE,181,147.7,3.107313186813187,0.7233411892553411,100100.0,-86.822,40.347,USC00124715
181,5,2003,INDIANA,TIPPECANOE,181,156.4,3.08001095890411,0.6814964267492429,97200.0,-86.822,40.347,USC00124715
181,6,2004,INDIANA,TIPPECANOE,181,169.7,2.879594520547945,0.3743281512055619,98400.0,-86.822,40.347,USC00124715
181,7,2005,INDIANA,TIPPECANOE,181,169.8,2.712132231404959,0.1176670559553078,103400.0,-86.822,40.347,USC00124715
181,8,2006,INDIANA,TIPPECANOE,181,164.3,3.139857534246575,0.7732202868074242,98400.0,-86.822,40.347,USC00124715
181,9,2007,INDIANA,TIPPECANOE,181,159.9,2.588280991735537,-0.07215355968499282,109500.0,-86.822,40.347,USC00124715
181,10,2008,INDIANA,TIPPECANOE,181,180.0,3.009620879120879,0.5736130634895242,97900.0,-86.822,40.347,USC00124715
182,1,1999,INDIANA,TIPTON,182,158.7,2.119682191780822,-0.7903515602308925,70300.0,-86.053,40.2826,USC00128784
182,2,2000,INDIANA,TIPTON,182,158.6,2.432431693989071,-0.3110160024373247,72500.0,-86.053,40.2826,USC00128784
182,3,2001,INDIANA,TIPTON,182,173.1,2.63533698630137,-3.318461329818135e-05,75300.0,-86.053,40.2826,USC00128784
182,4,2002,INDIANA,TIPTON,182,137.5,2.563660273972602,-0.10988850538065749,71100.0,-86.053,40.2826,USC00128784
182,5,2003,INDIANA,TIPTON,182,146.5,3.527468493150685,1.3672922641610008,71900.0,-86.053,40.2826,USC00128784
182,6,2004,INDIANA,TIPTON,182,180.8,2.726498630136986,0.1396857184985835,73000.0,-86.053,40.2826,USC00128784
182,7,2005,INDIANA,TIPTON,182,166.8,3.08627397260274,0.6910954353599826,75100.0,-86.053,40.2826,USC00128784
182,8,2006,INDIANA,TIPTON,182,177.1,3.49893698630137,1.3235634471565185,73100.0,-86.053,40.2826,USC00128784
182,9,2007,INDIANA,TIPTON,182,179.0,2.980498630136986,0.5289788454897061,79600.0,-86.053,40.2826,USC00128784
182,10,2008,INDIANA,TIPTON,182,184.0,3.050087671232876,0.6356344967201499,75400.0,-86.053,40.2826,USC00128784
184,1,1999,INDIANA,VANDERBURGH,184,126.9,2.737632876712329,0.15675062269545545,40300.0,-87.5791,38.0806,USW00093817
184,2,2000,INDIANA,VANDERBURGH,184,158.8,3.36931693989071,1.1249012692512421,39600.0,-87.5791,38.0806,USW00093817
184,3,2001,INDIANA,VANDERBURGH,184,167.6,3.471101369863014,1.2809011866643412,41300.0,-87.5791,38.0806,USW00093817
184,4,2002,INDIANA,VANDERBURGH,184,110.9,3.503112328767123,1.329962786230345,33100.0,-87.5791,38.0806,USW00093817
184,5,2003,INDIANA,VANDERBURGH,184,142.0,2.777298630136986,0.21754434389680827,30300.0,-87.5791,38.0806,USW00093817
184,6,2004,INDIANA,VANDERBURGH,184,161.7,3.017464480874317,0.5856345605504256,35300.0,-87.5791,38.0806,USW00093817
184,7,2005,INDIANA,VANDERBURGH,184,155.4,2.864980821917808,0.3519304644471684,39800.0,-87.5791,38.0806,USW00093817
184,8,2006,INDIANA,VANDERBURGH,184,150.7,4.605402739726027,3.019388301720586,35100.0,-87.5791,38.0806,USW00093817
184,9,2007,INDIANA,VANDERBURGH,184,149.8,2.629769863013698,-0.008565636711735184,39900.0,-87.5791,38.0806,USW00093817
184,10,2008,INDIANA,VANDERBURGH,184,154.0,3.739213114754098,1.691822680962358,34800.0,-87.5791,38.0806,USW00093817
185,1,1999,INDIANA,VERMILLION,185,140.6,2.212931506849315,-0.6474329875820968,39800.0,-87.4802,39.8512,USC00126830
185,2,2000,INDIANA,VERMILLION,185,153.7,2.272120218579235,-0.5567174022595905,37300.0,-87.4802,39.8512,USC00126830
185,3,2001,INDIANA,VERMILLION,185,160.6,2.485024657534246,-0.2304093912710598,38800.0,-87.4802,39.8512,USC00126830
185,4,2002,INDIANA,VERMILLION,185,120.1,2.993024657534246,0.5481768627111855,33500.0,-87.4802,39.8512,USC00126830
185,5,2003,INDIANA,VERMILLION,185,160.1,2.852454794520548,0.3327324472256884,33400.0,-87.4802,39.8512,USC00126830
185,6,2004,INDIANA,VERMILLION,185,170.5,2.342907103825136,-0.44822587506534417,32200.0,-87.4802,39.8512,USC00126830
185,7,2005,INDIANA,VERMILLION,185,160.9,2.631857534246575,-0.005365967174821053,31200.0,-87.4802,39.8512,USC00126830
185,8,2006,INDIANA,VERMILLION,185,170.3,2.930446280991736,0.45226610725346267,26500.0,-87.4802,39.8512,USC00126830
185,9,2007,INDIANA,VERMILLION,185,177.0,2.676769230769231,0.06346794927313584,39800.0,-87.4802,39.8512,USC00126830
185,10,2008,INDIANA,VERMILLION,185,156.0,3.243010928961748,0.9313183481791533,31200.0,-87.4802,39.8512,USC00126830
191,1,1999,INDIANA,WAYNE,191,128.8,2.09532602739726,-0.8276810381615486,59600.0,-84.9818,39.8319,USC00127370
191,2,2000,INDIANA,WAYNE,191,157.8,2.855765027322404,0.33780587588121236,60100.0,-84.9818,39.8319,USC00127370
191,3,2001,INDIANA,WAYNE,191,158.8,3.365149171270718,1.1185135382329268,59500.0,-84.9818,39.8319,USC00127370
191,4,2002,INDIANA,WAYNE,191,89.0,2.646763736263736,0.017480024930777445,56600.0,-84.9818,39.8319,USC00127370
191,5,2003,INDIANA,WAYNE,191,147.7,3.662471232876712,1.574204227548063,60900.0,-84.9818,39.8319,USC00127370
191,6,2004,INDIANA,WAYNE,191,160.3,2.680185792349727,0.06870434274254139,61300.0,-84.9818,39.8319,USC00127370
191,7,2005,INDIANA,WAYNE,191,148.5,3.260246575342466,0.9577345634360942,62800.0,-84.9818,39.8319,USC00127370
191,8,2006,INDIANA,WAYNE,191,156.0,3.851753424657534,1.864307598894872,60300.0,-84.9818,39.8319,USC00127370
191,9,2007,INDIANA,WAYNE,191,118.7,2.898383561643835,0.40312517703778095,69900.0,-84.9818,39.8319,USC00127370
191,10,2008,INDIANA,WAYNE,191,151.0,3.103084337349397,0.7168598426752872,59000.0,-84.9818,39.8319,USC00127370
192,1,1999,INDIANA,WELLS,192,116.5,2.004164383561644,-0.9673999412734302,82600.0,-85.1894,40.7778,USC00120830
192,2,2000,INDIANA,WELLS,192,140.9,2.468728358208955,-0.25538591616368106,80200.0,-85.1894,40.7778,USC00120830
192,3,2001,INDIANA,WELLS,192,164.5,2.906734246575343,0.41592385518543606,79600.0,-85.1894,40.7778,USC00120830
192,4,2002,INDIANA,WELLS,192,97.2,2.513556164383561,-0.18668057426657758,74100.0,-85.1894,40.7778,USC00120830
192,5,2003,INDIANA,WELLS,192,134.5,3.718096866096866,1.6594588602139484,79700.0,-85.1894,40.7778,USC00120830
192,6,2004,INDIANA,WELLS,192,168.0,2.827311475409836,0.29419653651881944,77200.0,-85.1894,40.7778,USC00120830
192,7,2005,INDIANA,WELLS,192,151.1,2.731197802197802,0.1468879050569469,80400.0,-85.1894,40.7778,USC00120830
192,8,2006,INDIANA,WELLS,192,154.4,2.90186301369863,0.4084579595993038,72500.0,-85.1894,40.7778,USC00120830
192,9,2007,INDIANA,WELLS,192,135.2,2.964493150684931,0.5044480457067032,89000.0,-85.1894,40.7778,USC00120830
192,10,2008,INDIANA,WELLS,192,158.0,2.69475956284153,0.09104083363547452,73600.0,-85.1894,40.7778,USC00120830
195,1,1999,IOWA,ADAIR,195,139.3,2.166306849315068,-0.7188922739064953,103600.0,-94.48,41.2742,USC00133438
195,2,2000,IOWA,ADAIR,195,131.8,1.61907650273224,-1.5576049227476958,102700.0,-94.48,41.2742,USC00133438
195,3,2001,IOWA,ADAIR,195,127.3,2.377215469613259,-0.39564315459442406,99600.0,-94.48,41.2742,USC00133438
195,4,2002,IOWA,ADAIR,195,154.3,1.674312328767123,-1.472947728105738,105000.0,-94.48,41.2742,USC00133438
195,5,2003,IOWA,ADAIR,195,131.3,2.24961432506887,-0.5912110623398237,100500.0,-94.48,41.2742,USC00133438
195,6,2004,IOWA,ADAIR,195,182.1,2.548327868852459,-0.13338771771733154,106000.0,-94.48,41.2742,USC00133438
195,7,2005,IOWA,ADAIR,195,159.0,1.823155555555555,-1.2448231407517323,106500.0,-94.48,41.2742,USC00133438
195,8,2006,IOWA,ADAIR,195,164.9,2.402213698630137,-0.3573296162352877,103300.0,-94.48,41.2742,USC00133438
195,9,2007,IOWA,ADAIR,195,160.7,3.178848484848485,0.8329797713907857,115100.0,-94.48,41.2742,USC00133438
195,10,2008,IOWA,ADAIR,195,169.0,3.166580110497237,0.8141766461376558,102000.0,-94.48,41.2742,USC00133438
200,1,1999,IOWA,BENTON,200,152.4,2.066098630136986,-0.8724764116783355,173000.0,-92.0665,42.1387,USC00130600
200,2,2000,IOWA,BENTON,200,148.7,2.094104395604396,-0.8295533722586973,175200.0,-92.0665,42.1387,USC00130600
200,3,2001,IOWA,BENTON,200,160.2,2.34932602739726,-0.4383879111704259,171200.0,-92.0665,42.1387,USC00130600
200,4,2002,IOWA,BENTON,200,177.8,2.031304109589041,-0.9258042372935574,171000.0,-92.0665,42.1387,USC00130600
200,5,2003,IOWA,BENTON,200,168.0,2.307691460055096,-0.5021991352316603,173500.0,-92.0665,42.1387,USC00130600
200,6,2004,IOWA,BENTON,200,171.8,2.614256830601093,-0.03234168748739508,179000.0,-92.0665,42.1387,USC00130600
200,7,2005,IOWA,BENTON,200,170.0,2.095149171270718,-0.8279520967226863,180500.0,-92.0665,42.1387,USC00130600
200,8,2006,IOWA,BENTON,200,171.4,2.064887052341598,-0.8743333365151844,179900.0,-92.0665,42.1387,USC00130600
200,9,2007,IOWA,BENTON,200,180.2,3.5052,1.3331624557672583,201800.0,-92.0665,42.1387,USC00130600
200,10,2008,IOWA,BENTON,200,179.0,3.033142061281337,0.6096628058272112,187500.0,-92.0665,42.1387,USC00130600
201,1,1999,IOWA,BLACK HAWK,201,152.4,2.675698630136986,0.061827093100358686,136700.0,-92.3814,42.4478,USW00094910
201,2,2000,IOWA,BLACK HAWK,201,144.0,2.232562841530055,-0.6173450203975513,137700.0,-92.3814,42.4478,USW00094910
201,3,2001,IOWA,BLACK HAWK,201,162.7,2.242158904109589,-0.6026376140653105,132600.0,-92.3814,42.4478,USW00094910
201,4,2002,IOWA,BLACK HAWK,201,176.7,1.909523287671233,-1.1124516269468352,133000.0,-92.3814,42.4478,USW00094910
201,5,2003,IOWA,BLACK HAWK,201,151.3,1.878483516483516,-1.1600247355561077,136500.0,-92.3814,42.4478,USW00094910
201,6,2004,IOWA,BLACK HAWK,201,178.1,1.966765027322404,-1.0247200685877165,138000.0,-92.3814,42.4478,USW00094910
201,7,2005,IOWA,BLACK HAWK,201,180.7,2.135687671232877,-0.7658207604478896,144000.0,-92.3814,42.4478,USW00094910
201,8,2006,IOWA,BLACK HAWK,201,185.5,2.336104109589041,-0.45865248490420996,139400.0,-92.3814,42.4478,USW00094910
201,9,2007,IOWA,BLACK HAWK,201,176.7,2.981890410958904,0.5311119585143156,158500.0,-92.3814,42.4478,USW00094910
201,10,2008,IOWA,BLACK HAWK,201,165.0,3.188879781420765,0.8483542391482592,139000.0,-92.3814,42.4478,USW00094910
202,1,1999,IOWA,BOONE,202,155.6,2.78773698630137,0.23354269158137553,138100.0,-93.9878,42.0882,USC00130200
202,2,2000,IOWA,BOONE,202,154.5,1.608202739726027,-1.5742705967746606,139900.0,-93.9878,42.0882,USC00130200
202,3,2001,IOWA,BOONE,202,154.0,2.210843835616438,-0.6506326571190109,137500.0,-93.9878,42.0882,USC00130200
202,4,2002,IOWA,BOONE,202,171.0,2.270648351648351,-0.5589732592676168,141500.0,-93.9878,42.0882,USC00130200
202,5,2003,IOWA,BOONE,202,170.4,2.434341597796143,-0.3080887881644609,142000.0,-93.9878,42.0882,USC00130200
202,6,2004,IOWA,BOONE,202,192.2,2.329027322404372,-0.4694987235348026,148000.0,-93.9878,42.0882,USC00130200
202,7,2005,IOWA,BOONE,202,192.4,2.417884615384615,-0.33331158400627825,144000.0,-93.9878,42.0882,USC00130200
202,8,2006,IOWA,BOONE,202,172.7,2.589817679558011,-0.06979835493058328,149700.0,-93.9878,42.0882,USC00130200
202,9,2007,IOWA,BOONE,202,182.2,2.812142857142857,0.270948352120052,166900.0,-93.9878,42.0882,USC00130200
202,10,2008,IOWA,BOONE,202,166.0,3.475276712328767,1.2873005257381673,158500.0,-93.9878,42.0882,USC00130200
205,1,1999,IOWA,BUENA VISTA,205,165.1,1.897693150684931,-1.1305830876560115,157500.0,-95.1432,42.6705,USC00137726
205,2,2000,IOWA,BUENA VISTA,205,135.7,1.970928961748634,-1.0183382140468775,160400.0,-95.1432,42.6705,USC00137726
205,3,2001,IOWA,BUENA VISTA,205,144.4,2.068882191780822,-0.8682101856291167,155800.0,-95.1432,42.6705,USC00137726
205,4,2002,IOWA,BUENA VISTA,205,159.2,1.817131652661064,-1.2540556761630997,157000.0,-95.1432,42.6705,USC00137726
205,5,2003,IOWA,BUENA VISTA,205,160.0,1.96867397260274,-1.0217943234009568,160000.0,-95.1432,42.6705,USC00137726
205,6,2004,IOWA,BUENA VISTA,205,192.5,2.25824043715847,-0.5779902507290503,166000.0,-95.1432,42.6705,USC00137726
205,7,2005,IOWA,BUENA VISTA,205,185.3,2.221978082191781,-0.633567752922139,171000.0,-95.1432,42.6705,USC00137726
205,8,2006,IOWA,BUENA VISTA,205,143.3,1.797592286501377,-1.2840026877840802,168500.0,-95.1432,42.6705,USC00137726
205,9,2007,IOWA,BUENA VISTA,205,163.0,2.343758904109589,-0.44692036326886087,183500.0,-95.1432,42.6705,USC00137726
205,10,2008,IOWA,BUENA VISTA,205,179.0,2.240767123287671,-0.6047707270899192,165000.0,-95.1432,42.6705,USC00137726
206,1,1999,IOWA,BUTLER,206,145.9,2.976540389972145,0.5229122482804434,138700.0,-92.8577,42.7502,USC00130157
206,2,2000,IOWA,BUTLER,206,140.9,2.186136752136752,-0.6884999712396318,146500.0,-92.8577,42.7502,USC00130157
206,3,2001,IOWA,BUTLER,206,157.9,2.270628242074928,-0.5590040802074603,137200.0,-92.8577,42.7502,USC00130157
206,4,2002,IOWA,BUTLER,206,175.1,2.075400560224089,-0.8582198075418742,140500.0,-92.8577,42.7502,USC00130157
206,5,2003,IOWA,BUTLER,206,160.1,1.825536312849162,-1.241174272832696,145500.0,-92.8577,42.7502,USC00130157
206,6,2004,IOWA,BUTLER,206,187.9,2.106083333333333,-0.8111938520755093,156000.0,-92.8577,42.7502,USC00130157
206,7,2005,IOWA,BUTLER,206,185.6,2.326180790960452,-0.473861460254811,157000.0,-92.8577,42.7502,USC00130157
206,8,2006,IOWA,BUTLER,206,176.6,2.396160220994475,-0.36660747937685373,154200.0,-92.8577,42.7502,USC00130157
206,9,2007,IOWA,BUTLER,206,176.2,2.966890756302521,0.5081227362112825,184000.0,-92.8577,42.7502,USC00130157
206,10,2008,IOWA,BUTLER,206,175.0,3.186226519337017,0.8442877167336559,161500.0,-92.8577,42.7502,USC00130157
207,1,1999,IOWA,CALHOUN,207,147.9,2.250132564841498,-0.590416782097235,160300.0,-94.645,42.3786,USC00137161
207,2,2000,IOWA,CALHOUN,207,149.5,1.569589743589743,-1.633450809406118,166500.0,-94.645,42.3786,USC00137161
207,3,2001,IOWA,CALHOUN,207,144.2,2.827099150141643,0.2938711161739613,162600.0,-94.645,42.3786,USC00137161
207,4,2002,IOWA,CALHOUN,207,166.8,2.128393351800554,-0.7770003999009653,162500.0,-94.645,42.3786,USC00137161
207,5,2003,IOWA,CALHOUN,207,160.0,2.04416338028169,-0.9060954746999881,160000.0,-94.645,42.3786,USC00137161
207,6,2004,IOWA,CALHOUN,207,184.2,2.469715068493151,-0.25387363454175593,167000.0,-94.645,42.3786,USC00137161
207,7,2005,IOWA,CALHOUN,207,182.5,2.208756164383562,-0.653832326655923,161500.0,-94.645,42.3786,USC00137161
207,8,2006,IOWA,CALHOUN,207,165.5,1.969738161559888,-1.0201632940826988,165500.0,-94.645,42.3786,USC00137161
207,9,2007,IOWA,CALHOUN,207,180.2,3.360939226519337,1.112061165962356,184900.0,-94.645,42.3786,USC00137161
207,10,2008,IOWA,CALHOUN,207,178.0,2.797469945355191,0.2484599123094798,181000.0,-94.645,42.3786,USC00137161
208,1,1999,IOWA,CARROLL,208,137.4,2.61809972299169,-0.026451878056584312,154300.0,-94.8106,42.0567,USC00131233
208,2,2000,IOWA,CARROLL,208,136.4,1.485604651162791,-1.7621705702389,154500.0,-94.8106,42.0567,USC00131233
208,3,2001,IOWA,CARROLL,208,142.7,2.311190082644628,-0.49683697094803564,153900.0,-94.8106,42.0567,USC00131233
208,4,2002,IOWA,CARROLL,208,159.2,2.334548476454294,-0.46103672619348823,154500.0,-94.8106,42.0567,USC00131233
208,5,2003,IOWA,CARROLL,208,161.8,2.150626373626373,-0.7429249566370483,152000.0,-94.8106,42.0567,USC00131233
208,6,2004,IOWA,CARROLL,208,193.5,2.187453551912568,-0.6864817779232981,159500.0,-94.8106,42.0567,USC00131233
208,7,2005,IOWA,CARROLL,208,177.0,1.891430136986301,-1.1401820962667515,163500.0,-94.8106,42.0567,USC00131233
208,8,2006,IOWA,CARROLL,208,162.5,2.250509589041096,-0.5898389359176567,161400.0,-94.8106,42.0567,USC00131233
208,9,2007,IOWA,CARROLL,208,169.3,2.693791780821918,0.08955756242027503,186500.0,-94.8106,42.0567,USC00131233
208,10,2008,IOWA,CARROLL,208,179.0,2.911284153005464,0.4228972697590536,181500.0,-94.8106,42.0567,USC00131233
209,1,1999,IOWA,CASS,209,135.2,2.650646575342466,0.0234310586574,119400.0,-94.9767,41.2538,USC00130364
209,2,2000,IOWA,CASS,209,132.2,1.809401098901099,-1.2659039102047915,120800.0,-94.9767,41.2538,USC00130364
209,3,2001,IOWA,CASS,209,126.7,2.438120879120879,-0.30229647224050216,114900.0,-94.9767,41.2538,USC00130364
209,4,2002,IOWA,CASS,209,135.0,1.687688888888889,-1.4524461418136632,120000.0,-94.9767,41.2538,USC00130364
209,5,2003,IOWA,CASS,209,133.2,1.779395604395604,-1.31189183454715,116000.0,-94.9767,41.2538,USC00130364
209,6,2004,IOWA,CASS,209,192.3,2.24961432506887,-0.5912110623398237,124000.0,-94.9767,41.2538,USC00130364
209,7,2005,IOWA,CASS,209,168.2,1.984679452054794,-0.997263523617956,124500.0,-94.9767,41.2538,USC00130364
209,8,2006,IOWA,CASS,209,170.8,2.754334246575342,0.182347978990761,126900.0,-94.9767,41.2538,USC00130364
209,9,2007,IOWA,CASS,209,157.5,3.266215469613259,0.9668827898745048,132000.0,-94.9767,41.2538,USC00130364
209,10,2008,IOWA,CASS,209,174.0,3.003340659340659,0.5639876839760071,129000.0,-94.9767,41.2538,USC00130364
211,1,1999,IOWA,CERRO GORDO,211,144.1,3.008334246575342,0.5716411059818837,148200.0,-93.203,43.1543,USW00014940
211,2,2000,IOWA,CERRO GORDO,211,149.4,2.213825136612022,-0.6460633658313231,157600.0,-93.203,43.1543,USW00014940
211,3,2001,IOWA,CERRO GORDO,211,146.8,1.752947945205479,-1.352426842215336,150200.0,-93.203,43.1543,USW00014940
211,4,2002,IOWA,CERRO GORDO,211,168.5,2.180920547945205,-0.6964945871481019,155500.0,-93.203,43.1543,USW00014940
211,5,2003,IOWA,CERRO GORDO,211,161.5,1.913002739726027,-1.1071188443853135,158500.0,-93.203,43.1543,USW00014940
211,6,2004,IOWA,CERRO GORDO,211,168.2,3.009830601092896,0.5739344938922216,170500.0,-93.203,43.1543,USW00014940
211,7,2005,IOWA,CERRO GORDO,211,184.0,2.880986301369863,0.3764612642301706,173000.0,-93.203,43.1543,USW00014940
211,8,2006,IOWA,CERRO GORDO,211,169.1,2.467627397260274,-0.2570733040786701,175300.0,-93.203,43.1543,USW00014940
211,9,2007,IOWA,CERRO GORDO,211,173.2,3.160038356164383,0.8041504256642527,201500.0,-93.203,43.1543,USW00014940
211,10,2008,IOWA,CERRO GORDO,211,166.0,3.024404371584699,0.5962709847851548,179500.0,-93.203,43.1543,USW00014940
212,1,1999,IOWA,CHEROKEE,212,170.7,1.565057534246575,-1.6403971005375364,138300.0,-95.6458,42.8028,USC00131442
212,2,2000,IOWA,CHEROKEE,212,119.9,1.598256830601093,-1.5895141954518857,138000.0,-95.6458,42.8028,USC00131442
212,3,2001,IOWA,CHEROKEE,212,150.0,2.243550684931507,-0.6005045010407011,133500.0,-95.6458,42.8028,USC00131442
212,4,2002,IOWA,CHEROKEE,212,161.9,1.88586301369863,-1.1487145483651864,134000.0,-95.6458,42.8028,USC00131442
212,5,2003,IOWA,CHEROKEE,212,165.2,1.804443835616438,-1.2735016603048068,135000.0,-95.6458,42.8028,USC00131442
212,6,2004,IOWA,CHEROKEE,212,187.1,2.258934426229508,-0.5769266083055777,141000.0,-95.6458,42.8028,USC00131442
212,7,2005,IOWA,CHEROKEE,212,185.5,2.286695890410959,-0.5343779972778253,142000.0,-95.6458,42.8028,USC00131442
212,8,2006,IOWA,CHEROKEE,212,144.4,1.893517808219178,-1.1369824267298376,142700.0,-95.6458,42.8028,USC00131442
212,9,2007,IOWA,CHEROKEE,212,166.5,2.684049315068493,0.07462577124801248,149000.0,-95.6458,42.8028,USC00131442
212,10,2008,IOWA,CHEROKEE,212,196.0,2.354010928961749,-0.4312075962897743,139000.0,-95.6458,42.8028,USC00131442
213,1,1999,IOWA,CHICKASAW,213,152.4,3.307567123287671,1.0302604062727954,124100.0,-92.3814,43.0725,USC00135952
213,2,2000,IOWA,CHICKASAW,213,144.4,2.843273224043716,0.31866031225869923,126300.0,-92.3814,43.0725,USC00135952
213,3,2001,IOWA,CHICKASAW,213,140.3,1.870501492537313,-1.1722583854054598,115300.0,-92.3814,43.0725,USC00135952
213,4,2002,IOWA,CHICKASAW,213,172.6,1.781518005540166,-1.3086389362074016,120500.0,-92.3814,43.0725,USC00135952
213,5,2003,IOWA,CHICKASAW,213,146.6,2.218919881305638,-0.6382549048352635,119000.0,-92.3814,43.0725,USC00135952
213,6,2004,IOWA,CHICKASAW,213,175.0,3.32078904109589,1.0505249800065795,127000.0,-92.3814,43.0725,USC00135952
213,7,2005,IOWA,CHICKASAW,213,187.2,2.803769230769231,0.2581145127686968,127000.0,-92.3814,43.0725,USC00135952
213,8,2006,IOWA,CHICKASAW,213,174.6,2.144576177285318,-0.7521977907020859,127800.0,-92.3814,43.0725,USC00135952
213,9,2007,IOWA,CHICKASAW,213,168.8,3.653424657534246,1.5603389928881044,147000.0,-92.3814,43.0725,USC00135952
213,10,2008,IOWA,CHICKASAW,213,159.0,3.125769662921348,0.7516285093237778,135500.0,-92.3814,43.0725,USC00135952
215,1,1999,IOWA,CLAY,215,160.8,1.671052631578947,-1.4779437033475855,136500.0,-95.1432,43.1368,USW00014972
215,2,2000,IOWA,CLAY,215,153.1,1.582615384615385,-1.6134870593040076,143400.0,-95.1432,43.1368,USW00014972
215,3,2001,IOWA,CLAY,215,136.7,1.541638888888889,-1.6762896898335586,138600.0,-95.1432,43.1368,USW00014972
215,4,2002,IOWA,CLAY,215,143.6,1.640853994490358,-1.5242276476904473,145500.0,-95.1432,43.1368,USW00014972
215,5,2003,IOWA,CLAY,215,160.1,1.381955922865014,-1.9210278046786433,143000.0,-95.1432,43.1368,USW00014972
215,6,2004,IOWA,CLAY,215,183.4,2.433819672131147,-0.3088887175903794,152000.0,-95.1432,43.1368,USW00014972
215,7,2005,IOWA,CLAY,215,183.1,1.576479338842975,-1.6228914705091342,153000.0,-95.1432,43.1368,USW00014972
215,8,2006,IOWA,CLAY,215,159.6,1.58106301369863,-1.6158663007545337,153200.0,-95.1432,43.1368,USW00014972
215,9,2007,IOWA,CLAY,215,163.6,1.928725274725275,-1.0830216994479724,164500.0,-95.1432,43.1368,USW00014972
215,10,2008,IOWA,CLAY,215,175.0,1.406021857923497,-1.8841431467539105,151000.0,-95.1432,43.1368,USW00014972
216,1,1999,IOWA,CLAYTON,216,154.1,2.720931506849315,0.13115326640014852,133100.0,-91.2891,42.7785,USC00133517
216,2,2000,IOWA,CLAYTON,216,147.2,2.188841530054645,-0.6843544930763514,134000.0,-91.2891,42.7785,USC00133517
216,3,2001,IOWA,CLAYTON,216,152.5,2.650646575342466,0.0234310586574,120900.0,-91.2891,42.7785,USC00133517
216,4,2002,IOWA,CLAYTON,216,172.5,2.180920547945205,-0.6964945871481019,127500.0,-91.2891,42.7785,USC00133517
216,5,2003,IOWA,CLAYTON,216,160.6,2.166306849315069,-0.7188922739064939,125500.0,-91.2891,42.7785,USC00133517
216,6,2004,IOWA,CLAYTON,216,176.3,2.621890710382513,-0.020641620829193207,129000.0,-91.2891,42.7785,USC00133517
216,7,2005,IOWA,CLAYTON,216,180.9,2.053572602739726,-0.8916744288998149,129000.0,-91.2891,42.7785,USC00133517
216,8,2006,IOWA,CLAYTON,216,173.2,2.196230136986301,-0.6730303438774043,122100.0,-91.2891,42.7785,USC00133517
216,9,2007,IOWA,CLAYTON,216,173.6,3.196224657534247,0.8596113643040854,141900.0,-91.2891,42.7785,USC00133517
216,10,2008,IOWA,CLAYTON,216,171.0,3.220803278688524,0.8972817906280168,129000.0,-91.2891,42.7785,USC00133517
217,1,1999,IOWA,CLINTON,217,158.9,2.30478904109589,-0.506647527957911,173800.0,-90.5636,41.8786,USC00131635
217,2,2000,IOWA,CLINTON,217,147.1,2.586497267759563,-0.07488738442631537,173400.0,-90.5636,41.8786,USC00131635
217,3,2001,IOWA,CLINTON,217,168.1,2.404997260273972,-0.35306339018607086,169400.0,-90.5636,41.8786,USC00131635
217,4,2002,IOWA,CLINTON,217,176.9,1.986071232876712,-0.9951304105933465,169000.0,-90.5636,41.8786,USC00131635
217,5,2003,IOWA,CLINTON,217,172.8,1.925934065934066,-1.0872996458984248,178000.0,-90.5636,41.8786,USC00131635
217,6,2004,IOWA,CLINTON,217,173.1,2.476153005464481,-0.24400652975852458,187000.0,-90.5636,41.8786,USC00131635
217,7,2005,IOWA,CLINTON,217,116.8,1.627687671232877,-1.5444070144301352,184500.0,-90.5636,41.8786,USC00131635
217,8,2006,IOWA,CLINTON,217,173.8,2.206668493150685,-0.6570319961928371,170400.0,-90.5636,41.8786,USC00131635
217,9,2007,IOWA,CLINTON,217,182.7,2.471802739726027,-0.25067396500484385,205800.0,-90.5636,41.8786,USC00131635
217,10,2008,IOWA,CLINTON,217,181.0,2.539306010928962,-0.14721506922248007,183000.0,-90.5636,41.8786,USC00131635
218,1,1999,IOWA,CRAWFORD,218,147.1,2.116898630136986,-0.7946177862801107,169900.0,-95.3103,42.0347,USC00132171
218,2,2000,IOWA,CRAWFORD,218,131.1,1.478071232876712,-1.7737166645755917,171700.0,-95.3103,42.0347,USC00132171
218,3,2001,IOWA,CRAWFORD,218,137.6,2.242158904109589,-0.6026376140653105,170600.0,-95.3103,42.0347,USC00132171
218,4,2002,IOWA,CRAWFORD,218,161.3,2.009731506849315,-0.9588674891749952,170500.0,-95.3103,42.0347,USC00132171
218,5,2003,IOWA,CRAWFORD,218,152.0,1.894909589041096,-1.1348493137052282,171000.0,-95.3103,42.0347,USC00132171
218,6,2004,IOWA,CRAWFORD,218,175.6,2.023672131147541,-0.9375013898629285,182000.0,-95.3103,42.0347,USC00132171
218,7,2005,IOWA,CRAWFORD,218,179.2,1.818361643835616,-1.252170530058718,186000.0,-95.3103,42.0347,USC00132171
218,8,2006,IOWA,CRAWFORD,218,138.7,2.682657534246575,0.07249265822340306,185500.0,-95.3103,42.0347,USC00132171
218,9,2007,IOWA,CRAWFORD,218,165.5,2.646471232876712,0.01703171958357242,209900.0,-95.3103,42.0347,USC00132171
218,10,2008,IOWA,CRAWFORD,218,191.0,3.007748633879781,0.5707435666218024,198500.0,-95.3103,42.0347,USC00132171
219,1,1999,IOWA,DALLAS,219,156.7,2.519763736263736,-0.1771665385647842,127800.0,-93.9878,41.612,USC00136566
219,2,2000,IOWA,DALLAS,219,144.3,1.648208791208791,-1.5129553177183888,129600.0,-93.9878,41.612,USC00136566
219,3,2001,IOWA,DALLAS,219,135.6,2.172569863013698,-0.7092932652957556,124500.0,-93.9878,41.612,USC00136566
219,4,2002,IOWA,DALLAS,219,154.2,2.006181318681318,-0.9643086854479338,124500.0,-93.9878,41.612,USC00136566
219,5,2003,IOWA,DALLAS,219,147.6,2.48262258953168,-0.2340909210504463,126000.0,-93.9878,41.612,USC00136566
219,6,2004,IOWA,DALLAS,219,189.6,2.372748633879781,-0.4024892508560039,126000.0,-93.9878,41.612,USC00136566
219,7,2005,IOWA,DALLAS,219,181.7,2.30478904109589,-0.506647527957911,132000.0,-93.9878,41.612,USC00136566
219,8,2006,IOWA,DALLAS,219,164.3,2.639087912087912,0.005715672192034458,127000.0,-93.9878,41.612,USC00136566
219,9,2007,IOWA,DALLAS,219,167.5,3.26710989010989,0.9682536235437113,142500.0,-93.9878,41.612,USC00136566
219,10,2008,IOWA,DALLAS,219,171.0,3.173260273972602,0.8244149993980366,131000.0,-93.9878,41.612,USC00136566
220,1,1999,IOWA,DAVIS,220,90.3,1.926920547945205,-1.085787714139225,31700.0,-92.3814,40.6914,USC00130753
220,2,2000,IOWA,DAVIS,220,149.7,2.134016393442623,-0.76838224453072,31700.0,-92.3814,40.6914,USC00130753
220,3,2001,IOWA,DAVIS,220,133.9,3.236586301369863,0.9214716420177422,27300.0,-92.3814,40.6914,USC00130753
220,4,2002,IOWA,DAVIS,220,155.4,2.137775342465754,-0.7626210909109762,32500.0,-92.3814,40.6914,USC00130753
220,5,2003,IOWA,DAVIS,220,125.7,2.372290410958904,-0.4031915462643793,35800.0,-92.3814,40.6914,USC00130753
220,6,2004,IOWA,DAVIS,220,180.3,3.064655737704918,0.6579622453465903,35500.0,-92.3814,40.6914,USC00130753
220,7,2005,IOWA,DAVIS,220,115.0,2.082104109589041,-0.8479456118953326,38500.0,-92.3814,40.6914,USC00130753
220,8,2006,IOWA,DAVIS,220,161.5,2.217802739726027,-0.6399670919959665,35200.0,-92.3814,40.6914,USC00130753
220,9,2007,IOWA,DAVIS,220,157.4,3.254679452054794,0.9492021113376572,42900.0,-92.3814,40.6914,USC00130753
220,10,2008,IOWA,DAVIS,220,142.0,3.596945355191257,1.4737759841503912,36000.0,-92.3814,40.6914,USC00130753
221,1,1999,IOWA,DECATUR,221,113.4,2.028442577030812,-0.9301899654730055,24000.0,-93.8248,40.8146,USW00094991
221,2,2000,IOWA,DECATUR,221,148.4,1.629486338797814,-1.5416502863956003,24700.0,-93.8248,40.8146,USW00094991
221,3,2001,IOWA,DECATUR,221,116.6,2.810005479452055,0.26767249997511744,24100.0,-93.8248,40.8146,USW00094991
221,4,2002,IOWA,DECATUR,221,132.1,1.504515068493151,-1.733187517108022,26500.0,-93.8248,40.8146,USW00094991
221,5,2003,IOWA,DECATUR,221,128.8,1.837313186813187,-1.2231244457002723,28500.0,-93.8248,40.8146,USW00094991
221,6,2004,IOWA,DECATUR,221,175.5,2.415081967213115,-0.3376070630241491,31000.0,-93.8248,40.8146,USW00094991
221,7,2005,IOWA,DECATUR,221,163.9,1.963047091412742,-1.0304183634547437,33000.0,-93.8248,40.8146,USW00094991
221,8,2006,IOWA,DECATUR,221,157.5,2.521906849315068,-0.17388189611892377,28800.0,-93.8248,40.8146,USW00094991
221,9,2007,IOWA,DECATUR,221,155.5,2.534402203856749,-0.154730889652807,36000.0,-93.8248,40.8146,USW00094991
221,10,2008,IOWA,DECATUR,221,112.0,3.404167597765363,1.1783151337462086,28500.0,-93.8248,40.8146,USW00094991
222,1,1999,IOWA,DELAWARE,222,159.3,2.561572602739726,-0.11308817491756958,166400.0,-91.4435,42.4634,USC00135086
222,2,2000,IOWA,DELAWARE,222,144.2,2.281142076502732,-0.5428900507544413,164100.0,-91.4435,42.4634,USC00135086
222,3,2001,IOWA,DELAWARE,222,169.3,2.47459880239521,-0.2463885792577987,154500.0,-91.4435,42.4634,USC00135086
222,4,2002,IOWA,DELAWARE,222,183.0,2.677786301369863,0.06502676263727282,153000.0,-91.4435,42.4634,USC00135086
222,5,2003,IOWA,DELAWARE,222,158.9,2.530953424657534,-0.16001666145896593,159500.0,-91.4435,42.4634,USC00135086
222,6,2004,IOWA,DELAWARE,222,176.6,2.199251366120218,-0.6683998567242576,169500.0,-91.4435,42.4634,USC00135086
222,7,2005,IOWA,DELAWARE,222,177.1,2.040350684931507,-0.9119390026335988,175000.0,-91.4435,42.4634,USC00135086
222,8,2006,IOWA,DELAWARE,222,180.5,2.498942465753425,-0.20907826102496901,168900.0,-91.4435,42.4634,USC00135086
222,9,2007,IOWA,DELAWARE,222,179.8,3.014597260273972,0.5812401145926233,191300.0,-91.4435,42.4634,USC00135086
222,10,2008,IOWA,DELAWARE,222,159.0,3.655934426229508,1.5641855901455963,173000.0,-91.4435,42.4634,USC00135086
223,1,1999,IOWA,DES MOINES,223,145.9,2.548350684931507,-0.13335274865135363,70300.0,-91.1737,40.9123,USC00131060
223,2,2000,IOWA,DES MOINES,223,143.9,2.442841530054645,-0.2950613660852288,72500.0,-91.1737,40.9123,USC00131060
223,3,2001,IOWA,DES MOINES,223,143.2,3.469860869565217,1.2789999337511015,64600.0,-91.1737,40.9123,USC00131060
223,4,2002,IOWA,DES MOINES,223,161.6,2.810701369863013,0.26873905648742075,73000.0,-91.1737,40.9123,USC00131060
223,5,2003,IOWA,DES MOINES,223,154.4,2.555393939393939,-0.1225579039510611,72200.0,-91.1737,40.9123,USC00131060
223,6,2004,IOWA,DES MOINES,223,189.9,2.592049180327868,-0.0663782450385328,73500.0,-91.1737,40.9123,USC00131060
223,7,2005,IOWA,DES MOINES,223,154.5,2.082104109589041,-0.8479456118953326,73000.0,-91.1737,40.9123,USC00131060
223,8,2006,IOWA,DES MOINES,223,159.2,2.322882191780822,-0.4789170586379947,71800.0,-91.1737,40.9123,USC00131060
223,9,2007,IOWA,DES MOINES,223,198.5,3.050783561643835,0.6367010532324546,80000.0,-91.1737,40.9123,USC00131060
223,10,2008,IOWA,DES MOINES,223,186.0,3.791956284153005,1.7726595051463065,70000.0,-91.1737,40.9123,USC00131060
224,1,1999,IOWA,DICKINSON,224,150.7,1.700756164383562,-1.4324185806381682,84800.0,-95.1849,43.4049,USC00134561
224,2,2000,IOWA,DICKINSON,224,150.9,1.881404371584699,-1.155548086674897,86100.0,-95.1849,43.4049,USC00134561
224,3,2001,IOWA,DICKINSON,224,129.7,2.348630136986301,-0.4394544676827306,84500.0,-95.1849,43.4049,USC00134561
224,4,2002,IOWA,DICKINSON,224,144.5,1.807307692307692,-1.2691123700426308,86500.0,-95.1849,43.4049,USC00134561
224,5,2003,IOWA,DICKINSON,224,160.6,1.619598901098901,-1.5568042688355208,85000.0,-95.1849,43.4049,USC00134561
224,6,2004,IOWA,DICKINSON,224,188.8,2.562207650273224,-0.11211486924787105,90000.0,-95.1849,43.4049,USC00134561
224,7,2005,IOWA,DICKINSON,224,170.4,2.404301369863013,-0.35412994669837555,90000.0,-95.1849,43.4049,USC00134561
224,8,2006,IOWA,DICKINSON,224,159.0,1.952668493150685,-1.0463251231839594,89500.0,-95.1849,43.4049,USC00134561
224,9,2007,IOWA,DICKINSON,224,165.8,2.421136490250696,-0.3283275976472211,95700.0,-95.1849,43.4049,USC00134561
224,10,2008,IOWA,DICKINSON,224,168.0,2.148683473389355,-0.7459027428917746,87500.0,-95.1849,43.4049,USC00134561
226,1,1999,IOWA,EMMET,226,148.6,2.114321329639889,-0.7985678861608614,111500.0,-94.6864,43.3494,USW00094971
226,2,2000,IOWA,EMMET,226,156.4,1.925125683060109,-1.0885386139960973,114800.0,-94.6864,43.3494,USW00094971
226,3,2001,IOWA,EMMET,226,131.1,2.371594520547945,-0.40425810277668334,108800.0,-94.6864,43.3494,USW00094971
226,4,2002,IOWA,EMMET,226,153.7,1.592573002754821,-1.598225514804462,114500.0,-94.6864,43.3494,USW00094971
226,5,2003,IOWA,EMMET,226,165.9,1.600269972451791,-1.5864287533804882,114500.0,-94.6864,43.3494,USW00094971
226,6,2004,IOWA,EMMET,226,181.8,2.72668306010929,0.13996838511523343,121000.0,-94.6864,43.3494,USW00094971
226,7,2005,IOWA,EMMET,226,182.7,1.754845303867403,-1.3495188552605168,116000.0,-94.6864,43.3494,USW00094971
226,8,2006,IOWA,EMMET,226,165.9,2.066794520547945,-0.8714098551660308,121900.0,-94.6864,43.3494,USW00094971
226,9,2007,IOWA,EMMET,226,175.7,2.243550684931507,-0.6005045010407011,132100.0,-94.6864,43.3494,USW00094971
226,10,2008,IOWA,EMMET,226,168.0,1.750934426229508,-1.3555128622878232,119500.0,-94.6864,43.3494,USW00094971
227,1,1999,IOWA,FAYETTE,227,153.2,2.906265193370166,0.415204960740678,168300.0,-91.9099,42.9258,USC00132864
227,2,2000,IOWA,FAYETTE,227,146.7,2.501136612021858,-0.20571540251349624,171600.0,-91.9099,42.9258,USC00132864
227,3,2001,IOWA,FAYETTE,227,160.2,2.821139726027397,0.284737404171988,157300.0,-91.9099,42.9258,USC00132864
227,4,2002,IOWA,FAYETTE,227,175.6,1.983287671232877,-0.9993966366425634,164000.0,-91.9099,42.9258,USC00132864
227,5,2003,IOWA,FAYETTE,227,153.3,2.163523287671233,-0.7231584999557121,167000.0,-91.9099,42.9258,USC00132864
227,6,2004,IOWA,FAYETTE,227,166.7,3.164590163934426,0.8111267543267036,173000.0,-91.9099,42.9258,USC00132864
227,7,2005,IOWA,FAYETTE,227,189.8,2.610284931506849,-0.03842921905625891,177000.0,-91.9099,42.9258,USC00132864
227,8,2006,IOWA,FAYETTE,227,173.9,2.512860273972603,-0.18774713077888025,174500.0,-91.9099,42.9258,USC00132864
227,9,2007,IOWA,FAYETTE,227,171.3,3.219884931506849,0.8958742857224353,198200.0,-91.9099,42.9258,USC00132864
227,10,2008,IOWA,FAYETTE,227,167.0,3.263830601092896,0.9632276208833443,183000.0,-91.9099,42.9258,USC00132864
229,1,1999,IOWA,FRANKLIN,229,149.3,2.303445054945055,-0.5087073884748055,162000.0,-93.3389,42.7372,USC00133584
229,2,2000,IOWA,FRANKLIN,229,146.1,2.361362637362637,-0.41993999962792933,166600.0,-93.3389,42.7372,USC00133584
229,3,2001,IOWA,FRANKLIN,229,153.3,2.738721763085399,0.1584195045108506,161500.0,-93.3389,42.7372,USC00133584
229,4,2002,IOWA,FRANKLIN,229,171.3,2.47053591160221,-0.2526155692634303,164000.0,-93.3389,42.7372,USC00133584
229,5,2003,IOWA,FRANKLIN,229,168.6,2.191192200557103,-0.6807517376809671,169000.0,-93.3389,42.7372,USC00133584
229,6,2004,IOWA,FRANKLIN,229,190.5,2.122562674094707,-0.7859367887064242,177500.0,-93.3389,42.7372,USC00133584
229,7,2005,IOWA,FRANKLIN,229,185.2,2.90025787965616,0.4059978507385443,185000.0,-93.3389,42.7372,USC00133584
229,8,2006,IOWA,FRANKLIN,229,177.6,2.287451428571428,-0.533220021635896,184600.0,-93.3389,42.7372,USC00133584
229,9,2007,IOWA,FRANKLIN,229,176.6,3.115214484679666,0.7354511142700256,217500.0,-93.3389,42.7372,USC00133584
229,10,2008,IOWA,FRANKLIN,229,167.0,3.255492957746479,0.9504489309224646,200000.0,-93.3389,42.7372,USC00133584
231,1,1999,IOWA,GREENE,231,148.5,2.183008219178082,-0.6932949176111884,154400.0,-94.48,42.0701,USC00134228
231,2,2000,IOWA,GREENE,231,147.0,1.673207650273224,-1.4746408137168003,157700.0,-94.48,42.0701,USC00134228
231,3,2001,IOWA,GREENE,231,140.7,2.242158904109589,-0.6026376140653105,153700.0,-94.48,42.0701,USC00134228
231,4,2002,IOWA,GREENE,231,165.2,2.348630136986301,-0.4394544676827306,155000.0,-94.48,42.0701,USC00134228
231,5,2003,IOWA,GREENE,231,169.3,2.51425205479452,-0.18561401775427286,153000.0,-94.48,42.0701,USC00134228
231,6,2004,IOWA,GREENE,231,186.7,2.551103825136612,-0.1291331480234396,159000.0,-94.48,42.0701,USC00134228
231,7,2005,IOWA,GREENE,231,185.3,2.099501369863014,-0.821281699087721,160000.0,-94.48,42.0701,USC00134228
231,8,2006,IOWA,GREENE,231,170.6,2.690312328767123,0.08422477985875215,160000.0,-94.48,42.0701,USC00134228
231,9,2007,IOWA,GREENE,231,179.9,2.76198904109589,0.19408010062611009,185900.0,-94.48,42.0701,USC00134228
231,10,2008,IOWA,GREENE,231,159.0,2.884218579234973,0.38141521524360733,178500.0,-94.48,42.0701,USC00134228
232,1,1999,IOWA,GRUNDY,232,139.3,1.986071232876712,-0.9951304105933465,154000.0,-92.8577,42.437,USC00133487
232,2,2000,IOWA,GRUNDY,232,146.5,2.753054644808743,0.18038679720720707,153500.0,-92.8577,42.437,USC00133487
232,3,2001,IOWA,GRUNDY,232,149.9,2.067490410958904,-0.8703432986537261,151500.0,-92.8577,42.437,USC00133487
232,4,2002,IOWA,GRUNDY,232,181.5,1.906403314917127,-1.1172334535199573,151500.0,-92.8577,42.437,USC00133487
232,5,2003,IOWA,GRUNDY,232,172.6,2.047309589041096,-0.9012734375105546,153500.0,-92.8577,42.437,USC00133487
232,6,2004,IOWA,GRUNDY,232,190.6,2.22893698630137,-0.6229021877990946,153500.0,-92.8577,42.437,USC00133487
232,7,2005,IOWA,GRUNDY,232,189.9,2.059289256198347,-0.8829127993689834,156000.0,-92.8577,42.437,USC00133487
232,8,2006,IOWA,GRUNDY,232,176.8,2.434224657534247,-0.30826801666928255,152800.0,-92.8577,42.437,USC00133487
232,9,2007,IOWA,GRUNDY,232,176.0,3.19732967032967,0.8613049622824135,173100.0,-92.8577,42.437,USC00133487
232,10,2008,IOWA,GRUNDY,232,181.0,3.323631868131868,1.0548820391653624,154000.0,-92.8577,42.437,USC00133487
233,1,1999,IOWA,GUTHRIE,233,134.9,2.45417032967033,-0.27769828015040265,102100.0,-94.48,41.7531,USC00133509
233,2,2000,IOWA,GUTHRIE,233,136.1,1.766616246498599,-1.3314781187859837,104300.0,-94.48,41.7531,USC00133509
233,3,2001,IOWA,GUTHRIE,233,127.9,1.934633333333333,-1.073966712794517,100900.0,-94.48,41.7531,USC00133509
233,4,2002,IOWA,GUTHRIE,233,149.0,2.439358490566037,-0.30039964692756654,104000.0,-94.48,41.7531,USC00133509
233,5,2003,IOWA,GUTHRIE,233,135.9,1.914275280898876,-1.1051684840215208,104500.0,-94.48,41.7531,USC00133509
233,6,2004,IOWA,GUTHRIE,233,172.9,2.615494444444444,-0.03044485849886909,108000.0,-94.48,41.7531,USC00133509
233,7,2005,IOWA,GUTHRIE,233,161.2,2.410871508379888,-0.3440602232023158,108000.0,-94.48,41.7531,USC00133509
233,8,2006,IOWA,GUTHRIE,233,159.2,2.664906593406593,0.045286676858714243,107000.0,-94.48,41.7531,USC00133509
233,9,2007,IOWA,GUTHRIE,233,158.8,3.787819718309859,1.7663195970672396,120600.0,-94.48,41.7531,USC00133509
233,10,2008,IOWA,GUTHRIE,233,171.0,3.555286516853932,1.409927561145844,112000.0,-94.48,41.7531,USC00133509
234,1,1999,IOWA,HAMILTON,234,156.0,2.651703081232493,0.02505031252201859,160500.0,-93.6623,42.4141,USC00138806
234,2,2000,IOWA,HAMILTON,234,154.4,1.971823691460055,-1.0169669064595903,164200.0,-93.6623,42.4141,USC00138806
234,3,2001,IOWA,HAMILTON,234,163.6,2.5781,-0.087757457750339,160800.0,-93.6623,42.4141,USC00138806
234,4,2002,IOWA,HAMILTON,234,182.6,2.441767955801105,-0.2967067797789997,166500.0,-93.6623,42.4141,USC00138806
234,5,2003,IOWA,HAMILTON,234,166.9,2.038906344410876,-0.9141526712860258,166000.0,-93.6623,42.4141,USC00138806
234,6,2004,IOWA,HAMILTON,234,181.4,3.100624309392265,0.7130894805653761,175500.0,-93.6623,42.4141,USC00138806
234,7,2005,IOWA,HAMILTON,234,189.0,2.392243767313019,-0.37261003252791597,176000.0,-93.6623,42.4141,USC00138806
234,8,2006,IOWA,HAMILTON,234,184.7,2.006110192837466,-0.9644176964800717,183300.0,-93.6623,42.4141,USC00138806
234,9,2007,IOWA,HAMILTON,234,180.5,2.992569060773481,0.5474785922873855,207900.0,-93.6623,42.4141,USC00138806
234,10,2008,IOWA,HAMILTON,234,157.0,2.907837535014005,0.4176148103281914,197000.0,-93.6623,42.4141,USC00138806
235,1,1999,IOWA,HANCOCK,235,150.6,2.789743016759776,0.23661723437662044,163400.0,-93.6623,43.0387,USC00132977
235,2,2000,IOWA,HANCOCK,235,154.5,2.445657142857143,-0.2907460168242811,166700.0,-93.6623,43.0387,USC00132977
235,3,2001,IOWA,HANCOCK,235,145.0,2.084251428571429,-0.8446545232287924,159100.0,-93.6623,43.0387,USC00132977
235,4,2002,IOWA,HANCOCK,235,167.9,2.564258426966292,-0.10897174613131651,159000.0,-93.6623,43.0387,USC00132977
235,5,2003,IOWA,HANCOCK,235,169.1,1.58493063583815,-1.6099385892714082,162000.0,-93.6623,43.0387,USC00132977
235,6,2004,IOWA,HANCOCK,235,176.5,3.422505681818182,1.2064210002184446,172000.0,-93.6623,43.0387,USC00132977
235,7,2005,IOWA,HANCOCK,235,182.3,2.64966573816156,0.021927778447856275,172000.0,-93.6623,43.0387,USC00132977
235,8,2006,IOWA,HANCOCK,235,175.9,1.99621546961326,-0.9795828450811067,174600.0,-93.6623,43.0387,USC00132977
235,9,2007,IOWA,HANCOCK,235,178.6,2.529176136363636,-0.1627406225514706,202500.0,-93.6623,43.0387,USC00132977
235,10,2008,IOWA,HANCOCK,235,171.0,2.708130681818182,0.11153408055591213,185000.0,-93.6623,43.0387,USC00132977
236,1,1999,IOWA,HARDIN,236,152.0,2.141254794520548,-0.7572883083494547,156900.0,-93.178,42.4285,USC00132573
236,2,2000,IOWA,HARDIN,236,146.8,2.295071428571428,-0.521541227826162,158800.0,-93.178,42.4285,USC00132573
236,3,2001,IOWA,HARDIN,236,157.7,2.457884931506849,-0.27200509525093264,155600.0,-93.178,42.4285,USC00132573
236,4,2002,IOWA,HARDIN,236,177.6,2.199709589041096,-0.6676975613158814,161000.0,-93.178,42.4285,USC00132573
236,5,2003,IOWA,HARDIN,236,169.5,2.156564383561644,-0.7338240650787565,167000.0,-93.178,42.4285,USC00132573
236,6,2004,IOWA,HARDIN,236,194.0,2.383852459016393,-0.385470972080436,175000.0,-93.178,42.4285,USC00132573
236,7,2005,IOWA,HARDIN,236,188.6,2.211539726027397,-0.6495661006067062,183000.0,-93.178,42.4285,USC00132573
236,8,2006,IOWA,HARDIN,236,183.5,2.525386301369863,-0.1685491135574009,182700.0,-93.178,42.4285,USC00132573
236,9,2007,IOWA,HARDIN,236,177.3,3.785643835616438,1.7629847302259498,205600.0,-93.178,42.4285,USC00132573
236,10,2008,IOWA,HARDIN,236,159.0,3.428306010928961,1.2153108752464474,187000.0,-93.178,42.4285,USC00132573
237,1,1999,IOWA,HARRISON,237,140.0,2.352109589041096,-0.43412168512120775,147700.0,-95.8143,41.6934,USC00134894
237,2,2000,IOWA,HARRISON,237,138.5,1.71831693989071,-1.4055040561910548,153900.0,-95.8143,41.6934,USC00134894
237,3,2001,IOWA,HARRISON,237,137.6,2.471106849315068,-0.25174052151714854,151400.0,-95.8143,41.6934,USC00134894
237,4,2002,IOWA,HARRISON,237,155.1,1.654827397260274,-1.502811310450262,158000.0,-95.8143,41.6934,USC00134894
237,5,2003,IOWA,HARRISON,237,150.5,1.887254794520548,-1.1465814353405772,152500.0,-95.8143,41.6934,USC00134894
237,6,2004,IOWA,HARRISON,237,177.3,2.250606557377049,-0.5896903173872543,165000.0,-95.8143,41.6934,USC00134894
237,7,2005,IOWA,HARRISON,237,155.0,2.107156164383562,-0.8095495774523719,162500.0,-95.8143,41.6934,USC00134894
237,8,2006,IOWA,HARRISON,237,142.1,2.553917808219178,-0.12482029655291867,163700.0,-95.8143,41.6934,USC00134894
237,9,2007,IOWA,HARRISON,237,161.8,3.145424657534246,0.7817527389058592,174800.0,-95.8143,41.6934,USC00134894
237,10,2008,IOWA,HARRISON,237,176.0,2.435901639344262,-0.3056977903199601,170500.0,-95.8143,41.6934,USC00134894
238,1,1999,IOWA,HENRY,238,131.1,1.98659217877095,-0.9943319828131849,78400.0,-91.5984,41.0284,USC00135796
238,2,2000,IOWA,HENRY,238,143.7,2.059835616438356,-0.8820754202890752,80800.0,-91.5984,41.0284,USC00135796
238,3,2001,IOWA,HENRY,238,142.9,2.9008356545961,0.40688337756163956,68000.0,-91.5984,41.0284,USC00135796
238,4,2002,IOWA,HENRY,238,157.1,2.075623268698061,-0.8578784733755752,84000.0,-91.5984,41.0284,USC00135796
238,5,2003,IOWA,HENRY,238,160.7,2.291597796143251,-0.5268650909363305,83700.0,-91.5984,41.0284,USC00135796
238,6,2004,IOWA,HENRY,238,182.2,2.448022284122563,-0.28712108281250515,83500.0,-91.5984,41.0284,USC00135796
238,7,2005,IOWA,HENRY,238,153.0,1.903250688705234,-1.1220653264186264,84000.0,-91.5984,41.0284,USC00135796
238,8,2006,IOWA,HENRY,238,167.9,2.17813698630137,-0.7007608131973186,78700.0,-91.5984,41.0284,USC00135796
238,9,2007,IOWA,HENRY,238,181.5,3.321592286501377,1.051756074162656,89500.0,-91.5984,41.0284,USC00135796
238,10,2008,IOWA,HENRY,238,178.0,3.220861111111111,0.8973704274966408,85000.0,-91.5984,41.0284,USC00135796
239,1,1999,IOWA,HOWARD,239,154.4,2.860109589041096,0.3444645688610375,107800.0,-92.3814,43.3819,USC00131954
239,2,2000,IOWA,HOWARD,239,140.3,2.617726775956284,-0.027023475370030466,111800.0,-92.3814,43.3819,USC00131954
239,3,2001,IOWA,HOWARD,239,130.5,2.098109589041096,-0.8234148121123304,101400.0,-92.3814,43.3819,USC00131954
239,4,2002,IOWA,HOWARD,239,164.6,2.10785205479452,-0.8084830209400692,104500.0,-92.3814,43.3819,USC00131954
239,5,2003,IOWA,HOWARD,239,151.4,1.585238356164383,-1.6094669616807076,104000.0,-92.3814,43.3819,USC00131954
239,6,2004,IOWA,HOWARD,239,160.8,2.867471074380165,0.3557471501482242,111500.0,-92.3814,43.3819,USC00131954
239,7,2005,IOWA,HOWARD,239,183.8,2.645775342465754,0.01596516307126907,119000.0,-92.3814,43.3819,USC00131954
239,8,2006,IOWA,HOWARD,239,165.3,2.134295890410959,-0.7679538734724991,114800.0,-92.3814,43.3819,USC00131954
239,9,2007,IOWA,HOWARD,239,169.8,3.064005479452055,0.6569656269662401,128500.0,-92.3814,43.3819,USC00131954
239,10,2008,IOWA,HOWARD,239,164.0,2.891852459016393,0.3931152819018092,118000.0,-92.3814,43.3819,USC00131954
243,1,1999,IOWA,JACKSON,243,143.6,2.045221917808219,-0.9044731070474686,90800.0,-90.5258,42.1561,USC00130608
243,2,2000,IOWA,JACKSON,243,140.7,2.494767123287671,-0.21547760009879657,89900.0,-90.5258,42.1561,USC00130608
243,3,2001,IOWA,JACKSON,243,152.0,2.585232876712328,-0.07682525349921963,84300.0,-90.5258,42.1561,USC00130608
243,4,2002,IOWA,JACKSON,243,164.7,2.471802739726027,-0.25067396500484385,85000.0,-90.5258,42.1561,USC00130608
243,5,2003,IOWA,JACKSON,243,155.2,1.984679452054794,-0.997263523617956,87000.0,-90.5258,42.1561,USC00130608
243,6,2004,IOWA,JACKSON,243,169.6,2.540693989071038,-0.14508778437553477,91000.0,-90.5258,42.1561,USC00130608
243,7,2005,IOWA,JACKSON,243,124.2,1.601939726027397,-1.5838696053854002,92000.0,-90.5258,42.1561,USC00130608
243,8,2006,IOWA,JACKSON,243,166.5,2.679178082191781,0.06715987566188224,87600.0,-90.5258,42.1561,USC00130608
243,9,2007,IOWA,JACKSON,243,169.4,2.75282967032967,0.18004199004794944,102600.0,-90.5258,42.1561,USC00130608
243,10,2008,IOWA,JACKSON,243,169.0,3.441491803278689,1.2355200812924367,90000.0,-90.5258,42.1561,USC00130608
245,1,1999,IOWA,JEFFERSON,245,95.5,2.25731129476584,-0.5794143009158498,59200.0,-91.9099,41.0236,USC00132789
245,2,2000,IOWA,JEFFERSON,245,141.9,2.283224043715847,-0.539699123484022,62300.0,-91.9099,41.0236,USC00132789
245,3,2001,IOWA,JEFFERSON,245,134.4,3.254022222222222,0.9481948079649257,40900.0,-91.9099,41.0236,USC00132789
245,4,2002,IOWA,JEFFERSON,245,134.9,2.265065934065934,-0.5675291521685197,63000.0,-91.9099,41.0236,USC00132789
245,5,2003,IOWA,JEFFERSON,245,146.9,2.161822222222222,-0.7257656380969018,65000.0,-91.9099,41.0236,USC00132789
245,6,2004,IOWA,JEFFERSON,245,173.1,2.492808743169399,-0.21847911159517214,67000.0,-91.9099,41.0236,USC00132789
245,7,2005,IOWA,JEFFERSON,245,143.6,2.029208791208791,-0.9290156272317048,67500.0,-91.9099,41.0236,USC00132789
245,8,2006,IOWA,JEFFERSON,245,170.7,2.482241095890411,-0.2346756173202766,63800.0,-91.9099,41.0236,USC00132789
245,9,2007,IOWA,JEFFERSON,245,159.9,3.411950684931507,1.1902438831184632,78000.0,-91.9099,41.0236,USC00132789
245,10,2008,IOWA,JEFFERSON,245,167.0,3.292203856749311,1.0067138941802116,66000.0,-91.9099,41.0236,USC00132789
248,1,1999,IOWA,KEOKUK,248,123.5,2.212235616438356,-0.6484995440944015,98400.0,-92.2237,41.3397,USC00137678
248,2,2000,IOWA,KEOKUK,248,147.6,2.530978142076503,-0.15997877830415597,98700.0,-92.2237,41.3397,USC00137678
248,3,2001,IOWA,KEOKUK,248,142.1,2.658997260273972,0.03622973680505176,79500.0,-92.2237,41.3397,USC00137678
248,4,2002,IOWA,KEOKUK,248,160.8,1.84758904109589,-1.2073751565419315,102000.0,-92.2237,41.3397,USC00137678
248,5,2003,IOWA,KEOKUK,248,155.2,2.055660273972602,-0.8884747593629028,100500.0,-92.2237,41.3397,USC00137678
248,6,2004,IOWA,KEOKUK,248,190.5,2.173573770491803,-0.7077546263927585,104500.0,-92.2237,41.3397,USC00137678
248,7,2005,IOWA,KEOKUK,248,135.0,1.691234159779614,-1.4470124820062578,107500.0,-92.2237,41.3397,USC00137678
248,8,2006,IOWA,KEOKUK,248,166.6,2.233375690607735,-0.6160992071722683,102400.0,-92.2237,41.3397,USC00137678
248,9,2007,IOWA,KEOKUK,248,174.5,3.212230136986301,0.8841421640870861,123400.0,-92.2237,41.3397,USC00137678
248,10,2008,IOWA,KEOKUK,248,157.0,3.093803278688525,0.7026352271324572,111500.0,-92.2237,41.3397,USC00137678
251,1,1999,IOWA,LINN,251,150.8,2.149605479452055,-0.7444896302018009,138000.0,-91.6761,42.066,USW00014990
251,2,2000,IOWA,LINN,251,140.9,2.248524590163934,-0.5928812446576736,136100.0,-91.6761,42.066,USW00014990
251,3,2001,IOWA,LINN,251,164.9,2.414043835616438,-0.3391981555261124,132900.0,-91.6761,42.066,USW00014990
251,4,2002,IOWA,LINN,251,176.6,2.542087671232876,-0.14295175726209533,132500.0,-91.6761,42.066,USW00014990
251,5,2003,IOWA,LINN,251,162.5,2.189967123287671,-0.682629352488144,137500.0,-91.6761,42.066,USW00014990
251,6,2004,IOWA,LINN,251,172.4,2.349846994535519,-0.4375894508306129,143000.0,-91.6761,42.066,USW00014990
251,7,2005,IOWA,LINN,251,152.0,1.861506849315068,-1.1860440262958427,140500.0,-91.6761,42.066,USW00014990
251,8,2006,IOWA,LINN,251,176.2,2.119682191780822,-0.7903515602308925,136100.0,-91.6761,42.066,USW00014990
251,9,2007,IOWA,LINN,251,176.7,2.835057534246575,0.3060685344180768,160500.0,-91.6761,42.066,USW00014990
251,10,2008,IOWA,LINN,251,172.0,3.326983606557377,1.0600190814193888,141000.0,-91.6761,42.066,USW00014990
253,1,1999,IOWA,LUCAS,253,128.0,2.44466301369863,-0.2922696689847167,20800.0,-93.3389,40.9912,USC00131394
253,2,2000,IOWA,LUCAS,253,130.4,2.280432876712329,-0.543977005888565,22900.0,-93.3389,40.9912,USC00131394
253,3,2001,IOWA,LUCAS,253,118.4,2.836449315068493,0.3082016474426862,16100.0,-93.3389,40.9912,USC00131394
253,4,2002,IOWA,LUCAS,253,140.9,2.123857534246575,-0.7839522211570663,22000.0,-93.3389,40.9912,USC00131394
253,5,2003,IOWA,LUCAS,253,119.1,2.243550684931507,-0.6005045010407011,23000.0,-93.3389,40.9912,USC00131394
253,6,2004,IOWA,LUCAS,253,154.8,2.438818681318681,-0.3012269856278893,25000.0,-93.3389,40.9912,USC00131394
253,7,2005,IOWA,LUCAS,253,154.8,1.818361643835616,-1.252170530058718,25000.0,-93.3389,40.9912,USC00131394
253,8,2006,IOWA,LUCAS,253,137.8,2.293654794520548,-0.5237124321547809,23900.0,-93.3389,40.9912,USC00131394
253,9,2007,IOWA,LUCAS,253,141.9,3.237282191780822,0.9225381985300469,29200.0,-93.3389,40.9912,USC00131394
253,10,2008,IOWA,LUCAS,253,114.0,3.584066298342541,1.4540368963026227,24500.0,-93.3389,40.9912,USC00131394
254,1,1999,IOWA,LYON,254,163.4,1.514928571428571,-1.7172272607274675,148100.0,-96.1527,43.3954,USC00137147
254,2,2000,IOWA,LYON,254,154.1,1.865923076923077,-1.1792754945831405,150200.0,-96.1527,43.3954,USC00137147
254,3,2001,IOWA,LYON,254,151.3,2.528804407713499,-0.16331035250660458,148100.0,-96.1527,43.3954,USC00137147
254,4,2002,IOWA,LYON,254,152.9,1.390685082872928,-1.9076490566649162,144500.0,-96.1527,43.3954,USC00137147
254,5,2003,IOWA,LYON,254,158.3,1.330846796657382,-1.9993602123918441,144000.0,-96.1527,43.3954,USC00137147
254,6,2004,IOWA,LYON,254,185.9,2.125505494505494,-0.7814264746911151,149000.0,-96.1527,43.3954,USC00137147
254,7,2005,IOWA,LYON,254,185.2,2.60332602739726,-0.04909478417930329,153000.0,-96.1527,43.3954,USC00137147
254,8,2006,IOWA,LYON,254,163.9,2.020169863013698,-0.9428691414904293,149000.0,-96.1527,43.3954,USC00137147
254,9,2007,IOWA,LYON,254,163.7,1.849873626373626,-1.2038736866732396,161500.0,-96.1527,43.3954,USC00137147
254,10,2008,IOWA,LYON,254,190.0,2.094275482093664,-0.8292911565327401,163500.0,-96.1527,43.3954,USC00137147
255,1,1999,IOWA,MADISON,255,134.5,2.146754820936639,-0.7488586922783763,59600.0,-93.9878,41.2922,USC00139132
255,2,2000,IOWA,MADISON,255,133.1,1.82584487534626,-1.2407013544887298,60700.0,-93.9878,41.2922,USC00139132
255,3,2001,IOWA,MADISON,255,144.5,2.11154945054945,-0.8028162069433747,57900.0,-93.9878,41.2922,USC00139132
255,4,2002,IOWA,MADISON,255,150.4,1.799166666666667,-1.2815897138564478,62500.0,-93.9878,41.2922,USC00139132
255,5,2003,IOWA,MADISON,255,134.7,2.14612602739726,-0.7498224127633237,62500.0,-93.9878,41.2922,USC00139132
255,6,2004,IOWA,MADISON,255,175.6,2.651732240437158,0.02509500338014708,64000.0,-93.9878,41.2922,USC00139132
255,7,2005,IOWA,MADISON,255,154.9,1.83521978021978,-1.2263329055381118,66000.0,-93.9878,41.2922,USC00139132
255,8,2006,IOWA,MADISON,255,158.4,2.360460273972603,-0.42132300697355396,61300.0,-93.9878,41.2922,USC00139132
255,9,2007,IOWA,MADISON,255,162.6,3.13055,0.7589550934553525,72600.0,-93.9878,41.2922,USC00139132
255,10,2008,IOWA,MADISON,255,165.0,3.465893854748603,1.272919888070866,62000.0,-93.9878,41.2922,USC00139132
256,1,1999,IOWA,MAHASKA,256,135.4,2.15794459833795,-0.731708678755184,110600.0,-92.6984,41.3296,USC00136327
256,2,2000,IOWA,MAHASKA,256,143.3,2.625849162011173,-0.014574699519885279,114000.0,-92.6984,41.3296,USC00136327
256,3,2001,IOWA,MAHASKA,256,142.8,2.373005524861878,-0.4020955268649949,107200.0,-92.6984,41.3296,USC00136327
256,4,2002,IOWA,MAHASKA,256,168.8,1.821961538461538,-1.2466531511777588,118500.0,-92.6984,41.3296,USC00136327
256,5,2003,IOWA,MAHASKA,256,162.2,3.53651506849315,1.3811574988209574,116800.0,-92.6984,41.3296,USC00136327
256,6,2004,IOWA,MAHASKA,256,192.7,2.393568306010929,-0.3705799781518128,120000.0,-92.6984,41.3296,USC00136327
256,7,2005,IOWA,MAHASKA,256,160.5,1.805835616438356,-1.2713685472801979,120000.0,-92.6984,41.3296,USC00136327
256,8,2006,IOWA,MAHASKA,256,166.0,1.84650303030303,-1.2090396310990124,119800.0,-92.6984,41.3296,USC00136327
256,9,2007,IOWA,MAHASKA,256,179.9,3.391769863013698,1.1593137442616328,133900.0,-92.6984,41.3296,USC00136327
256,10,2008,IOWA,MAHASKA,256,176.0,3.876622950819672,1.902423880810015,129500.0,-92.6984,41.3296,USC00136327
258,1,1999,IOWA,MARSHALL,258,155.8,1.645084931506849,-1.517743101622525,138200.0,-92.9376,42.0407,USW00094988
258,2,2000,IOWA,MARSHALL,258,145.2,1.361917127071823,-1.9517402671804853,136900.0,-92.9376,42.0407,USW00094988
258,3,2001,IOWA,MARSHALL,258,152.9,1.590805479452055,-1.600934509582271,134900.0,-92.9376,42.0407,USW00094988
258,4,2002,IOWA,MARSHALL,258,184.0,1.788438356164384,-1.2980324600878081,137500.0,-92.9376,42.0407,USW00094988
258,5,2003,IOWA,MARSHALL,258,179.6,2.077928767123288,-0.8543449509691589,137500.0,-92.9376,42.0407,USW00094988
258,6,2004,IOWA,MARSHALL,258,185.1,2.111331506849315,-0.8031502383785464,142500.0,-92.9376,42.0407,USW00094988
258,7,2005,IOWA,MARSHALL,258,191.9,1.77173698630137,-1.323629816383115,142500.0,-92.9376,42.0407,USW00094988
258,8,2006,IOWA,MARSHALL,258,184.3,2.389687671232877,-0.376527633456767,141600.0,-92.9376,42.0407,USW00094988
258,9,2007,IOWA,MARSHALL,258,185.9,2.531556786703601,-0.15909191855494514,158300.0,-92.9376,42.0407,USW00094988
258,10,2008,IOWA,MARSHALL,258,180.0,2.902344632768362,0.4091961131177076,141500.0,-92.9376,42.0407,USW00094988
260,1,1999,IOWA,MITCHELL,260,154.9,2.958697406340058,0.49556519752065337,129400.0,-92.8577,43.3711,USC00136305
260,2,2000,IOWA,MITCHELL,260,146.7,2.968726114649682,0.5109356983770919,131500.0,-92.8577,43.3711,USC00136305
260,3,2001,IOWA,MITCHELL,260,145.5,2.455567867036011,-0.27555634435838383,123300.0,-92.8577,43.3711,USC00136305
260,4,2002,IOWA,MITCHELL,260,177.5,2.193572222222222,-0.6771039972230112,124500.0,-92.8577,43.3711,USC00136305
260,5,2003,IOWA,MITCHELL,260,156.3,1.662288888888889,-1.4913754545127755,128000.0,-92.8577,43.3711,USC00136305
260,6,2004,IOWA,MITCHELL,260,175.3,2.959621917808219,0.49698215012057295,132000.0,-92.8577,43.3711,USC00136305
260,7,2005,IOWA,MITCHELL,260,186.6,2.636994505494505,0.002507212354195152,130000.0,-92.8577,43.3711,USC00136305
260,8,2006,IOWA,MITCHELL,260,170.5,2.322882191780822,-0.4789170586379947,132800.0,-92.8577,43.3711,USC00136305
260,9,2007,IOWA,MITCHELL,260,174.2,2.654821917808219,0.02983039773122554,152600.0,-92.8577,43.3711,USC00136305
260,10,2008,IOWA,MITCHELL,260,174.0,3.152098360655737,0.7919811907041884,144500.0,-92.8577,43.3711,USC00136305
262,1,1999,IOWA,MONROE,262,110.8,2.0828,-0.8468790553830279,22900.0,-92.8577,41.0041,USC00130112
262,2,2000,IOWA,MONROE,262,135.8,2.416469945355191,-0.3354797781772038,25000.0,-92.8577,41.0041,USC00130112
262,3,2001,IOWA,MONROE,262,115.9,3.057046575342465,0.6463000618431943,13300.0,-92.8577,41.0041,USC00130112
262,4,2002,IOWA,MONROE,262,158.0,2.022230769230769,-0.939710493357835,25000.0,-92.8577,41.0041,USC00130112
262,5,2003,IOWA,MONROE,262,129.6,1.895465465465465,-1.1339973496443494,26000.0,-92.8577,41.0041,USC00130112
262,6,2004,IOWA,MONROE,262,171.3,2.433819672131147,-0.3088887175903794,27500.0,-92.8577,41.0041,USC00130112
262,7,2005,IOWA,MONROE,262,154.3,1.712204819277108,-1.414871798498992,27000.0,-92.8577,41.0041,USC00130112
262,8,2006,IOWA,MONROE,262,137.0,1.947080597014925,-1.0548894127902257,25900.0,-92.8577,41.0041,USC00130112
262,9,2007,IOWA,MONROE,262,161.3,2.925233333333333,0.44427648247086116,31600.0,-92.8577,41.0041,USC00130112
262,10,2008,IOWA,MONROE,262,136.0,3.337393442622951,1.075973717771484,25000.0,-92.8577,41.0041,USC00130112
263,1,1999,IOWA,MONTGOMERY,263,127.3,2.821139726027397,0.284737404171988,85500.0,-95.1849,41.0439,USC00136940
263,2,2000,IOWA,MONTGOMERY,263,141.6,1.796043715846994,-1.2863761047620779,87200.0,-95.1849,41.0439,USC00136940
263,3,2001,IOWA,MONTGOMERY,263,132.9,2.503117808219178,-0.20267892195114345,84300.0,-95.1849,41.0439,USC00136940
263,4,2002,IOWA,MONTGOMERY,263,141.1,1.92413698630137,-1.0900539401884417,90000.0,-95.1849,41.0439,USC00136940
263,5,2003,IOWA,MONTGOMERY,263,129.5,1.889342465753425,-1.1433817658036636,88000.0,-95.1849,41.0439,USC00136940
263,6,2004,IOWA,MONTGOMERY,263,183.3,2.269344262295082,-0.5609719719534825,92000.0,-95.1849,41.0439,USC00136940
263,7,2005,IOWA,MONTGOMERY,263,158.1,1.838542465753425,-1.2212403912018879,92500.0,-95.1849,41.0439,USC00136940
263,8,2006,IOWA,MONTGOMERY,263,163.9,2.20318904109589,-0.66236477875436,90900.0,-95.1849,41.0439,USC00136940
263,9,2007,IOWA,MONTGOMERY,263,145.1,3.913687671232876,1.9592311284899668,94500.0,-95.1849,41.0439,USC00136940
263,10,2008,IOWA,MONTGOMERY,263,160.0,2.956393442622951,0.4920340272848004,89000.0,-95.1849,41.0439,USC00136940
264,1,1999,IOWA,MUSCATINE,264,149.5,2.255397590361446,-0.5823473401746027,84700.0,-91.1353,41.5157,USC00135844
264,2,2000,IOWA,MUSCATINE,264,145.7,2.85697520661157,0.3396606572973516,87000.0,-91.1353,41.5157,USC00135844
264,3,2001,IOWA,MUSCATINE,264,150.3,2.810747252747253,0.2688093788948269,82500.0,-91.1353,41.5157,USC00135844
264,4,2002,IOWA,MUSCATINE,264,170.9,2.507293150684931,-0.19627958287731725,86000.0,-91.1353,41.5157,USC00135844
264,5,2003,IOWA,MUSCATINE,264,168.0,1.895605479452055,-1.1337827571929238,84500.0,-91.1353,41.5157,USC00135844
264,6,2004,IOWA,MUSCATINE,264,180.0,2.598989071038251,-0.05574182080380223,89500.0,-91.1353,41.5157,USC00135844
264,7,2005,IOWA,MUSCATINE,264,135.3,1.456498630136986,-1.8067799164570297,88000.0,-91.1353,41.5157,USC00135844
264,8,2006,IOWA,MUSCATINE,264,166.4,2.514947945205479,-0.18454746124196816,87100.0,-91.1353,41.5157,USC00135844
264,9,2007,IOWA,MUSCATINE,264,180.6,3.116197260273972,0.7369573653890722,104600.0,-91.1353,41.5157,USC00135844
264,10,2008,IOWA,MUSCATINE,264,166.0,3.327677595628415,1.0610827238428615,94000.0,-91.1353,41.5157,USC00135844
265,1,1999,IOWA,O BRIEN,265,170.0,1.665961643835616,-1.4857464062533918,156300.0,-95.6458,43.1131,USC00137386
265,2,2000,IOWA,O BRIEN,265,151.4,1.953364383561644,-1.0452585666716547,157400.0,-95.6458,43.1131,USC00137386
265,3,2001,IOWA,O BRIEN,265,151.6,2.085583561643836,-0.8426128293338098,149200.0,-95.6458,43.1131,USC00137386
265,4,2002,IOWA,O BRIEN,265,151.7,1.68892602739726,-1.4505500413473449,149000.0,-95.6458,43.1131,USC00137386
265,5,2003,IOWA,O BRIEN,265,169.0,1.795397260273973,-1.2873668949647636,151500.0,-95.6458,43.1131,USC00137386
265,6,2004,IOWA,O BRIEN,265,182.3,2.371360655737705,-0.4046165357029492,157000.0,-95.6458,43.1131,USC00137386
265,7,2005,IOWA,O BRIEN,265,185.0,2.249813698630137,-0.5909054924299614,158500.0,-95.6458,43.1131,USC00137386
265,8,2006,IOWA,O BRIEN,265,166.0,2.145430136986301,-0.7508889692756284,163200.0,-95.6458,43.1131,USC00137386
265,9,2007,IOWA,O BRIEN,265,167.7,2.05592243767313,-0.8880729541394299,170500.0,-95.6458,43.1131,USC00137386
265,10,2008,IOWA,O BRIEN,265,195.0,2.234644808743169,-0.6141540931271334,156500.0,-95.6458,43.1131,USC00137386
267,1,1999,IOWA,PAGE,267,123.2,2.362547945205479,-0.4181233374366419,94100.0,-95.1432,40.7635,USC00131533
267,2,2000,IOWA,PAGE,267,136.3,2.677409836065574,0.06444977304864942,99100.0,-95.1432,40.7635,USC00131533
267,3,2001,IOWA,PAGE,267,133.3,2.549823204419889,-0.1310958915010091,94300.0,-95.1432,40.7635,USC00131533
267,4,2002,IOWA,PAGE,267,100.0,1.786350684931507,-1.3012321296247218,103000.0,-95.1432,40.7635,USC00131533
267,5,2003,IOWA,PAGE,267,126.3,2.118290410958904,-0.792484673255502,97000.0,-95.1432,40.7635,USC00131533
267,6,2004,IOWA,PAGE,267,179.9,2.367890710382513,-0.40993474782031586,103500.0,-95.1432,40.7635,USC00131533
267,7,2005,IOWA,PAGE,267,164.7,2.382728767123288,-0.3871931985798114,103500.0,-95.1432,40.7635,USC00131533
267,8,2006,IOWA,PAGE,267,152.5,2.472498630136986,-0.24960740849253915,104300.0,-95.1432,40.7635,USC00131533
267,9,2007,IOWA,PAGE,267,139.5,3.21292602739726,0.8852087205993909,107000.0,-95.1432,40.7635,USC00131533
267,10,2008,IOWA,PAGE,267,133.0,2.941819672131147,0.4696975363918659,99000.0,-95.1432,40.7635,USC00131533
269,1,1999,IOWA,PLYMOUTH,269,163.6,1.528198347107438,-1.6968893376231489,218600.0,-96.1527,42.7767,USC00134735
269,2,2000,IOWA,PLYMOUTH,269,119.9,1.329431754874652,-2.0015289763305137,212600.0,-96.1527,42.7767,USC00134735
269,3,2001,IOWA,PLYMOUTH,269,138.8,2.162076124567474,-0.7253764946404703,207100.0,-96.1527,42.7767,USC00134735
269,4,2002,IOWA,PLYMOUTH,269,163.5,2.641793893129771,0.009862994323388795,205500.0,-96.1527,42.7767,USC00134735
269,5,2003,IOWA,PLYMOUTH,269,158.7,1.661583333333333,-1.4924568243099738,213000.0,-96.1527,42.7767,USC00134735
269,6,2004,IOWA,PLYMOUTH,269,185.6,2.986030120481928,0.5374566847546811,214000.0,-96.1527,42.7767,USC00134735
269,7,2005,IOWA,PLYMOUTH,269,171.8,2.114321329639889,-0.7985678861608614,217500.0,-96.1527,42.7767,USC00134735
269,8,2006,IOWA,PLYMOUTH,269,137.1,2.017346153846154,-0.9471968996461251,218200.0,-96.1527,42.7767,USC00134735
269,9,2007,IOWA,PLYMOUTH,269,150.8,2.504623955431755,-0.20037052526573731,232400.0,-96.1527,42.7767,USC00134735
269,10,2008,IOWA,PLYMOUTH,269,191.0,2.31097191011236,-0.4971713531027999,217000.0,-96.1527,42.7767,USC00134735
270,1,1999,IOWA,POCAHONTAS,270,157.7,1.921353424657534,-1.09432016623766,168700.0,-94.645,42.6918,USC00136719
270,2,2000,IOWA,POCAHONTAS,270,155.6,2.120136612021858,-0.7896550930001799,173400.0,-94.645,42.6918,USC00136719
270,3,2001,IOWA,POCAHONTAS,270,135.3,1.938494505494506,-1.0680488868713907,166900.0,-94.645,42.6918,USC00136719
270,4,2002,IOWA,POCAHONTAS,270,167.6,2.344776859504132,-0.44536019382524283,169500.0,-94.645,42.6918,USC00136719
270,5,2003,IOWA,POCAHONTAS,270,168.1,1.941735537190083,-1.0630815192987584,169500.0,-94.645,42.6918,USC00136719
270,6,2004,IOWA,POCAHONTAS,270,195.5,2.135404371584699,-0.7662549596837748,174000.0,-94.645,42.6918,USC00136719
270,7,2005,IOWA,POCAHONTAS,270,183.3,2.302747252747253,-0.5097768750874183,176000.0,-94.645,42.6918,USC00136719
270,8,2006,IOWA,POCAHONTAS,270,166.5,1.804443835616438,-1.2735016603048068,173500.0,-94.645,42.6918,USC00136719
270,9,2007,IOWA,POCAHONTAS,270,167.1,2.719539726027397,0.1290201533755391,187500.0,-94.645,42.6918,USC00136719
270,10,2008,IOWA,POCAHONTAS,270,178.0,2.549742465753424,-0.13121963562674624,176000.0,-94.645,42.6918,USC00136719
271,1,1999,IOWA,POLK,271,164.4,2.146370165745856,-0.7494482340974056,88500.0,-93.5003,41.6278,USC00130241
271,2,2000,IOWA,POLK,271,154.8,1.777298342541436,-1.3151062031508047,88100.0,-93.5003,41.6278,USC00130241
271,3,2001,IOWA,POLK,271,148.7,1.919449101796407,-1.0972388268731277,86200.0,-93.5003,41.6278,USC00130241
271,4,2002,IOWA,POLK,271,175.7,2.108547945205479,-0.8074164644277645,90500.0,-93.5003,41.6278,USC00130241
271,5,2003,IOWA,POLK,271,165.3,2.156177777777778,-0.734416596474481,88000.0,-93.5003,41.6278,USC00130241
271,6,2004,IOWA,POLK,271,183.4,2.517792349726776,-0.1801879843501438,94000.0,-93.5003,41.6278,USC00130241
271,7,2005,IOWA,POLK,271,174.7,2.302701369863013,-0.5098471974948245,93000.0,-93.5003,41.6278,USC00130241
271,8,2006,IOWA,POLK,271,171.9,2.185095890410959,-0.6900952480742742,89300.0,-93.5003,41.6278,USC00130241
271,9,2007,IOWA,POLK,271,177.8,3.061917808219178,0.6537659574293266,98500.0,-93.5003,41.6278,USC00130241
271,10,2008,IOWA,POLK,271,154.0,3.868382089552239,1.8897935239127743,90000.0,-93.5003,41.6278,USC00130241
273,1,1999,IOWA,POWESHIEK,273,148.3,2.059139726027397,-0.8831419768013798,117100.0,-92.5396,41.653,USC00133473
273,2,2000,IOWA,POWESHIEK,273,148.9,2.021561643835617,-0.9407360284658186,118900.0,-92.5396,41.653,USC00133473
273,3,2001,IOWA,POWESHIEK,273,150.2,2.125945205479452,-0.7807525516201529,116900.0,-92.5396,41.653,USC00133473
273,4,2002,IOWA,POWESHIEK,273,176.5,2.086975342465753,-0.8404797163092024,119000.0,-92.5396,41.653,USC00133473
273,5,2003,IOWA,POWESHIEK,273,172.9,2.383424657534246,-0.38612664206750874,120000.0,-92.5396,41.653,USC00133473
273,6,2004,IOWA,POWESHIEK,273,186.2,2.299879781420765,-0.5141717053206696,126500.0,-92.5396,41.653,USC00133473
273,7,2005,IOWA,POWESHIEK,273,176.4,1.997901369863014,-0.9769989498841702,126000.0,-92.5396,41.653,USC00133473
273,8,2006,IOWA,POWESHIEK,273,182.3,2.27973698630137,-0.5450435624008697,126500.0,-92.5396,41.653,USC00133473
273,9,2007,IOWA,POWESHIEK,273,182.6,3.203183561643836,0.8702769294271298,138900.0,-92.5396,41.653,USC00133473
273,10,2008,IOWA,POWESHIEK,273,170.0,3.24231693989071,0.9302547057556806,133000.0,-92.5396,41.653,USC00133473
274,1,1999,IOWA,RINGGOLD,274,119.2,2.087671232876712,-0.8394131597968977,40800.0,-94.3154,40.7974,USC00130536
274,2,2000,IOWA,RINGGOLD,274,144.0,2.09931693989071,-0.821564365704371,41200.0,-94.3154,40.7974,USC00130536
274,3,2001,IOWA,RINGGOLD,274,108.3,2.844519337016574,0.32057016743896705,39000.0,-94.3154,40.7974,USC00130536
274,4,2002,IOWA,RINGGOLD,274,128.6,1.664480446927374,-1.4880165628522073,42000.0,-94.3154,40.7974,USC00130536
274,5,2003,IOWA,RINGGOLD,274,104.8,2.086224719101124,-0.8416301592887652,42000.0,-94.3154,40.7974,USC00130536
274,6,2004,IOWA,RINGGOLD,274,153.0,2.57749860724234,-0.08867918242427353,46000.0,-94.3154,40.7974,USC00130536
274,7,2005,IOWA,RINGGOLD,274,153.8,2.274773480662983,-0.5526508798449872,43500.0,-94.3154,40.7974,USC00130536
274,8,2006,IOWA,RINGGOLD,274,142.3,2.540701657458563,-0.14507603142057976,44700.0,-94.3154,40.7974,USC00130536
274,9,2007,IOWA,RINGGOLD,274,140.5,3.337158192090395,1.075613161017764,48400.0,-94.3154,40.7974,USC00130536
274,10,2008,IOWA,RINGGOLD,274,115.0,3.770977653631285,1.7405066048479136,46000.0,-94.3154,40.7974,USC00130536
275,1,1999,IOWA,SAC,275,168.4,2.122513812154696,-0.7860116769639743,152000.0,-95.1432,42.3574,USC00137312
275,2,2000,IOWA,SAC,275,128.2,1.517060109289617,-1.7139603589982289,154900.0,-95.1432,42.3574,USC00137312
275,3,2001,IOWA,SAC,275,152.7,2.223895604395604,-0.6306288623126854,149800.0,-95.1432,42.3574,USC00137312
275,4,2002,IOWA,SAC,275,166.2,2.208116022099448,-0.6548134407956946,151000.0,-95.1432,42.3574,USC00137312
275,5,2003,IOWA,SAC,275,155.5,1.89243956043956,-1.1386350033038481,140500.0,-95.1432,42.3574,USC00137312
275,6,2004,IOWA,SAC,275,184.3,2.541391780821918,-0.144018313774398,160500.0,-95.1432,42.3574,USC00137312
275,7,2005,IOWA,SAC,275,185.8,2.361362637362637,-0.41993999962792933,156000.0,-95.1432,42.3574,USC00137312
275,8,2006,IOWA,SAC,275,134.0,1.821263736263736,-1.2477226377903712,159100.0,-95.1432,42.3574,USC00137312
275,9,2007,IOWA,SAC,275,173.9,3.052198347107438,0.6388694243235871,174500.0,-95.1432,42.3574,USC00137312
275,10,2008,IOWA,SAC,275,184.0,2.562268493150685,-0.11202161840526487,171000.0,-95.1432,42.3574,USC00137312
276,1,1999,IOWA,SCOTT,276,164.1,2.368340659340659,-0.4092451335017999,106700.0,-90.6394,41.6393,USW00094982
276,2,2000,IOWA,SCOTT,276,152.7,2.224928961748634,-0.6290450870557552,104900.0,-90.6394,41.6393,USW00094982
276,3,2001,IOWA,SCOTT,276,173.6,2.546314917127072,-0.13647286839315087,103400.0,-90.6394,41.6393,USW00094982
276,4,2002,IOWA,SCOTT,276,195.3,2.387181318681319,-0.3803689949612482,106000.0,-90.6394,41.6393,USW00094982
276,5,2003,IOWA,SCOTT,276,180.9,1.846197260273972,-1.2095082695665407,110000.0,-90.6394,41.6393,USW00094982
276,6,2004,IOWA,SCOTT,276,191.9,2.413705555555556,-0.33971662049737056,110500.0,-90.6394,41.6393,USW00094982
276,7,2005,IOWA,SCOTT,276,148.9,1.162242424242424,-2.2577717216902484,112000.0,-90.6394,41.6393,USW00094982
276,8,2006,IOWA,SCOTT,276,170.5,2.428743801652892,-0.3166682510182605,100800.0,-90.6394,41.6393,USW00094982
276,9,2007,IOWA,SCOTT,276,182.2,2.844241758241758,0.32014473630024903,122600.0,-90.6394,41.6393,USW00094982
276,10,2008,IOWA,SCOTT,276,184.0,2.899486338797814,0.40481534856001244,110500.0,-90.6394,41.6393,USW00094982
277,1,1999,IOWA,SHELBY,277,143.4,2.187879452054794,-0.6858290220250575,154400.0,-95.3103,41.7178,USC00133632
277,2,2000,IOWA,SHELBY,277,126.6,1.480972677595628,-1.7692697650188254,154600.0,-95.3103,41.7178,USC00133632
277,3,2001,IOWA,SHELBY,277,139.8,2.311747945205479,-0.495981962834866,151100.0,-95.3103,41.7178,USC00133632
277,4,2002,IOWA,SHELBY,277,147.1,1.830191780821918,-1.2340390693495418,153000.0,-95.3103,41.7178,USC00133632
277,5,2003,IOWA,SHELBY,277,134.4,1.808619178082192,-1.2671023212309793,151000.0,-95.3103,41.7178,USC00133632
277,6,2004,IOWA,SHELBY,277,177.1,2.560819672131148,-0.11424215409481636,154000.0,-95.3103,41.7178,USC00133632
277,7,2005,IOWA,SHELBY,277,171.7,1.771041095890411,-1.3246963728954197,154500.0,-95.3103,41.7178,USC00133632
277,8,2006,IOWA,SHELBY,277,171.2,2.34337741046832,-0.4475050595386912,156200.0,-95.3103,41.7178,USC00133632
277,9,2007,IOWA,SHELBY,277,167.3,3.138465753424657,0.7710871737828148,170500.0,-95.3103,41.7178,USC00133632
277,10,2008,IOWA,SHELBY,277,190.0,2.683655737704918,0.074022554859906,167500.0,-95.3103,41.7178,USC00133632
278,1,1999,IOWA,SIOUX,278,172.4,1.435621917808219,-1.8387766118261628,225500.0,-96.1527,43.087,USC00137152
278,2,2000,IOWA,SIOUX,278,150.0,1.610054644808743,-1.5714322742528448,228000.0,-96.1527,43.087,USC00137152
278,3,2001,IOWA,SIOUX,278,160.2,2.265819178082192,-0.5663746926469585,220500.0,-96.1527,43.087,USC00137152
278,4,2002,IOWA,SIOUX,278,165.7,1.534467032967033,-1.6872816355743034,215500.0,-96.1527,43.087,USC00137152
278,5,2003,IOWA,SIOUX,278,169.7,1.814186301369863,-1.2585698691325444,214500.0,-96.1527,43.087,USC00137152
278,6,2004,IOWA,SIOUX,278,187.6,2.217615384615384,-0.6402542418262027,230000.0,-96.1527,43.087,USC00137152
278,7,2005,IOWA,SIOUX,278,185.3,2.367337078651685,-0.41078327155140015,236000.0,-96.1527,43.087,USC00137152
278,8,2006,IOWA,SIOUX,278,162.9,2.108758241758242,-0.8070941533938255,234500.0,-96.1527,43.087,USC00137152
278,9,2007,IOWA,SIOUX,278,156.9,2.004011019283746,-0.967634995050248,240300.0,-96.1527,43.087,USC00137152
278,10,2008,IOWA,SIOUX,278,195.0,1.954172701949861,-1.0440196974080589,231000.0,-96.1527,43.087,USC00137152
279,1,1999,IOWA,STORY,279,162.4,2.399430136986301,-0.3615958422845058,150100.0,-93.5003,42.104,USC00130203
279,2,2000,IOWA,STORY,279,157.4,1.730114754098361,-1.3874221349920126,151800.0,-93.5003,42.104,USC00130203
279,3,2001,IOWA,STORY,279,150.4,2.180224657534247,-0.6975611436604052,150400.0,-93.5003,42.104,USC00130203
279,4,2002,IOWA,STORY,279,177.1,1.874032876712329,-1.1668460090743613,157500.0,-93.5003,42.104,USC00130203
279,5,2003,IOWA,STORY,279,164.5,2.297830136986301,-0.5173130930809554,159000.0,-93.5003,42.104,USC00130203
279,6,2004,IOWA,STORY,279,188.1,2.943901639344262,0.4728884636622852,161000.0,-93.5003,42.104,USC00130203
279,7,2005,IOWA,STORY,279,187.6,2.640904109589041,0.00849926748513678,166500.0,-93.5003,42.104,USC00130203
279,8,2006,IOWA,STORY,279,184.1,2.517035616438356,-0.1813477917050547,158000.0,-93.5003,42.104,USC00130203
279,9,2007,IOWA,STORY,279,180.7,3.174652054794521,0.8265481124226475,187200.0,-93.5003,42.104,USC00130203
279,10,2008,IOWA,STORY,279,160.0,3.422060109289617,1.205738093435191,169000.0,-93.5003,42.104,USC00130203
280,1,1999,IOWA,TAMA,280,150.3,1.842717808219178,-1.2148410521280621,152000.0,-92.4655,42.1936,USC00138296
280,2,2000,IOWA,TAMA,280,144.9,2.006322404371585,-0.9640924504497537,155100.0,-92.4655,42.1936,USC00138296
280,3,2001,IOWA,TAMA,280,156.8,2.105068493150685,-0.812749246989286,150200.0,-92.4655,42.1936,USC00138296
280,4,2002,IOWA,TAMA,280,186.8,2.080712328767123,-0.8500787249199421,159000.0,-92.4655,42.1936,USC00138296
280,5,2003,IOWA,TAMA,280,156.2,2.058443835616438,-0.8842085333136845,157500.0,-92.4655,42.1936,USC00138296
280,6,2004,IOWA,TAMA,280,186.5,1.895284153005464,-1.1342752382054369,163500.0,-92.4655,42.1936,USC00138296
280,7,2005,IOWA,TAMA,280,181.4,1.700756164383562,-1.4324185806381682,167000.0,-92.4655,42.1936,USC00138296
280,8,2006,IOWA,TAMA,280,172.7,2.112723287671233,-0.8010171253539369,160300.0,-92.4655,42.1936,USC00138296
280,9,2007,IOWA,TAMA,280,174.8,2.676394520547945,0.06289364961266339,175700.0,-92.4655,42.1936,USC00138296
280,10,2008,IOWA,TAMA,280,179.0,3.287426229508196,0.9993914632814259,156000.0,-92.4655,42.1936,USC00138296
282,1,1999,IOWA,UNION,282,140.8,2.05142776203966,-0.8949617192266908,47900.0,-94.2744,41.0007,USC00131962
282,2,2000,IOWA,UNION,282,136.5,2.178510144927536,-0.7001888915892723,49400.0,-94.2744,41.0007,USC00131962
282,3,2001,IOWA,UNION,282,127.3,2.574440677966102,-0.09336591805444804,45200.0,-94.2744,41.0007,USC00131962
282,4,2002,IOWA,UNION,282,142.2,1.891443820224719,-1.140161124649936,51000.0,-94.2744,41.0007,USC00131962
282,5,2003,IOWA,UNION,282,106.7,1.757737891737892,-1.345085530153433,50500.0,-94.2744,41.0007,USC00131962
282,6,2004,IOWA,UNION,282,160.4,2.118430555555555,-0.7922698806245523,53000.0,-94.2744,41.0007,USC00131962
282,7,2005,IOWA,UNION,282,157.2,1.760024615384615,-1.341580782913286,52000.0,-94.2744,41.0007,USC00131962
282,8,2006,IOWA,UNION,282,153.6,2.235905555555556,-0.6122218093911563,53300.0,-94.2744,41.0007,USC00131962
282,9,2007,IOWA,UNION,282,154.1,2.93903768115942,0.46543371763342223,60200.0,-94.2744,41.0007,USC00131962
282,10,2008,IOWA,UNION,282,148.0,3.257452307692307,0.9534519288251471,54000.0,-94.2744,41.0007,USC00131962
284,1,1999,IOWA,WAPELLO,284,113.4,2.267210958904109,-0.5642415796223511,49000.0,-92.3814,41.0149,USW00014950
284,2,2000,IOWA,WAPELLO,284,138.3,2.645391044776119,0.015376169176412716,54100.0,-92.3814,41.0149,USW00014950
284,3,2001,IOWA,WAPELLO,284,141.0,3.040324175824176,0.6206704744444955,39500.0,-92.3814,41.0149,USW00014950
284,4,2002,IOWA,WAPELLO,284,135.5,2.056356164383562,-0.8874082028505966,55000.0,-92.3814,41.0149,USW00014950
284,5,2003,IOWA,WAPELLO,284,128.2,1.999293150684931,-0.9748658368595625,55000.0,-92.3814,41.0149,USW00014950
284,6,2004,IOWA,WAPELLO,284,183.3,2.376218579234973,-0.3971710387386379,57000.0,-92.3814,41.0149,USW00014950
284,7,2005,IOWA,WAPELLO,284,136.1,1.730679452054794,-1.3865566506090785,58500.0,-92.3814,41.0149,USW00014950
284,8,2006,IOWA,WAPELLO,284,164.9,2.320794520547945,-0.48211672817490814,53400.0,-92.3814,41.0149,USW00014950
284,9,2007,IOWA,WAPELLO,284,167.1,3.101583561643836,0.7145596786306808,67800.0,-92.3814,41.0149,USW00014950
284,10,2008,IOWA,WAPELLO,284,138.0,3.179857923497268,0.8345268876431108,56500.0,-92.3814,41.0149,USW00014950
285,1,1999,IOWA,WARREN,285,142.6,2.198076923076923,-0.6701998669793653,63000.0,-93.5003,41.3081,USC00134063
285,2,2000,IOWA,WARREN,285,140.1,2.003546448087432,-0.9683470201436456,63500.0,-93.5003,41.3081,USC00134063
285,3,2001,IOWA,WARREN,285,143.9,2.622115068493151,-0.020297758347082234,56900.0,-93.5003,41.3081,USC00134063
285,4,2002,IOWA,WARREN,285,151.1,1.913373626373626,-1.1065504049254589,65500.0,-93.5003,41.3081,USC00134063
285,5,2003,IOWA,WARREN,285,135.8,2.4726408839779,-0.2493893831281459,64500.0,-93.5003,41.3081,USC00134063
285,6,2004,IOWA,WARREN,285,167.6,2.576087431693989,-0.09084202077841125,68000.0,-93.5003,41.3081,USC00134063
285,7,2005,IOWA,WARREN,285,157.1,1.903956164383562,-1.12098407904527,71000.0,-93.5003,41.3081,USC00134063
285,8,2006,IOWA,WARREN,285,164.9,2.246573134328358,-0.5958721436514391,67100.0,-93.5003,41.3081,USC00134063
285,9,2007,IOWA,WARREN,285,157.4,3.153079452054794,0.7934848605412083,73600.0,-93.5003,41.3081,USC00134063
285,10,2008,IOWA,WARREN,285,135.0,3.597733711048158,1.4749842578382444,68000.0,-93.5003,41.3081,USC00134063
286,1,1999,IOWA,WASHINGTON,286,143.7,2.33162874251497,-0.46551165672585637,110500.0,-91.7539,41.3478,USC00138688
286,2,2000,IOWA,WASHINGTON,286,144.1,2.25021546961326,-0.5902897180899837,110800.0,-91.7539,41.3478,USC00138688
286,3,2001,IOWA,WASHINGTON,286,148.1,3.019620111731844,0.5889383884132805,98600.0,-91.7539,41.3478,USC00138688
286,4,2002,IOWA,WASHINGTON,286,167.4,2.028510989010989,-0.9300851138443177,116500.0,-91.7539,41.3478,USC00138688
286,5,2003,IOWA,WASHINGTON,286,161.5,2.073397790055249,-0.8612893534539695,113600.0,-91.7539,41.3478,USC00138688
286,6,2004,IOWA,WASHINGTON,286,181.9,2.531603305785124,-0.1590206210797058,114000.0,-91.7539,41.3478,USC00138688
286,7,2005,IOWA,WASHINGTON,286,153.0,1.635342465753425,-1.5326748927947862,113000.0,-91.7539,41.3478,USC00138688
286,8,2006,IOWA,WASHINGTON,286,184.4,2.498131868131868,-0.21032062355578607,109900.0,-91.7539,41.3478,USC00138688
286,9,2007,IOWA,WASHINGTON,286,174.1,3.390653739612188,1.1576031176117043,128300.0,-91.7539,41.3478,USC00138688
286,10,2008,IOWA,WASHINGTON,286,180.0,3.290742382271468,1.0044739651664436,120000.0,-91.7539,41.3478,USC00138688
288,1,1999,IOWA,WEBSTER,288,155.7,2.21621978021978,-0.6423932150514278,184700.0,-94.1514,42.3975,USC00132999
288,2,2000,IOWA,WEBSTER,288,159.8,2.851917582417582,0.33190908903899136,187200.0,-94.1514,42.3975,USC00132999
288,3,2001,IOWA,WEBSTER,288,154.3,2.888641095890411,0.3881933858655197,183800.0,-94.1514,42.3975,USC00132999
288,4,2002,IOWA,WEBSTER,288,181.6,2.032,-0.9247376807812527,184500.0,-94.1514,42.3975,USC00132999
288,5,2003,IOWA,WEBSTER,288,174.5,1.918956043956044,-1.0979945120245544,184000.0,-94.1514,42.3975,USC00132999
288,6,2004,IOWA,WEBSTER,288,192.3,2.527447674418605,-0.1653897499351962,193000.0,-94.1514,42.3975,USC00132999
288,7,2005,IOWA,WEBSTER,288,190.1,2.360460273972603,-0.42132300697355396,198500.0,-94.1514,42.3975,USC00132999
288,8,2006,IOWA,WEBSTER,288,173.3,1.970254143646409,-1.019372474082962,197000.0,-94.1514,42.3975,USC00132999
288,9,2007,IOWA,WEBSTER,288,182.6,2.946961325966851,0.4775778926895315,221500.0,-94.1514,42.3975,USC00132999
288,10,2008,IOWA,WEBSTER,288,167.0,2.318750716332378,-0.48524916492308034,217000.0,-94.1514,42.3975,USC00132999
290,1,1999,IOWA,WINNESHIEK,290,160.5,2.478640449438202,-0.24019414848787432,128400.0,-91.9099,43.2363,USC00132110
290,2,2000,IOWA,WINNESHIEK,290,147.9,2.702474860335196,0.10286568515900187,128900.0,-91.9099,43.2363,USC00132110
290,3,2001,IOWA,WINNESHIEK,290,132.1,2.013857142857143,-0.9525443327091901,119500.0,-91.9099,43.2363,USC00132110
290,4,2002,IOWA,WINNESHIEK,290,166.9,2.210147945205479,-0.6516992136313156,121000.0,-91.9099,43.2363,USC00132110
290,5,2003,IOWA,WINNESHIEK,290,146.7,1.533742465753425,-1.688392143591235,121000.0,-91.9099,43.2363,USC00132110
290,6,2004,IOWA,WINNESHIEK,290,169.9,3.219415300546448,0.8951545057810716,125000.0,-91.9099,43.2363,USC00132110
290,7,2005,IOWA,WINNESHIEK,290,186.4,2.259556164383561,-0.5759737012577002,125000.0,-91.9099,43.2363,USC00132110
290,8,2006,IOWA,WINNESHIEK,290,171.9,2.215019178082192,-0.6442333180451832,123100.0,-91.9099,43.2363,USC00132110
290,9,2007,IOWA,WINNESHIEK,290,174.0,3.299912328767123,1.0185282846374464,145500.0,-91.9099,43.2363,USC00132110
290,10,2008,IOWA,WINNESHIEK,290,171.0,2.935573770491803,0.4601247545806093,133000.0,-91.9099,43.2363,USC00132110
292,1,1999,IOWA,WORTH,292,148.7,2.81792243767313,0.279806426833938,106500.0,-93.3389,43.3581,USC00136103
292,2,2000,IOWA,WORTH,292,145.9,2.344776859504132,-0.44536019382524283,110300.0,-93.3389,43.3581,USC00136103
292,3,2001,IOWA,WORTH,292,132.8,2.429747252747253,-0.31513031159185734,102400.0,-93.3389,43.3581,USC00136103
292,4,2002,IOWA,WORTH,292,167.1,2.11782967032967,-0.7931908274298575,106500.0,-93.3389,43.3581,USC00136103
292,5,2003,IOWA,WORTH,292,157.4,1.835758904109589,-1.2255066172511064,108000.0,-93.3389,43.3581,USC00136103
292,6,2004,IOWA,WORTH,292,170.2,3.214534435261708,0.8876738470837535,112500.0,-93.3389,43.3581,USC00136103
292,7,2005,IOWA,WORTH,292,187.9,2.665588888888889,0.04633239710215855,110000.0,-93.3389,43.3581,USC00136103
292,8,2006,IOWA,WORTH,292,172.5,2.230033898305085,-0.6212210055000379,111100.0,-93.3389,43.3581,USC00136103
292,9,2007,IOWA,WORTH,292,174.8,2.79983908045977,0.25209096747926707,124500.0,-93.3389,43.3581,USC00136103
292,10,2008,IOWA,WORTH,292,171.0,2.377325842696629,-0.3954739912764686,114000.0,-93.3389,43.3581,USC00136103
311,1,1999,KANSAS,COWLEY,311,92.0,3.130369863013699,0.7586790064841564,2300.0,-96.9209,37.266,USC00141239
311,2,2000,KANSAS,COWLEY,311,93.0,2.35472602739726,-0.43011160059659914,3100.0,-96.9209,37.266,USC00141239
311,3,2001,KANSAS,COWLEY,311,76.0,1.909164383561644,-1.1130017013685352,3600.0,-96.9209,37.266,USC00141239
311,4,2002,KANSAS,COWLEY,311,82.0,2.804465753424657,0.2591820382905511,5000.0,-96.9209,37.266,USC00141239
311,5,2003,KANSAS,COWLEY,311,97.0,2.560429223744292,-0.11484057485642188,7100.0,-96.9209,37.266,USC00141239
311,6,2004,KANSAS,COWLEY,311,131.0,3.021095890410959,0.5912002407626488,8600.0,-96.9209,37.266,USC00141239
311,7,2005,KANSAS,COWLEY,311,94.0,2.428785388127854,-0.316604513502991,10700.0,-96.9209,37.266,USC00141239
311,8,2006,KANSAS,COWLEY,311,68.0,2.033500326157861,-0.9224382057359763,8100.0,-96.9209,37.266,USC00141239
311,9,2007,KANSAS,COWLEY,311,115.0,3.767578930202218,1.735297551023191,8200.0,-96.9209,37.266,USC00141239
311,10,2008,KANSAS,COWLEY,311,86.0,3.406739182430964,1.1822564732572094,11300.0,-96.9209,37.266,USC00141239
316,1,1999,KANSAS,DOUGLAS,316,98.0,2.605849315068493,-0.04522746706185256,21500.0,-95.2684,38.9108,USC00141612
316,2,2000,KANSAS,DOUGLAS,316,102.0,2.059232876712329,-0.8829992093942199,24600.0,-95.2684,38.9108,USC00141612
316,3,2001,KANSAS,DOUGLAS,316,109.0,2.75813698630137,0.18817624843595293,23600.0,-95.2684,38.9108,USC00141612
316,4,2002,KANSAS,DOUGLAS,316,77.0,1.890634703196347,-1.1414012179494504,26000.0,-95.2684,38.9108,USC00141612
316,5,2003,KANSAS,DOUGLAS,316,79.0,2.13954794520548,-0.7599043111335708,26000.0,-95.2684,38.9108,USC00141612
316,6,2004,KANSAS,DOUGLAS,316,141.0,3.182767123287671,0.8389856730110155,25100.0,-95.2684,38.9108,USC00141612
316,7,2005,KANSAS,DOUGLAS,316,108.0,2.938780821917808,0.46504004228947077,27500.0,-95.2684,38.9108,USC00141612
316,8,2006,KANSAS,DOUGLAS,316,82.0,2.050123287671233,-0.8969610220060794,24700.0,-95.2684,38.9108,USC00141612
316,9,2007,KANSAS,DOUGLAS,316,122.0,2.664493150684931,0.0446530138274248,24900.0,-95.2684,38.9108,USC00141612
316,10,2008,KANSAS,DOUGLAS,316,114.0,2.714287671232877,0.12097059103661219,24900.0,-95.2684,38.9108,USC00141612
321,1,1999,KANSAS,FINNEY,321,184.0,1.505,-1.7324442867825192,101000.0,-100.8903,38.0625,USC00144161
321,2,2000,KANSAS,FINNEY,321,174.0,1.316712328767123,-2.0210234061058383,97200.0,-100.8903,38.0625,USC00144161
321,3,2001,KANSAS,FINNEY,321,157.0,1.285684931506849,-2.068577549813901,76100.0,-100.8903,38.0625,USC00144161
321,4,2002,KANSAS,FINNEY,321,176.0,0.9778767123287672,-2.5403398496462013,66800.0,-100.8903,38.0625,USC00144161
321,5,2003,KANSAS,FINNEY,321,177.0,1.120890410958904,-2.3211498892434768,66900.0,-100.8903,38.0625,USC00144161
321,6,2004,KANSAS,FINNEY,321,202.0,1.65648401826484,-1.5002722900915746,61000.0,-100.8903,38.0625,USC00144161
321,7,2005,KANSAS,FINNEY,321,191.0,1.296301369863014,-2.0523062644391765,73000.0,-100.8903,38.0625,USC00144161
321,8,2006,KANSAS,FINNEY,321,164.0,1.474269406392694,-1.7795435343403203,57700.0,-100.8903,38.0625,USC00144161
321,9,2007,KANSAS,FINNEY,321,185.0,1.373082191780822,-1.9346281295677907,93900.0,-100.8903,38.0625,USC00144161
321,10,2008,KANSAS,FINNEY,321,163.0,1.168972602739726,-2.2474567129011813,92400.0,-100.8903,38.0625,USC00144161
324,1,1999,KANSAS,GEARY,324,125.0,2.31013698630137,-0.4984509991704365,4900.0,-96.7922,38.9985,USC00145306
324,2,2000,KANSAS,GEARY,324,123.0,1.579452054794521,-1.6183353370901037,5400.0,-96.7922,38.9985,USC00145306
324,3,2001,KANSAS,GEARY,324,110.0,2.713972602739726,0.12048770127710415,6200.0,-96.7922,38.9985,USC00145306
324,4,2002,KANSAS,GEARY,324,75.0,1.683013698630137,-1.4596115726605452,4700.0,-96.7922,38.9985,USC00145306
324,5,2003,KANSAS,GEARY,324,83.0,1.723698630136986,-1.3972558080632187,4300.0,-96.7922,38.9985,USC00145306
324,6,2004,KANSAS,GEARY,324,143.0,1.946575342465753,-1.0556637912287046,4400.0,-96.7922,38.9985,USC00145306
324,7,2005,KANSAS,GEARY,324,143.0,2.396438356164384,-0.3661811954791364,6900.0,-96.7922,38.9985,USC00145306
324,8,2006,KANSAS,GEARY,324,103.0,1.842328767123288,-1.2154373160050191,5200.0,-96.7922,38.9985,USC00145306
324,9,2007,KANSAS,GEARY,324,133.0,2.791643835616438,0.23953052459927265,6200.0,-96.7922,38.9985,USC00145306
324,10,2008,KANSAS,GEARY,324,139.0,2.666301369863014,0.04742438114286252,6300.0,-96.7922,38.9985,USC00145306
337,1,1999,KANSAS,JEFFERSON,337,94.0,2.414292237442923,-0.3388174424403539,31900.0,-95.3103,39.2828,USC00144613
337,2,2000,KANSAS,JEFFERSON,337,121.0,2.405890410958904,-0.3516945026938997,34500.0,-95.3103,39.2828,USC00144613
337,3,2001,KANSAS,JEFFERSON,337,117.0,3.289178082191781,1.002076440483082,33000.0,-95.3103,39.2828,USC00144613
337,4,2002,KANSAS,JEFFERSON,337,53.0,1.912557077625571,-1.1078018884509355,35700.0,-95.3103,39.2828,USC00144613
337,5,2003,KANSAS,JEFFERSON,337,62.0,2.100684931506849,-0.8194677132085267,31500.0,-95.3103,39.2828,USC00144613
337,6,2004,KANSAS,JEFFERSON,337,155.0,3.072602739726027,0.6701422188387249,32300.0,-95.3103,39.2828,USC00144613
337,7,2005,KANSAS,JEFFERSON,337,117.0,3.666803652968037,1.580844311661413,36200.0,-95.3103,39.2828,USC00144613
337,8,2006,KANSAS,JEFFERSON,337,102.0,1.985479452054794,-0.9960374035329443,33200.0,-95.3103,39.2828,USC00144613
337,9,2007,KANSAS,JEFFERSON,337,129.0,2.876392694063927,0.36942087150459146,35700.0,-95.3103,39.2828,USC00144613
337,10,2008,KANSAS,JEFFERSON,337,140.0,2.906849315068493,0.41610021492369,35900.0,-95.3103,39.2828,USC00144613
340,1,1999,KANSAS,KEARNY,340,158.0,1.165205479452055,-2.253230394808341,57300.0,-101.2524,38.0281,US1KSKE0017
340,2,2000,KANSAS,KEARNY,340,139.0,1.184109589041096,-2.224257009237866,57300.0,-101.2524,38.0281,US1KSKE0017
340,3,2001,KANSAS,KEARNY,340,156.0,1.312328767123288,-2.027741872325078,45700.0,-101.2524,38.0281,US1KSKE0017
340,4,2002,KANSAS,KEARNY,340,147.0,0.7306849315068493,-2.919198358790566,41800.0,-101.2524,38.0281,US1KSKE0017
340,5,2003,KANSAS,KEARNY,340,173.0,1.263013698630137,-2.1033246172915354,33200.0,-101.2524,38.0281,US1KSKE0017
340,6,2004,KANSAS,KEARNY,340,189.0,1.848493150684932,-1.2059894728842115,39600.0,-101.2524,38.0281,US1KSKE0017
340,7,2005,KANSAS,KEARNY,340,173.0,1.457808219178082,-1.8047727746740314,47900.0,-101.2524,38.0281,US1KSKE0017
340,8,2006,KANSAS,KEARNY,340,170.0,1.418082191780822,-1.8656588747858989,31500.0,-101.2524,38.0281,US1KSKE0017
340,9,2007,KANSAS,KEARNY,340,173.0,0.8526027397260274,-2.7323410170679368,47800.0,-101.2524,38.0281,US1KSKE0017
340,10,2008,KANSAS,KEARNY,340,179.0,1.074246575342466,-2.3926385688575835,47800.0,-101.2524,38.0281,US1KSKE0017
346,1,1999,KANSAS,LINCOLN,346,83.0,1.982054794520548,-1.0012862052667253,2300.0,-98.2213,39.1136,USC00140532
346,2,2000,KANSAS,LINCOLN,346,79.0,1.79027397260274,-1.2952191023585014,2300.0,-98.2213,39.1136,USC00140532
346,3,2001,KANSAS,LINCOLN,346,53.0,2.284246575342466,-0.5381319402778258,4500.0,-98.2213,39.1136,USC00140532
346,4,2002,KANSAS,LINCOLN,346,61.0,1.413424657534247,-1.8727972451438415,1400.0,-98.2213,39.1136,USC00140532
346,5,2003,KANSAS,LINCOLN,346,71.0,1.598767123287671,-1.5887320953115758,700.0,-98.2213,39.1136,USC00140532
346,6,2004,KANSAS,LINCOLN,346,144.0,1.926712328767123,-1.0861068412846382,800.0,-98.2213,39.1136,USC00140532
346,7,2005,KANSAS,LINCOLN,346,92.0,2.02013698630137,-0.9429195299870726,2200.0,-98.2213,39.1136,USC00140532
346,8,2006,KANSAS,LINCOLN,346,37.0,1.434794520547945,-1.8400447223250445,400.0,-98.2213,39.1136,USC00140532
346,9,2007,KANSAS,LINCOLN,346,95.0,2.263561643835617,-0.5698347027498671,1100.0,-98.2213,39.1136,USC00140532
346,10,2008,KANSAS,LINCOLN,346,99.0,2.242739726027397,-0.601747417291261,1600.0,-98.2213,39.1136,USC00140532
350,1,1999,KANSAS,MCPHERSON,350,135.0,2.693789954337899,0.08955476305934969,15000.0,-97.6982,38.3164,USC00143134
350,2,2000,KANSAS,MCPHERSON,350,134.0,2.240502283105024,-0.6051766344239963,18900.0,-97.6982,38.3164,USC00143134
350,3,2001,KANSAS,MCPHERSON,350,128.0,2.017123287671233,-0.9475384755128006,21900.0,-97.6982,38.3164,USC00143134
350,4,2002,KANSAS,MCPHERSON,350,140.0,2.013059360730594,-0.953767053570221,20700.0,-97.6982,38.3164,USC00143134
350,5,2003,KANSAS,MCPHERSON,350,130.0,2.175433789954337,-0.7049038673658522,20600.0,-97.6982,38.3164,USC00143134
350,6,2004,KANSAS,MCPHERSON,350,184.0,2.194063926940639,-0.676350385934079,21900.0,-97.6982,38.3164,USC00143134
350,7,2005,KANSAS,MCPHERSON,350,158.0,2.279954337899543,-0.5447104384508332,25100.0,-97.6982,38.3164,USC00143134
350,8,2006,KANSAS,MCPHERSON,350,125.0,1.770365296803653,-1.3257321364375527,19900.0,-97.6982,38.3164,USC00143134
350,9,2007,KANSAS,MCPHERSON,350,152.0,2.980365296803653,0.528774492142205,21600.0,-97.6982,38.3164,USC00143134
350,10,2008,KANSAS,MCPHERSON,350,161.0,2.341095890410959,-0.4510018314970498,23700.0,-97.6982,38.3164,USC00143134
351,1,1999,KANSAS,MARION,351,89.0,2.559178082191781,-0.1167581370898294,8400.0,-97.179,38.3494,USC00141173
351,2,2000,KANSAS,MARION,351,87.0,1.798630136986301,-1.282412026128075,11100.0,-97.179,38.3494,USC00141173
351,3,2001,KANSAS,MARION,351,69.0,2.135799086757991,-0.7656499994314844,11400.0,-97.179,38.3494,USC00141173
351,4,2002,KANSAS,MARION,351,58.0,2.34365296803653,-0.4470827262024921,10200.0,-97.179,38.3494,USC00141173
351,5,2003,KANSAS,MARION,351,69.0,2.316041095890411,-0.4894020649813969,10500.0,-97.179,38.3494,USC00141173
351,6,2004,KANSAS,MARION,351,129.0,2.515808219178083,-0.18322896224644022,14700.0,-97.179,38.3494,USC00141173
351,7,2005,KANSAS,MARION,351,78.0,2.797018264840183,0.24776764412015548,21300.0,-97.179,38.3494,USC00141173
351,8,2006,KANSAS,MARION,351,56.0,1.82107305936073,-1.2480148787660255,15100.0,-97.179,38.3494,USC00141173
351,9,2007,KANSAS,MARION,351,107.0,2.763821917808219,0.19688925931403012,16600.0,-97.179,38.3494,USC00141173
351,10,2008,KANSAS,MARION,351,90.0,2.795616438356164,0.24561913461045973,22700.0,-97.179,38.3494,USC00141173
355,1,1999,KANSAS,MITCHELL,355,97.0,1.661826484018265,-1.4920841593868743,8900.0,-98.2213,39.4437,USC00143100
355,2,2000,KANSAS,MITCHELL,355,93.0,1.2987899543379,-2.048492135179295,6800.0,-98.2213,39.4437,USC00143100
355,3,2001,KANSAS,MITCHELL,355,81.0,1.923287671232877,-1.0913556430184193,5200.0,-98.2213,39.4437,USC00143100
355,4,2002,KANSAS,MITCHELL,355,82.0,1.442625570776256,-1.8280424623604627,4100.0,-98.2213,39.4437,USC00143100
355,5,2003,KANSAS,MITCHELL,355,134.0,1.933607305936073,-1.0755392537939574,3500.0,-98.2213,39.4437,USC00143100
355,6,2004,KANSAS,MITCHELL,355,166.0,1.938835616438356,-1.067526083147051,5100.0,-98.2213,39.4437,USC00143100
355,7,2005,KANSAS,MITCHELL,355,129.0,1.932237442922375,-1.0776387744874691,9100.0,-98.2213,39.4437,USC00143100
355,8,2006,KANSAS,MITCHELL,355,88.0,1.60607305936073,-1.5775346516128421,8500.0,-98.2213,39.4437,USC00143100
355,9,2007,KANSAS,MITCHELL,355,145.0,2.05986301369863,-0.8820334298752052,7000.0,-98.2213,39.4437,USC00143100
355,10,2008,KANSAS,MITCHELL,355,129.0,2.299337899543379,-0.5150022206376285,8400.0,-98.2213,39.4437,USC00143100
358,1,1999,KANSAS,MORTON,358,184.0,1.263972602739726,-2.1018549528060766,21100.0,-101.798,37.1333,USC00142432
358,2,2000,KANSAS,MORTON,358,153.0,1.151232876712328,-2.2746455058821717,24900.0,-101.798,37.1333,USC00142432
358,3,2001,KANSAS,MORTON,358,120.0,1.297853881278539,-2.0499268076531956,17200.0,-101.798,37.1333,USC00142432
358,4,2002,KANSAS,MORTON,358,143.0,0.9476712328767122,-2.5866342809381564,15400.0,-101.798,37.1333,USC00142432
358,5,2003,KANSAS,MORTON,358,135.0,1.337534246575342,-1.9891106915644459,12800.0,-101.798,37.1333,USC00142432
358,6,2004,KANSAS,MORTON,358,156.0,1.818949771689498,-1.2512691358409689,23200.0,-101.798,37.1333,USC00142432
358,7,2005,KANSAS,MORTON,358,138.0,1.23027397260274,-2.153503161866488,28800.0,-101.798,37.1333,USC00142432
358,8,2006,KANSAS,MORTON,358,144.0,1.578949771689498,-1.6191051613443919,16700.0,-101.798,37.1333,USC00142432
358,9,2007,KANSAS,MORTON,358,109.0,0.8003196347031963,-2.8124727235370046,31500.0,-101.798,37.1333,USC00142432
358,10,2008,KANSAS,MORTON,358,166.0,1.068630136986301,-2.4012466037009865,20000.0,-101.798,37.1333,USC00142432
363,1,1999,KANSAS,OSAGE,363,66.0,3.432853881278539,1.2222811692210047,15400.0,-95.6458,38.6009,USC00145210
363,2,2000,KANSAS,OSAGE,363,75.0,1.733264840182648,-1.3825941552201886,18000.0,-95.6458,38.6009,USC00145210
363,3,2001,KANSAS,OSAGE,363,84.0,2.882100456621005,0.3781688743942283,21600.0,-95.6458,38.6009,USC00145210
363,4,2002,KANSAS,OSAGE,363,61.0,2.028584474885844,-0.9299724857104122,25000.0,-95.6458,38.6009,USC00145210
363,5,2003,KANSAS,OSAGE,363,70.0,2.308675799086758,-0.5006904879101832,23600.0,-95.6458,38.6009,USC00145210
363,6,2004,KANSAS,OSAGE,363,123.0,2.79972602739726,0.251917696690998,24500.0,-95.6458,38.6009,USC00145210
363,7,2005,KANSAS,OSAGE,363,98.0,3.161095890410959,0.8057712556396457,29600.0,-95.6458,38.6009,USC00145210
363,8,2006,KANSAS,OSAGE,363,72.0,2.080821917808219,-0.8499107632644608,24700.0,-95.6458,38.6009,USC00145210
363,9,2007,KANSAS,OSAGE,363,89.0,3.57,1.4324781826531825,27900.0,-95.6458,38.6009,USC00145210
363,10,2008,KANSAS,OSAGE,363,103.0,2.886438356164383,0.3848173565903504,29000.0,-95.6458,38.6009,USC00145210
365,1,1999,KANSAS,OTTAWA,365,117.0,2.089452054794521,-0.8366837828953299,2400.0,-97.6982,39.1494,USC00145363
365,2,2000,KANSAS,OTTAWA,365,100.0,1.752739726027397,-1.3527459693607498,2700.0,-97.6982,39.1494,USC00145363
365,3,2001,KANSAS,OTTAWA,365,79.0,1.977123287671233,-1.0088444797633709,3700.0,-97.6982,39.1494,USC00145363
365,4,2002,KANSAS,OTTAWA,365,76.0,1.45945205479452,-1.8022533498418167,2800.0,-97.6982,39.1494,USC00145363
365,5,2003,KANSAS,OTTAWA,365,103.0,1.766575342465753,-1.3315408103562716,1500.0,-97.6982,39.1494,USC00145363
365,6,2004,KANSAS,OTTAWA,365,136.0,1.931232876712329,-1.0791784229960457,2700.0,-97.6982,39.1494,USC00145363
365,7,2005,KANSAS,OTTAWA,365,118.0,2.111232876712329,-0.8033014038684783,3700.0,-97.6982,39.1494,USC00145363
365,8,2006,KANSAS,OTTAWA,365,87.0,2.126301369863014,-0.7802066762398385,3100.0,-97.6982,39.1494,USC00145363
365,9,2007,KANSAS,OTTAWA,365,111.0,2.654931506849315,0.02999835938670678,2500.0,-97.6982,39.1494,USC00145363
365,10,2008,KANSAS,OTTAWA,365,146.0,2.163287671232877,-0.7235196175149966,2000.0,-97.6982,39.1494,USC00145363
373,1,1999,KANSAS,RICE,373,128.0,1.841095890410959,-1.217326884629181,18000.0,-98.2213,38.2809,USC00143037
373,2,2000,KANSAS,RICE,373,131.0,2.190547945205479,-0.6817391557140953,24000.0,-98.2213,38.2809,USC00143037
373,3,2001,KANSAS,RICE,373,98.0,1.615205479452055,-1.563537846989423,26000.0,-98.2213,38.2809,USC00143037
373,4,2002,KANSAS,RICE,373,114.0,2.187671232876713,-0.68614814917047,24500.0,-98.2213,38.2809,USC00143037
373,5,2003,KANSAS,RICE,373,121.0,1.673013698630137,-1.4749380737231879,17400.0,-98.2213,38.2809,USC00143037
373,6,2004,KANSAS,RICE,373,164.0,1.962465753424657,-1.0313093511839575,19000.0,-98.2213,38.2809,USC00143037
373,7,2005,KANSAS,RICE,373,130.0,1.944383561643836,-1.0590230243383236,23500.0,-98.2213,38.2809,USC00143037
373,8,2006,KANSAS,RICE,373,106.0,1.851369863013699,-1.2015804794278353,22500.0,-98.2213,38.2809,USC00143037
373,9,2007,KANSAS,RICE,373,128.0,2.649315068493151,0.021390324543305195,27200.0,-98.2213,38.2809,USC00143037
373,10,2008,KANSAS,RICE,373,134.0,2.315890410958904,-0.48963301225768374,30800.0,-98.2213,38.2809,USC00143037
378,1,1999,KANSAS,SALINE,378,125.0,2.308264840182648,-0.5013203441182374,2000.0,-97.6982,38.8175,USC00141057
378,2,2000,KANSAS,SALINE,378,117.0,1.776392694063927,-1.3164942453860968,3500.0,-97.6982,38.8175,USC00141057
378,3,2001,KANSAS,SALINE,378,62.0,1.847077625570776,-1.2081589776008428,4000.0,-97.6982,38.8175,USC00141057
378,4,2002,KANSAS,SALINE,378,76.0,1.36365296803653,-1.9490798303414696,2500.0,-97.6982,38.8175,USC00141057
378,5,2003,KANSAS,SALINE,378,76.0,1.850730593607306,-1.202560255751475,2000.0,-97.6982,38.8175,USC00141057
378,6,2004,KANSAS,SALINE,378,154.0,1.857671232876712,-1.191922684237678,2700.0,-97.6982,38.8175,USC00141057
378,7,2005,KANSAS,SALINE,378,111.0,2.240913242009133,-0.6045467782159433,3800.0,-97.6982,38.8175,USC00141057
378,8,2006,KANSAS,SALINE,378,78.0,1.919041095890411,-1.097864157168309,2000.0,-97.6982,38.8175,USC00141057
378,9,2007,KANSAS,SALINE,378,117.0,2.974383561643835,0.5196065851138649,2200.0,-97.6982,38.8175,USC00141057
378,10,2008,KANSAS,SALINE,378,124.0,2.30634703196347,-0.5042596730891558,2400.0,-97.6982,38.8175,USC00141057
380,1,1999,KANSAS,SEDGWICK,380,141.0,2.926438356164384,0.4461233608409223,15300.0,-97.5247,37.6537,USW00003928
380,2,2000,KANSAS,SEDGWICK,380,152.0,2.316027397260274,-0.4894230601883318,18100.0,-97.5247,37.6537,USW00003928
380,3,2001,KANSAS,SEDGWICK,380,135.0,1.844041095890411,-1.2128129151381286,17900.0,-97.5247,37.6537,USW00003928
380,4,2002,KANSAS,SEDGWICK,380,136.0,2.435890410958904,-0.3057149995059721,23600.0,-97.5247,37.6537,USW00003928
380,5,2003,KANSAS,SEDGWICK,380,131.0,2.314575342465754,-0.4916485521234545,25100.0,-97.5247,37.6537,USW00003928
380,6,2004,KANSAS,SEDGWICK,380,157.0,2.763342465753424,0.1961544270713002,25500.0,-97.5247,37.6537,USW00003928
380,7,2005,KANSAS,SEDGWICK,380,141.0,2.472945205479452,-0.2489229647464539,33800.0,-97.5247,37.6537,USW00003928
380,8,2006,KANSAS,SEDGWICK,380,123.0,1.959328767123288,-1.0361172535721004,30100.0,-97.5247,37.6537,USW00003928
380,9,2007,KANSAS,SEDGWICK,380,143.0,2.779945205479452,0.22160061787667457,29300.0,-97.5247,37.6537,USW00003928
380,10,2008,KANSAS,SEDGWICK,380,130.0,3.219301369863014,0.8949798899070002,35100.0,-97.5247,37.6537,USW00003928
384,1,1999,KANSAS,SHERMAN,384,173.0,1.417488584474886,-1.866568667086421,85700.0,-101.798,39.2982,USC00141029
384,2,2000,KANSAS,SHERMAN,384,141.0,1.193561643835617,-2.209770316452628,92800.0,-101.798,39.2982,USC00141029
384,3,2001,KANSAS,SHERMAN,384,144.0,1.109086757990868,-2.3392407592192437,78600.0,-101.798,39.2982,USC00141029
384,4,2002,KANSAS,SHERMAN,384,111.0,0.7653424657534247,-2.866080485244695,62600.0,-101.798,39.2982,USC00141029
384,5,2003,KANSAS,SHERMAN,384,136.0,1.084269406392694,-2.3772770757833825,54800.0,-101.798,39.2982,USC00141029
384,6,2004,KANSAS,SHERMAN,384,105.0,1.509178082191781,-1.7260407486673048,92700.0,-101.798,39.2982,USC00141029
384,7,2005,KANSAS,SHERMAN,384,144.0,1.240091324200913,-2.1384565968963147,70600.0,-101.798,39.2982,USC00141029
384,8,2006,KANSAS,SHERMAN,384,134.0,1.570662100456621,-1.631807261540144,83500.0,-101.798,39.2982,USC00141029
384,9,2007,KANSAS,SHERMAN,384,144.0,1.103310502283106,-2.3480937381435547,119800.0,-101.798,39.2982,USC00141029
384,10,2008,KANSAS,SHERMAN,384,129.0,1.436940639269406,-1.8367554732385416,108900.0,-101.798,39.2982,USC00141029
386,1,1999,KANSAS,STAFFORD,386,136.0,2.076712328767123,-0.856209325344999,66100.0,-98.7481,38.0749,USC00143847
386,2,2000,KANSAS,STAFFORD,386,130.0,2.081643835616438,-0.8486510508483536,72200.0,-98.7481,38.0749,USC00143847
386,3,2001,KANSAS,STAFFORD,386,109.0,1.770684931506849,-1.3252422482757338,78300.0,-98.7481,38.0749,USC00143847
386,4,2002,KANSAS,STAFFORD,386,151.0,2.091506849315068,-0.8335345018550624,55700.0,-98.7481,38.0749,USC00143847
386,5,2003,KANSAS,STAFFORD,386,148.0,1.691780821917808,-1.446174640222064,52500.0,-98.7481,38.0749,USC00143847
386,6,2004,KANSAS,STAFFORD,386,163.0,2.322739726027397,-0.4791354087901199,47900.0,-98.7481,38.0749,USC00143847
386,7,2005,KANSAS,STAFFORD,386,152.0,2.007397260273973,-0.9624450724367398,59700.0,-98.7481,38.0749,USC00143847
386,8,2006,KANSAS,STAFFORD,386,142.0,1.884109589041096,-1.1514019348528826,55300.0,-98.7481,38.0749,USC00143847
386,9,2007,KANSAS,STAFFORD,386,136.0,2.94986301369863,0.48202516469998846,62700.0,-98.7481,38.0749,USC00143847
386,10,2008,KANSAS,STAFFORD,386,134.0,2.354794520547945,-0.4300066245619235,69100.0,-98.7481,38.0749,USC00143847
390,1,1999,KANSAS,THOMAS,390,161.0,1.361415525114155,-1.9525090474742075,124500.0,-101.0712,39.3703,US1KSTH0018
390,2,2000,KANSAS,THOMAS,390,122.0,1.103493150684931,-2.3478138020510886,135000.0,-101.0712,39.3703,US1KSTH0018
390,3,2001,KANSAS,THOMAS,390,135.0,1.374018264840183,-1.9331934570938898,130200.0,-101.0712,39.3703,US1KSTH0018
390,4,2002,KANSAS,THOMAS,390,131.0,0.896164383561644,-2.665576259014233,73700.0,-101.0712,39.3703,US1KSTH0018
390,5,2003,KANSAS,THOMAS,390,145.0,0.9769863013698632,-2.541704538096984,66000.0,-101.0712,39.3703,US1KSTH0018
390,6,2004,KANSAS,THOMAS,390,122.0,1.372328767123288,-1.9357828659492222,98700.0,-101.0712,39.3703,US1KSTH0018
390,7,2005,KANSAS,THOMAS,390,126.0,1.52027397260274,-1.7090346310498519,119200.0,-101.0712,39.3703,US1KSTH0018
390,8,2006,KANSAS,THOMAS,390,118.0,1.341552511415525,-1.9829520975301416,107500.0,-101.0712,39.3703,US1KSTH0018
390,9,2007,KANSAS,THOMAS,390,141.0,1.204292237442923,-2.1933240710201116,161700.0,-101.0712,39.3703,US1KSTH0018
390,10,2008,KANSAS,THOMAS,390,112.0,1.636666666666666,-1.530645356124392,148700.0,-101.0712,39.3703,US1KSTH0018
399,1,1999,MISSOURI,ADAIR,399,72.4,2.474006042296072,-0.24729707308673177,12100.0,-92.5396,40.1994,USC00234544
399,2,2000,MISSOURI,ADAIR,399,160.0,2.044491803278688,-0.9055921171587396,13700.0,-92.5396,40.1994,USC00234544
399,3,2001,MISSOURI,ADAIR,399,130.7,2.929698630136986,0.45112022009148134,11300.0,-92.5396,40.1994,USC00234544
399,4,2002,MISSOURI,ADAIR,399,100.8,2.244942465753425,-0.5983713880160917,11700.0,-92.5396,40.1994,USC00234544
399,5,2003,MISSOURI,ADAIR,399,112.6,2.579774725274725,-0.0851906898800681,12100.0,-92.5396,40.1994,USC00234544
399,6,2004,MISSOURI,ADAIR,399,164.3,2.769576923076923,0.20570966875066116,14100.0,-92.5396,40.1994,USC00234544
399,7,2005,MISSOURI,ADAIR,399,90.6,2.449035812672176,-0.28556769817323907,14000.0,-92.5396,40.1994,USC00234544
399,8,2006,MISSOURI,ADAIR,399,153.0,2.994068493150685,0.5497766974796435,11900.0,-92.5396,40.1994,USC00234544
399,9,2007,MISSOURI,ADAIR,399,132.0,2.933315151515151,0.4566630819660331,14000.0,-92.5396,40.1994,USC00234544
399,10,2008,MISSOURI,ADAIR,399,118.0,4.755082621082621,3.2487951877873917,10900.0,-92.5396,40.1994,USC00234544
404,1,1999,MISSOURI,BARTON,404,92.7,3.6703,1.5862029883114883,14700.0,-94.3154,37.4749,USC00234705
404,2,2000,MISSOURI,BARTON,404,149.3,2.820324929971989,0.2834886069110834,18900.0,-94.3154,37.4749,USC00234705
404,3,2001,MISSOURI,BARTON,404,154.1,3.57781163434903,1.4444506848683207,24400.0,-94.3154,37.4749,USC00234705
404,4,2002,MISSOURI,BARTON,404,117.1,2.796853932584269,0.247515780270666,25700.0,-94.3154,37.4749,USC00234705
404,5,2003,MISSOURI,BARTON,404,112.3,3.34085552407932,1.0812798772834835,33700.0,-94.3154,37.4749,USC00234705
404,6,2004,MISSOURI,BARTON,404,147.1,3.945046831955922,2.0072937495045013,36400.0,-94.3154,37.4749,USC00234705
404,7,2005,MISSOURI,BARTON,404,102.5,2.689163434903047,0.08246392755589003,43900.0,-94.3154,37.4749,USC00234705
404,8,2006,MISSOURI,BARTON,404,133.0,2.689741046831956,0.08334920454011147,42800.0,-94.3154,37.4749,USC00234705
404,9,2007,MISSOURI,BARTON,404,120.0,4.41010989010989,2.7200726950037635,39000.0,-94.3154,37.4749,USC00234705
404,10,2008,MISSOURI,BARTON,404,117.0,4.700387978142076,3.16496743747248,40700.0,-94.3154,37.4749,USC00234705
405,1,1999,MISSOURI,BATES,405,86.4,3.048,0.6324348271832378,37800.0,-94.3154,38.3217,USC00230204
405,2,2000,MISSOURI,BATES,405,125.5,2.001464480874317,-0.971537947414065,38600.0,-94.3154,38.3217,USC00230204
405,3,2001,MISSOURI,BATES,405,134.5,3.145424657534246,0.7817527389058592,36800.0,-94.3154,38.3217,USC00230204
405,4,2002,MISSOURI,BATES,405,94.5,2.305484931506849,-0.5055809714456063,39500.0,-94.3154,38.3217,USC00230204
405,5,2003,MISSOURI,BATES,405,73.0,2.636561983471074,0.0018443074290217867,43900.0,-94.3154,38.3217,USC00230204
405,6,2004,MISSOURI,BATES,405,140.3,3.169448087431694,0.8185722512910149,44000.0,-94.3154,38.3217,USC00230204
405,7,2005,MISSOURI,BATES,405,108.5,2.824171270718232,0.2893837014645413,52900.0,-94.3154,38.3217,USC00230204
405,8,2006,MISSOURI,BATES,405,118.0,2.263630681818182,-0.5697288916785527,39100.0,-94.3154,38.3217,USC00230204
405,9,2007,MISSOURI,BATES,405,134.0,3.251619834710743,0.9445127884901696,51400.0,-94.3154,38.3217,USC00230204
405,10,2008,MISSOURI,BATES,405,120.0,3.954059701492537,2.02110732495754,43500.0,-94.3154,38.3217,USC00230204
408,1,1999,MISSOURI,BOONE,408,70.4,2.430745205479452,-0.3136007992308054,18200.0,-92.3814,39.0469,USC00231801
408,2,2000,MISSOURI,BOONE,408,141.3,2.919956164383561,0.4361884289192188,19400.0,-92.3814,39.0469,USC00231801
408,3,2001,MISSOURI,BOONE,408,130.2,3.506591780821918,1.3352955687918677,20400.0,-92.3814,39.0469,USC00231801
408,4,2002,MISSOURI,BOONE,408,94.7,3.155167123287671,0.7966845300781217,21500.0,-92.3814,39.0469,USC00231801
408,5,2003,MISSOURI,BOONE,408,88.9,2.985369863013699,0.5364447410758384,22000.0,-92.3814,39.0469,USC00231801
408,6,2004,MISSOURI,BOONE,408,171.8,3.238153005464481,0.9238728512148433,23300.0,-92.3814,39.0469,USC00231801
408,7,2005,MISSOURI,BOONE,408,68.3,2.986065753424657,0.5375112975881411,24100.0,-92.3814,39.0469,USC00231801
408,8,2006,MISSOURI,BOONE,408,140.0,2.332624657534247,-0.4639852674657315,19300.0,-92.3814,39.0469,USC00231801
408,9,2007,MISSOURI,BOONE,408,123.0,2.630465753424657,-0.007499080199430473,26000.0,-92.3814,39.0469,USC00231801
408,10,2008,MISSOURI,BOONE,408,130.0,4.430426229508196,2.751210534741478,19600.0,-92.3814,39.0469,USC00231801
410,1,1999,MISSOURI,BUTLER,410,115.8,2.880303867403315,0.3754153317388227,13300.0,-90.3748,36.6951,USW00003975
410,2,2000,MISSOURI,BUTLER,410,131.3,2.530284153005464,-0.16104242072763064,15300.0,-90.3748,36.6951,USW00003975
410,3,2001,MISSOURI,BUTLER,410,136.1,3.081586776859504,0.6839116043060306,15200.0,-90.3748,36.6951,USW00003975
410,4,2002,MISSOURI,BUTLER,410,126.3,4.370770083102493,2.659778535613461,12700.0,-90.3748,36.6951,USW00003975
410,5,2003,MISSOURI,BUTLER,410,134.4,3.087076923076923,0.6923260774895643,20300.0,-90.3748,36.6951,USW00003975
410,6,2004,MISSOURI,BUTLER,410,147.5,2.942224657534247,0.4703182373129627,20800.0,-90.3748,36.6951,USW00003975
410,7,2005,MISSOURI,BUTLER,410,127.6,2.782865753424657,0.22607679599524325,17800.0,-90.3748,36.6951,USW00003975
410,8,2006,MISSOURI,BUTLER,410,157.0,3.732060273972603,1.680859878778508,10600.0,-90.3748,36.6951,USW00003975
410,9,2007,MISSOURI,BUTLER,410,155.0,3.247720547945205,0.9385365462146128,30700.0,-90.3748,36.6951,USW00003975
410,10,2008,MISSOURI,BUTLER,410,160.0,3.878893150684931,1.9059033028747447,20100.0,-90.3748,36.6951,USW00003975
411,1,1999,MISSOURI,CALDWELL,411,93.4,2.351413698630137,-0.43518824163351244,20300.0,-93.9878,39.6661,USC00233568
411,2,2000,MISSOURI,CALDWELL,411,134.2,2.510852459016393,-0.19082440858487437,21200.0,-93.9878,39.6661,USC00233568
411,3,2001,MISSOURI,CALDWELL,411,124.6,3.323572602739726,1.0547912060557982,16800.0,-93.9878,39.6661,USC00233568
411,4,2002,MISSOURI,CALDWELL,411,75.3,1.89838904109589,-1.129516531143707,20400.0,-93.9878,39.6661,USC00233568
411,5,2003,MISSOURI,CALDWELL,411,48.6,2.487112328767123,-0.22720972173414566,18400.0,-93.9878,39.6661,USC00233568
411,6,2004,MISSOURI,CALDWELL,411,163.0,3.171510989010989,0.8217339576157344,16700.0,-93.9878,39.6661,USC00233568
411,7,2005,MISSOURI,CALDWELL,411,75.0,2.627663716814159,-0.01179362190826683,19000.0,-93.9878,39.6661,USC00233568
411,8,2006,MISSOURI,CALDWELL,411,104.0,2.104372602739726,-0.8138158035015907,13000.0,-93.9878,39.6661,USC00233568
411,9,2007,MISSOURI,CALDWELL,411,109.0,2.757117808219178,0.18661420503997916,17200.0,-93.9878,39.6661,USC00233568
411,10,2008,MISSOURI,CALDWELL,411,136.0,3.060928143712575,0.6522491480181152,12500.0,-93.9878,39.6661,USC00233568
417,1,1999,MISSOURI,CASS,417,83.2,2.732065753424657,0.14821817059701844,23900.0,-94.3154,38.6574,USC00236745
417,2,2000,MISSOURI,CASS,417,121.1,2.279060109289617,-0.5460809780248607,24200.0,-94.3154,38.6574,USC00236745
417,3,2001,MISSOURI,CASS,417,123.8,3.201095890410959,0.8670772598902162,24800.0,-94.3154,38.6574,USC00236745
417,4,2002,MISSOURI,CASS,417,100.5,2.334712328767123,-0.4607855979288194,27700.0,-94.3154,38.6574,USC00236745
417,5,2003,MISSOURI,CASS,417,71.8,2.66665205479452,0.04796185844040085,27700.0,-94.3154,38.6574,USC00236745
417,6,2004,MISSOURI,CASS,417,135.8,3.613601092896175,1.499303402313743,26400.0,-94.3154,38.6574,USC00236745
417,7,2005,MISSOURI,CASS,417,112.7,2.86358904109589,0.349797351422559,29800.0,-94.3154,38.6574,USC00236745
417,8,2006,MISSOURI,CASS,417,121.0,2.217802739726027,-0.6399670919959665,26000.0,-94.3154,38.6574,USC00236745
417,9,2007,MISSOURI,CASS,417,127.0,3.131506849315068,0.7604216086597704,32600.0,-94.3154,38.6574,USC00236745
417,10,2008,MISSOURI,CASS,417,124.0,3.726721311475409,1.6726771173398427,26900.0,-94.3154,38.6574,USC00236745
419,1,1999,MISSOURI,CHARITON,419,101.4,2.614460273972603,-0.03202987998243132,59400.0,-93.0176,39.5302,USC00237514
419,2,2000,MISSOURI,CHARITON,419,151.5,2.492727777777778,-0.2186032032112437,66500.0,-93.0176,39.5302,USC00237514
419,3,2001,MISSOURI,CHARITON,419,131.3,3.151972527472527,0.7917883324625705,59700.0,-93.0176,39.5302,USC00237514
419,4,2002,MISSOURI,CHARITON,419,123.4,2.412302197802198,-0.3418674769071813,65500.0,-93.0176,39.5302,USC00237514
419,5,2003,MISSOURI,CHARITON,419,108.9,2.893512328767123,0.3956592814516507,67400.0,-93.0176,39.5302,USC00237514
419,6,2004,MISSOURI,CHARITON,419,164.7,3.176387978142076,0.8292086755257441,68600.0,-93.0176,39.5302,USC00237514
419,7,2005,MISSOURI,CHARITON,419,116.5,2.601238356164384,-0.052294453716215376,71200.0,-93.0176,39.5302,USC00237514
419,8,2006,MISSOURI,CHARITON,419,151.0,2.566443835616438,-0.10562227933143932,62700.0,-93.0176,39.5302,USC00237514
419,9,2007,MISSOURI,CHARITON,419,146.0,2.726454293628809,0.1396177661446149,73000.0,-93.0176,39.5302,USC00237514
419,10,2008,MISSOURI,CHARITON,419,143.0,3.73345205479452,1.6829929918031155,57900.0,-93.0176,39.5302,USC00237514
427,1,1999,MISSOURI,DADE,427,104.2,3.514246575342466,1.3470276904272167,3300.0,-93.9878,37.4864,USC00235027
427,2,2000,MISSOURI,DADE,427,146.4,2.739024657534246,0.1588837357200628,4200.0,-93.9878,37.4864,USC00235027
427,3,2001,MISSOURI,DADE,427,143.3,3.144994505494505,0.7810934663364404,4600.0,-93.9878,37.4864,USC00235027
427,4,2002,MISSOURI,DADE,427,118.4,3.275556164383561,0.9811988067067903,6700.0,-93.9878,37.4864,USC00235027
427,5,2003,MISSOURI,DADE,427,98.1,2.713276712328767,0.11942114476479943,8500.0,-93.9878,37.4864,USC00235027
427,6,2004,MISSOURI,DADE,427,145.4,3.7065956284153,1.6418314870591257,11300.0,-93.9878,37.4864,USC00235027
427,7,2005,MISSOURI,DADE,427,66.6,2.242854794520548,-0.6015710575530058,12500.0,-93.9878,37.4864,USC00235027
427,8,2006,MISSOURI,DADE,427,131.0,2.408476712328767,-0.347730607624548,9600.0,-93.9878,37.4864,USC00235027
427,9,2007,MISSOURI,DADE,427,120.0,3.558783561643835,1.4152873072146999,13500.0,-93.9878,37.4864,USC00235027
427,10,2008,MISSOURI,DADE,427,114.0,4.059142076502732,2.1821618381834162,12000.0,-93.9878,37.4864,USC00235027
430,1,1999,MISSOURI,DE KALB,430,87.2,2.466235616438356,-0.2592064171032788,26300.0,-94.4388,39.8555,USC00230143
430,2,2000,MISSOURI,DE KALB,430,132.2,2.276978142076503,-0.5492719052952786,26400.0,-94.4388,39.8555,USC00230143
430,3,2001,MISSOURI,DE KALB,430,105.7,3.112717808219178,0.7316245828275514,24200.0,-94.4388,39.8555,USC00230143
430,4,2002,MISSOURI,DE KALB,430,78.9,1.902564383561644,-1.1231171920698795,23900.0,-94.4388,39.8555,USC00230143
430,5,2003,MISSOURI,DE KALB,430,57.5,2.075145205479452,-0.858611177018377,24100.0,-94.4388,39.8555,USC00230143
430,6,2004,MISSOURI,DE KALB,430,146.4,3.183327868852459,0.8398450997604754,22400.0,-94.4388,39.8555,USC00230143
430,7,2005,MISSOURI,DE KALB,430,105.8,2.671523287671233,0.055427754026533146,25000.0,-94.4388,39.8555,USC00230143
430,8,2006,MISSOURI,DE KALB,430,140.0,2.109243835616438,-0.8063499079154598,22300.0,-94.4388,39.8555,USC00230143
430,9,2007,MISSOURI,DE KALB,430,117.0,2.906038356164383,0.41485729867313004,31600.0,-94.4388,39.8555,USC00230143
430,10,2008,MISSOURI,DE KALB,430,127.0,3.080617486338798,0.6824260210864694,25200.0,-94.4388,39.8555,USC00230143
433,1,1999,MISSOURI,DUNKLIN,433,138.9,2.830186301369863,0.29860263883194654,13100.0,-90.0554,36.2364,USC00235207
433,2,2000,MISSOURI,DUNKLIN,433,144.4,3.576876712328767,1.4430177765346162,13900.0,-90.0554,36.2364,USC00235207
433,3,2001,MISSOURI,DUNKLIN,433,155.7,3.11436036036036,0.734142040541278,13600.0,-90.0554,36.2364,USC00235207
433,4,2002,MISSOURI,DUNKLIN,433,136.6,3.56852602739726,1.4302190983869625,11700.0,-90.0554,36.2364,USC00235207
433,5,2003,MISSOURI,DUNKLIN,433,158.9,2.898670329670329,0.4035646920840601,17800.0,-90.0554,36.2364,USC00235207
433,6,2004,MISSOURI,DUNKLIN,433,157.2,3.106398891966759,0.7219398951618063,22800.0,-90.0554,36.2364,USC00235207
433,7,2005,MISSOURI,DUNKLIN,433,137.2,2.398734246575343,-0.36266239879680917,18000.0,-90.0554,36.2364,USC00235207
433,8,2006,MISSOURI,DUNKLIN,433,152.0,3.690306849315068,1.6168664880402404,11400.0,-90.0554,36.2364,USC00235207
433,9,2007,MISSOURI,DUNKLIN,433,161.0,2.784094707520891,0.22796035262142988,33100.0,-90.0554,36.2364,USC00235207
433,10,2008,MISSOURI,DUNKLIN,433,168.0,3.296448087431694,1.0132188147865766,26600.0,-90.0554,36.2364,USC00235207
434,1,1999,MISSOURI,FRANKLIN,434,98.6,2.537912328767123,-0.14935109633592156,16000.0,-91.1353,38.3954,USC00237300
434,2,2000,MISSOURI,FRANKLIN,434,121.1,3.192349726775956,0.8536724512656239,16500.0,-91.1353,38.3954,USC00237300
434,3,2001,MISSOURI,FRANKLIN,434,126.2,2.724727272727272,0.13697084737635332,13500.0,-91.1353,38.3954,USC00237300
434,4,2002,MISSOURI,FRANKLIN,434,100.0,2.933928143712575,0.45760258452255426,16400.0,-91.1353,38.3954,USC00237300
434,5,2003,MISSOURI,FRANKLIN,434,121.2,2.804438356164384,0.25914004787668243,16100.0,-91.1353,38.3954,USC00237300
434,6,2004,MISSOURI,FRANKLIN,434,139.9,3.342945355191257,1.0844828571592686,15300.0,-91.1353,38.3954,USC00237300
434,7,2005,MISSOURI,FRANKLIN,434,103.9,3.045900826446281,0.6292175286130629,16300.0,-91.1353,38.3954,USC00237300
434,8,2006,MISSOURI,FRANKLIN,434,143.0,2.430049315068493,-0.31466735574311017,16600.0,-91.1353,38.3954,USC00237300
434,9,2007,MISSOURI,FRANKLIN,434,133.0,2.315227397260274,-0.4906491802733431,20100.0,-91.1353,38.3954,USC00237300
434,10,2008,MISSOURI,FRANKLIN,434,154.0,4.066081967213115,2.1927982624181483,17100.0,-91.1353,38.3954,USC00237300
435,1,1999,MISSOURI,GASCONADE,435,77.4,2.557397260273973,-0.11948751399139579,6600.0,-91.4821,38.4336,USC00233793
435,2,2000,MISSOURI,GASCONADE,435,124.4,3.303391780821918,1.0238610671989699,6400.0,-91.4821,38.4336,USC00233793
435,3,2001,MISSOURI,GASCONADE,435,109.6,3.122887537993921,0.7472112202474896,5600.0,-91.4821,38.4336,USC00233793
435,4,2002,MISSOURI,GASCONADE,435,86.0,2.842991097922849,0.31822791162957254,4800.0,-91.4821,38.4336,USC00233793
435,5,2003,MISSOURI,GASCONADE,435,86.4,2.345898507462687,-0.4436410999623721,4500.0,-91.4821,38.4336,USC00233793
435,6,2004,MISSOURI,GASCONADE,435,113.3,3.745492063492063,1.701446112412828,4900.0,-91.4821,38.4336,USC00233793
435,7,2005,MISSOURI,GASCONADE,435,90.8,3.293806451612903,1.009170111368195,4800.0,-91.4821,38.4336,USC00233793
435,8,2006,MISSOURI,GASCONADE,435,133.0,3.117416149068323,0.7388254954292589,5300.0,-91.4821,38.4336,USC00233793
435,9,2007,MISSOURI,GASCONADE,435,116.0,2.149067039106145,-0.745314870855177,5200.0,-91.4821,38.4336,USC00233793
435,10,2008,MISSOURI,GASCONADE,435,141.0,4.192759002770083,2.386949834425777,4200.0,-91.4821,38.4336,USC00233793
439,1,1999,MISSOURI,HARRISON,439,86.9,1.669944751381215,-1.4796416960503675,38600.0,-93.9878,40.322,USC00230608
439,2,2000,MISSOURI,HARRISON,439,143.3,2.447446575342465,-0.2880034429354999,45100.0,-93.9878,40.322,USC00230608
439,3,2001,MISSOURI,HARRISON,439,105.3,2.688920547945205,0.08209166683414341,34000.0,-93.9878,40.322,USC00230608
439,4,2002,MISSOURI,HARRISON,439,106.1,2.096404558404558,-0.8260280274986043,41300.0,-93.9878,40.322,USC00230608
439,5,2003,MISSOURI,HARRISON,439,75.0,2.074091428571428,-0.8602262483084393,40300.0,-93.9878,40.322,USC00230608
439,6,2004,MISSOURI,HARRISON,439,143.3,3.342873563218391,1.0843728251844265,46200.0,-93.9878,40.322,USC00230608
439,7,2005,MISSOURI,HARRISON,439,127.3,3.690121495327102,1.6165824052308877,43800.0,-93.9878,40.322,USC00230608
439,8,2006,MISSOURI,HARRISON,439,130.0,2.131052924791086,-0.772924205074409,43600.0,-93.9878,40.322,USC00230608
439,9,2007,MISSOURI,HARRISON,439,134.0,3.222089887640449,0.8992537119749056,50000.0,-93.9878,40.322,USC00230608
439,10,2008,MISSOURI,HARRISON,439,120.0,3.346204419889502,1.0894778630153557,42800.0,-93.9878,40.322,USC00230608
443,1,1999,MISSOURI,HOWARD,443,97.5,2.275561643835616,-0.5514429014746973,30100.0,-92.6984,39.2064,USC00236012
443,2,2000,MISSOURI,HOWARD,443,139.9,2.660754098360655,0.038922354885295614,30400.0,-92.6984,39.2064,USC00236012
443,3,2001,MISSOURI,HOWARD,443,149.2,3.036169863013698,0.6143033664740611,27700.0,-92.6984,39.2064,USC00236012
443,4,2002,MISSOURI,HOWARD,443,118.5,2.969364383561643,0.5119139412928342,31700.0,-92.6984,39.2064,USC00236012
443,5,2003,MISSOURI,HOWARD,443,107.1,2.915084931506849,0.4287225333330885,29900.0,-92.6984,39.2064,USC00236012
443,6,2004,MISSOURI,HOWARD,443,170.8,3.046612021857924,0.6303075423362925,28000.0,-92.6984,39.2064,USC00236012
443,7,2005,MISSOURI,HOWARD,443,95.0,2.534432876712329,-0.1546838788974424,32600.0,-92.6984,39.2064,USC00236012
443,8,2006,MISSOURI,HOWARD,443,141.0,2.195534246575342,-0.674096900389709,27400.0,-92.6984,39.2064,USC00236012
443,9,2007,MISSOURI,HOWARD,443,143.0,2.382032876712329,-0.3882597550921161,35900.0,-92.6984,39.2064,USC00236012
443,10,2008,MISSOURI,HOWARD,443,153.0,3.943245901639344,2.004533553463424,29300.0,-92.6984,39.2064,USC00236012
447,1,1999,MISSOURI,JASPER,447,90.9,3.747197802197802,1.7040604130214374,5800.0,-94.3565,37.1746,USW00013987
447,2,2000,MISSOURI,JASPER,447,149.0,2.541387978142077,-0.14402414195206076,9800.0,-94.3565,37.1746,USW00013987
447,3,2001,MISSOURI,JASPER,447,139.6,3.054958904109589,0.6431003923062822,11400.0,-94.3565,37.1746,USW00013987
447,4,2002,MISSOURI,JASPER,447,109.2,2.837145205479452,0.3092682039549909,12400.0,-94.3565,37.1746,USW00013987
447,5,2003,MISSOURI,JASPER,447,109.8,2.564356164383562,-0.1088219488683514,17000.0,-94.3565,37.1746,USW00013987
447,6,2004,MISSOURI,JASPER,447,143.8,3.368622950819672,1.1238376268277697,20300.0,-94.3565,37.1746,USW00013987
447,7,2005,MISSOURI,JASPER,447,90.8,2.280432876712329,-0.543977005888565,19200.0,-94.3565,37.1746,USW00013987
447,8,2006,MISSOURI,JASPER,447,113.0,2.256076712328767,-0.5813064838192217,21400.0,-94.3565,37.1746,USW00013987
447,9,2007,MISSOURI,JASPER,447,123.0,3.865671232876712,1.8856387291409609,22400.0,-94.3565,37.1746,USW00013987
447,10,2008,MISSOURI,JASPER,447,111.0,4.388092896174864,2.686328346909627,21600.0,-94.3565,37.1746,USW00013987
449,1,1999,MISSOURI,JOHNSON,449,79.0,2.8448,0.32100032559034,30600.0,-93.8248,38.6745,USC00232568
449,2,2000,MISSOURI,JOHNSON,449,120.9,2.539300275482093,-0.1472238596557333,31100.0,-93.8248,38.6745,USC00232568
449,3,2001,MISSOURI,JOHNSON,449,108.4,3.393412087912088,1.1618307004266601,30500.0,-93.8248,38.6745,USC00232568
449,4,2002,MISSOURI,JOHNSON,449,83.7,2.294396694214876,-0.5225753595094317,32600.0,-93.8248,38.6745,USC00232568
449,5,2003,MISSOURI,JOHNSON,449,52.3,2.542783561643835,-0.14188520074979064,31700.0,-93.8248,38.6745,USC00232568
449,6,2004,MISSOURI,JOHNSON,449,156.3,3.195819672131147,0.8589906633829886,30100.0,-93.8248,38.6745,USC00232568
449,7,2005,MISSOURI,JOHNSON,449,90.0,2.39386301369863,-0.3701282943829415,34200.0,-93.8248,38.6745,USC00232568
449,8,2006,MISSOURI,JOHNSON,449,104.0,2.167746556473829,-0.7166857065766311,29900.0,-93.8248,38.6745,USC00232568
449,9,2007,MISSOURI,JOHNSON,449,130.0,3.226843835616438,0.9065398508454796,34100.0,-93.8248,38.6745,USC00232568
449,10,2008,MISSOURI,JOHNSON,449,134.0,3.884083333333333,1.913858036862349,29900.0,-93.8248,38.6745,USC00232568
452,1,1999,MISSOURI,LAFAYETTE,452,112.9,2.323681318681319,-0.4776922767090287,90700.0,-93.9878,39.0031,USC00231580
452,2,2000,MISSOURI,LAFAYETTE,452,141.9,2.425178082191781,-0.3221332513292404,91700.0,-93.9878,39.0031,USC00231580
452,3,2001,MISSOURI,LAFAYETTE,452,135.1,3.69734435261708,1.6276525182239043,87500.0,-93.9878,39.0031,USC00231580
452,4,2002,MISSOURI,LAFAYETTE,452,110.3,2.144038356164383,-0.7530220823002379,91300.0,-93.9878,39.0031,USC00231580
452,5,2003,MISSOURI,LAFAYETTE,452,102.0,2.904556473829201,0.4125860915546424,90500.0,-93.9878,39.0031,USC00231580
452,6,2004,MISSOURI,LAFAYETTE,452,183.1,3.180306406685236,0.8352142554488075,90400.0,-93.9878,39.0031,USC00231580
452,7,2005,MISSOURI,LAFAYETTE,452,131.0,2.163186813186813,-0.7236741976100138,94700.0,-93.9878,39.0031,USC00231580
452,8,2006,MISSOURI,LAFAYETTE,452,128.0,2.059912087912088,-0.8819582162767337,89000.0,-93.9878,39.0031,USC00231580
452,9,2007,MISSOURI,LAFAYETTE,452,152.0,2.628378082191781,-0.010698749736342562,104000.0,-93.9878,39.0031,USC00231580
452,10,2008,MISSOURI,LAFAYETTE,452,167.0,3.511584699453552,1.3429479660632104,93800.0,-93.9878,39.0031,USC00231580
454,1,1999,MISSOURI,LEWIS,454,64.8,2.134295890410959,-0.7679538734724991,45000.0,-91.7539,40.0501,USC00231275
454,2,2000,MISSOURI,LEWIS,454,149.5,2.167327868852459,-0.7173274082040152,50600.0,-91.7539,40.0501,USC00231275
454,3,2001,MISSOURI,LEWIS,454,109.8,2.752942465753424,0.18021486596615158,42500.0,-91.7539,40.0501,USC00231275
454,4,2002,MISSOURI,LEWIS,454,100.9,2.664564383561644,0.044762188903488764,50900.0,-91.7539,40.0501,USC00231275
454,5,2003,MISSOURI,LEWIS,454,137.4,2.961709589041096,0.5001818196574864,50000.0,-91.7539,40.0501,USC00231275
454,6,2004,MISSOURI,LEWIS,454,168.8,2.807956043956044,0.26453143244437477,53400.0,-91.7539,40.0501,USC00231275
454,7,2005,MISSOURI,LEWIS,454,71.6,2.278924791086351,-0.546288373483476,53900.0,-91.7539,40.0501,USC00231275
454,8,2006,MISSOURI,LEWIS,454,126.0,2.487664835164835,-0.22636292274498054,50500.0,-91.7539,40.0501,USC00231275
454,9,2007,MISSOURI,LEWIS,454,130.0,1.952089887640449,-1.0472119229807075,59700.0,-91.7539,40.0501,USC00231275
454,10,2008,MISSOURI,LEWIS,454,133.0,3.457103641456583,1.2594475667347664,48100.0,-91.7539,40.0501,USC00231275
455,1,1999,MISSOURI,LINCOLN,455,86.2,2.009035616438356,-0.9599340456873,45900.0,-90.9821,39.067,USC00232591
455,2,2000,MISSOURI,LINCOLN,455,149.0,2.907120218579235,0.4165154152182164,49200.0,-90.9821,39.067,USC00232591
455,3,2001,MISSOURI,LINCOLN,455,120.2,3.202487671232876,0.8692103729148236,45100.0,-90.9821,39.067,USC00232591
455,4,2002,MISSOURI,LINCOLN,455,78.3,2.875642857142857,0.3682716338678332,37000.0,-90.9821,39.067,USC00232591
455,5,2003,MISSOURI,LINCOLN,455,111.6,3.16212602739726,0.8073500952011661,41200.0,-90.9821,39.067,USC00232591
455,6,2004,MISSOURI,LINCOLN,455,147.1,3.181939890710382,0.8377178149135287,42100.0,-90.9821,39.067,USC00232591
455,7,2005,MISSOURI,LINCOLN,455,86.3,2.564626038781163,-0.10840832584419048,41200.0,-90.9821,39.067,USC00232591
455,8,2006,MISSOURI,LINCOLN,455,128.0,2.183704109589041,-0.6922283610988836,33500.0,-90.9821,39.067,USC00232591
455,9,2007,MISSOURI,LINCOLN,455,118.0,1.969895604395604,-1.019921989303808,45500.0,-90.9821,39.067,USC00232591
455,10,2008,MISSOURI,LINCOLN,455,135.0,3.81763387978142,1.8120142748148076,19800.0,-90.9821,39.067,USC00232591
456,1,1999,MISSOURI,LINN,456,71.3,2.344454794520548,-0.44585380675655684,18600.0,-93.178,39.8557,USC00230980
456,2,2000,MISSOURI,LINN,456,146.5,2.613562841530054,-0.03340532991086909,20400.0,-93.178,39.8557,USC00230980
456,3,2001,MISSOURI,LINN,456,116.3,3.11758904109589,0.7390904784136817,15400.0,-93.178,39.8557,USC00230980
456,4,2002,MISSOURI,LINN,456,100.2,2.536520547945205,-0.1514842093605303,18200.0,-93.178,39.8557,USC00230980
456,5,2003,MISSOURI,LINN,456,67.8,2.55252602739726,-0.1269534095775281,16900.0,-93.178,39.8557,USC00230980
456,6,2004,MISSOURI,LINN,456,155.6,3.330453551912568,1.0653372935367533,16800.0,-93.178,39.8557,USC00230980
456,7,2005,MISSOURI,LINN,456,88.6,2.217802739726027,-0.6399670919959665,17600.0,-93.178,39.8557,USC00230980
456,8,2006,MISSOURI,LINN,456,149.0,2.697967123287671,0.09595690149410124,16900.0,-93.178,39.8557,USC00230980
456,9,2007,MISSOURI,LINN,456,132.0,3.043824657534246,0.6260354881094102,22400.0,-93.178,39.8557,USC00230980
456,10,2008,MISSOURI,LINN,456,139.0,4.290240437158469,2.5363547651999294,16600.0,-93.178,39.8557,USC00230980
457,1,1999,MISSOURI,LIVINGSTON,457,88.1,2.323681318681319,-0.4776922767090287,19500.0,-93.5003,39.8464,USC00231580
457,2,2000,MISSOURI,LIVINGSTON,457,142.9,2.425178082191781,-0.3221332513292404,24100.0,-93.5003,39.8464,USC00231580
457,3,2001,MISSOURI,LIVINGSTON,457,124.7,3.69734435261708,1.6276525182239043,19200.0,-93.5003,39.8464,USC00231580
457,4,2002,MISSOURI,LIVINGSTON,457,113.0,2.144038356164383,-0.7530220823002379,26300.0,-93.5003,39.8464,USC00231580
457,5,2003,MISSOURI,LIVINGSTON,457,63.4,2.904556473829201,0.4125860915546424,25300.0,-93.5003,39.8464,USC00231580
457,6,2004,MISSOURI,LIVINGSTON,457,163.2,3.180306406685236,0.8352142554488075,25200.0,-93.5003,39.8464,USC00231580
457,7,2005,MISSOURI,LIVINGSTON,457,96.5,2.163186813186813,-0.7236741976100138,26900.0,-93.5003,39.8464,USC00231580
457,8,2006,MISSOURI,LIVINGSTON,457,144.0,2.059912087912088,-0.8819582162767337,22100.0,-93.5003,39.8464,USC00231580
457,9,2007,MISSOURI,LIVINGSTON,457,128.0,2.628378082191781,-0.010698749736342562,27800.0,-93.5003,39.8464,USC00231580
457,10,2008,MISSOURI,LIVINGSTON,457,140.0,3.511584699453552,1.3429479660632104,23000.0,-93.5003,39.8464,USC00231580
458,1,1999,MISSOURI,MACON,458,64.9,2.269994520547945,-0.559975353573133,19400.0,-92.5396,39.8713,USC00235050
458,2,2000,MISSOURI,MACON,458,144.6,2.379063360881543,-0.39281098384572416,21200.0,-92.5396,39.8713,USC00235050
458,3,2001,MISSOURI,MACON,458,131.4,2.919956164383561,0.4361884289192188,18700.0,-92.5396,39.8713,USC00235050
458,4,2002,MISSOURI,MACON,458,98.0,2.421046831955923,-0.328465012442233,21000.0,-92.5396,39.8713,USC00235050
458,5,2003,MISSOURI,MACON,458,93.1,2.679873972602739,0.0682264321741849,22000.0,-92.5396,39.8713,USC00235050
458,6,2004,MISSOURI,MACON,458,174.7,3.091145205479452,0.6985613309461135,21700.0,-92.5396,39.8713,USC00235050
458,7,2005,MISSOURI,MACON,458,86.8,2.610980821917808,-0.0373626625439542,24700.0,-92.5396,39.8713,USC00235050
458,8,2006,MISSOURI,MACON,458,150.0,2.52747397260274,-0.16534944402048676,20400.0,-92.5396,39.8713,USC00235050
458,9,2007,MISSOURI,MACON,458,155.0,2.612372602739726,-0.035229549519345454,27200.0,-92.5396,39.8713,USC00235050
458,10,2008,MISSOURI,MACON,458,142.0,5.027748571428571,3.6666966855597587,24300.0,-92.5396,39.8713,USC00235050
461,1,1999,MISSOURI,MARION,461,82.7,2.205054945054945,-0.6595050008532352,46200.0,-91.6372,39.8464,USC00233601
461,2,2000,MISSOURI,MARION,461,169.0,2.622584699453552,-0.019577978405718514,47800.0,-91.6372,39.8464,USC00233601
461,3,2001,MISSOURI,MARION,461,127.0,2.722323287671233,0.13328637942475727,42300.0,-91.6372,39.8464,USC00233601
461,4,2002,MISSOURI,MARION,461,108.8,2.807917808219178,0.26447283043820397,50400.0,-91.6372,39.8464,USC00233601
461,5,2003,MISSOURI,MARION,461,131.9,2.752246575342466,0.1791483094538489,49300.0,-91.6372,39.8464,USC00233601
461,6,2004,MISSOURI,MARION,461,178.0,2.906734246575343,0.41592385518543606,53100.0,-91.6372,39.8464,USC00233601
461,7,2005,MISSOURI,MARION,461,63.9,2.160043835616438,-0.7284912825172349,52500.0,-91.6372,39.8464,USC00233601
461,8,2006,MISSOURI,MARION,461,145.0,2.100573002754821,-0.8196392608222167,51400.0,-91.6372,39.8464,USC00233601
461,9,2007,MISSOURI,MARION,461,151.0,2.578273972602739,-0.08749081862226402,55300.0,-91.6372,39.8464,USC00233601
461,10,2008,MISSOURI,MARION,461,142.0,4.035546448087431,2.145997995785334,48600.0,-91.6372,39.8464,USC00233601
464,1,1999,MISSOURI,MILLER,464,63.8,2.388453781512605,-0.3784187546676605,1600.0,-92.3814,38.2081,USC00232503
464,2,2000,MISSOURI,MILLER,464,114.7,3.045918032786885,0.6292438999128185,1700.0,-92.3814,38.2081,USC00232503
464,3,2001,MISSOURI,MILLER,464,114.7,3.543647416413374,1.3920888926188024,1500.0,-92.3814,38.2081,USC00232503
464,4,2002,MISSOURI,MILLER,464,102.9,3.139872340425532,0.7732429794991762,1400.0,-92.3814,38.2081,USC00232503
464,5,2003,MISSOURI,MILLER,464,98.1,3.224789772727273,0.9033916911401279,1600.0,-92.3814,38.2081,USC00232503
464,6,2004,MISSOURI,MILLER,464,155.6,3.224330578512396,0.9026879070779003,1600.0,-92.3814,38.2081,USC00232503
464,7,2005,MISSOURI,MILLER,464,68.2,2.924827397260274,0.4436543245053511,1700.0,-92.3814,38.2081,USC00232503
464,8,2006,MISSOURI,MILLER,464,96.0,1.66833426183844,-1.482110013019239,1500.0,-92.3814,38.2081,USC00232503
464,9,2007,MISSOURI,MILLER,464,122.0,2.93423661971831,0.4580753703055237,2000.0,-92.3814,38.2081,USC00232503
464,10,2008,MISSOURI,MILLER,464,139.0,3.990235616438356,2.076552344843457,1700.0,-92.3814,38.2081,USC00232503
466,1,1999,MISSOURI,MONITEAU,466,53.8,2.157956164383561,-0.7316909520541491,12500.0,-92.5792,38.5827,USC00231189
466,2,2000,MISSOURI,MONITEAU,466,130.3,2.749217630853994,0.1745059973617239,13200.0,-92.5792,38.5827,USC00231189
466,3,2001,MISSOURI,MONITEAU,466,120.2,3.435797183098591,1.2267922210682747,12300.0,-92.5792,38.5827,USC00231189
466,4,2002,MISSOURI,MONITEAU,466,92.7,2.76902808988764,0.20486849950478506,11600.0,-92.5792,38.5827,USC00231189
466,5,2003,MISSOURI,MONITEAU,466,75.2,2.943453038674033,0.472200915797389,12500.0,-92.5792,38.5827,USC00231189
466,6,2004,MISSOURI,MONITEAU,466,150.8,3.384584699453552,1.1483014025676488,12500.0,-92.5792,38.5827,USC00231189
466,7,2005,MISSOURI,MONITEAU,466,62.3,3.393215469613259,1.1615293533700664,12800.0,-92.5792,38.5827,USC00231189
466,8,2006,MISSOURI,MONITEAU,466,102.0,2.123917127071823,-0.7838608862071177,9600.0,-92.5792,38.5827,USC00231189
466,9,2007,MISSOURI,MONITEAU,466,121.0,2.659281767955801,0.036665787533840276,14200.0,-92.5792,38.5827,USC00231189
466,10,2008,MISSOURI,MONITEAU,466,126.0,3.811411111111111,1.8024769477510008,11300.0,-92.5792,38.5827,USC00231189
470,1,1999,MISSOURI,NEW MADRID,470,140.2,2.474586301369863,-0.2464077389556257,57400.0,-89.7755,36.5228,USC00237772
470,2,2000,MISSOURI,NEW MADRID,470,154.2,2.8321,0.3015356692407836,74100.0,-89.7755,36.5228,USC00237772
470,3,2001,MISSOURI,NEW MADRID,470,159.3,4.792758389261745,3.306538957890714,71100.0,-89.7755,36.5228,USC00237772
470,4,2002,MISSOURI,NEW MADRID,470,144.5,5.638992424242424,4.603519641528288,76100.0,-89.7755,36.5228,USC00237772
470,5,2003,MISSOURI,NEW MADRID,470,151.1,4.740128113879003,3.225875160732637,84400.0,-89.7755,36.5228,USC00237772
470,6,2004,MISSOURI,NEW MADRID,470,166.0,4.198470588235294,2.395703696495969,86600.0,-89.7755,36.5228,USC00237772
470,7,2005,MISSOURI,NEW MADRID,470,149.5,4.641957627118644,3.0754141537673587,74400.0,-89.7755,36.5228,USC00237772
470,8,2006,MISSOURI,NEW MADRID,470,169.0,3.896317548746518,1.9326088084154267,51000.0,-89.7755,36.5228,USC00237772
470,9,2007,MISSOURI,NEW MADRID,470,169.0,3.238110429447853,0.9238075970784344,106000.0,-89.7755,36.5228,USC00237772
470,10,2008,MISSOURI,NEW MADRID,470,170.0,3.544742382271468,1.3937670921575662,65100.0,-89.7755,36.5228,USC00237772
472,1,1999,MISSOURI,NODAWAY,472,100.4,2.022094707520891,-0.939919028351938,109200.0,-94.8106,40.2907,USC00231822
472,2,2000,MISSOURI,NODAWAY,472,129.7,1.950831955922865,-1.049139892161336,118200.0,-94.8106,40.2907,USC00231822
472,3,2001,MISSOURI,NODAWAY,472,116.8,2.952123943661972,0.4854903792485607,105500.0,-94.8106,40.2907,USC00231822
472,4,2002,MISSOURI,NODAWAY,472,86.5,1.668103151862464,-1.4824642237484773,107800.0,-94.8106,40.2907,USC00231822
472,5,2003,MISSOURI,NODAWAY,472,107.0,1.991299703264095,-0.9871169948985247,108700.0,-94.8106,40.2907,USC00231822
472,6,2004,MISSOURI,NODAWAY,472,151.3,5.067669902912621,3.727882118500998,113200.0,-94.8106,40.2907,USC00231822
472,7,2005,MISSOURI,NODAWAY,472,142.8,2.524539130434782,-0.16984753018107682,114800.0,-94.8106,40.2907,USC00231822
472,8,2006,MISSOURI,NODAWAY,472,140.0,2.525386301369863,-0.1685491135574009,108700.0,-94.8106,40.2907,USC00231822
472,9,2007,MISSOURI,NODAWAY,472,124.0,2.897011111111111,0.4010216905829591,124500.0,-94.8106,40.2907,USC00231822
472,10,2008,MISSOURI,NODAWAY,472,123.0,2.626054644808743,-0.014259766288353903,102300.0,-94.8106,40.2907,USC00231822
476,1,1999,MISSOURI,PEMISCOT,476,130.3,2.729282191780822,0.14395194454780164,17300.0,-89.813,36.2195,USC00236804
476,2,2000,MISSOURI,PEMISCOT,476,139.4,3.131497237569061,0.7604068772162312,20000.0,-89.813,36.2195,USC00236804
476,3,2001,MISSOURI,PEMISCOT,476,154.1,3.574093150684931,1.438751550485398,18600.0,-89.813,36.2195,USC00236804
476,4,2002,MISSOURI,PEMISCOT,476,127.9,3.081402739726027,0.6836295397738503,21800.0,-89.813,36.2195,USC00236804
476,5,2003,MISSOURI,PEMISCOT,476,128.0,3.514942465753424,1.3480942469395194,30900.0,-89.813,36.2195,USC00236804
476,6,2004,MISSOURI,PEMISCOT,476,145.7,3.542778082191781,1.390756507431699,23100.0,-89.813,36.2195,USC00236804
476,7,2005,MISSOURI,PEMISCOT,476,133.9,2.283216438356164,-0.5397107798393482,22800.0,-89.813,36.2195,USC00236804
476,8,2006,MISSOURI,PEMISCOT,476,155.0,3.784947945205479,1.761918173713645,12500.0,-89.813,36.2195,USC00236804
476,9,2007,MISSOURI,PEMISCOT,476,164.0,2.819259668508287,0.28185593381554147,38800.0,-89.813,36.2195,USC00236804
476,10,2008,MISSOURI,PEMISCOT,476,151.0,3.170142076502732,0.8196358937144875,20100.0,-89.813,36.2195,USC00236804
478,1,1999,MISSOURI,PETTIS,478,61.4,1.689834710743802,-1.4491573477197066,40700.0,-93.3389,38.6893,USW00003994
478,2,2000,MISSOURI,PETTIS,478,128.8,2.656532967032967,0.03245283750735906,42700.0,-93.3389,38.6893,USW00003994
478,3,2001,MISSOURI,PETTIS,478,127.5,2.870547945205479,0.3604629165456034,44800.0,-93.3389,38.6893,USW00003994
478,4,2002,MISSOURI,PETTIS,478,85.9,2.093406593406594,-0.8306228588713102,50100.0,-93.3389,38.6893,USW00003994
478,5,2003,MISSOURI,PETTIS,478,47.2,2.475978082191781,-0.2442746259310163,45300.0,-93.3389,38.6893,USW00003994
478,6,2004,MISSOURI,PETTIS,478,152.8,2.697535519125683,0.09529540332936648,47100.0,-93.3389,38.6893,USW00003994
478,7,2005,MISSOURI,PETTIS,478,69.6,2.43213698630137,-0.311467686206196,59000.0,-93.3389,38.6893,USW00003994
478,8,2006,MISSOURI,PETTIS,478,80.0,1.47946301369863,-1.7715835515509828,47000.0,-93.3389,38.6893,USW00003994
478,9,2007,MISSOURI,PETTIS,478,130.0,1.923142857142857,-1.0915775923488769,53800.0,-93.3389,38.6893,USW00003994
478,10,2008,MISSOURI,PETTIS,478,136.0,2.756421917808219,0.18554764852767514,46700.0,-93.3389,38.6893,USW00003994
480,1,1999,MISSOURI,PIKE,480,78.5,1.700060273972603,-1.4334851371504729,52100.0,-91.2891,39.3965,USC00235098
480,2,2000,MISSOURI,PIKE,480,154.9,2.746114754098361,0.16975037297247786,52900.0,-91.2891,39.3965,USC00235098
480,3,2001,MISSOURI,PIKE,480,119.4,2.628378082191781,-0.010698749736342562,50100.0,-91.2891,39.3965,USC00235098
480,4,2002,MISSOURI,PIKE,480,89.6,2.441879452054795,-0.29653589503393346,51800.0,-91.2891,39.3965,USC00235098
480,5,2003,MISSOURI,PIKE,480,113.4,2.848279452054794,0.32633310815186084,48000.0,-91.2891,39.3965,USC00235098
480,6,2004,MISSOURI,PIKE,480,163.0,2.235338797814208,-0.6130904507036594,50600.0,-91.2891,39.3965,USC00235098
480,7,2005,MISSOURI,PIKE,480,70.3,1.830191780821918,-1.2340390693495418,53500.0,-91.2891,39.3965,USC00235098
480,8,2006,MISSOURI,PIKE,480,132.0,2.050093150684932,-0.8970072114613363,45700.0,-91.2891,39.3965,USC00235098
480,9,2007,MISSOURI,PIKE,480,112.0,1.557402739726027,-1.6521292221728852,55700.0,-91.2891,39.3965,USC00235098
480,10,2008,MISSOURI,PIKE,480,149.0,3.526158469945355,1.3652844569561435,37100.0,-91.2891,39.3965,USC00235098
481,1,1999,MISSOURI,PLATTE,481,111.6,2.789824657534246,0.23674236111828761,30400.0,-94.7692,39.3476,USW00003947
481,2,2000,MISSOURI,PLATTE,481,146.5,2.426185792349727,-0.3205887842485812,34600.0,-94.7692,39.3476,USW00003947
481,3,2001,MISSOURI,PLATTE,481,122.2,3.723013698630137,1.6669946441185504,35400.0,-94.7692,39.3476,USW00003947
481,4,2002,MISSOURI,PLATTE,481,96.4,1.723720547945205,-1.397222215732123,37900.0,-94.7692,39.3476,USW00003947
481,5,2003,MISSOURI,PLATTE,481,72.1,1.945013698630137,-1.0580572448193084,39400.0,-94.7692,39.3476,USW00003947
481,6,2004,MISSOURI,PLATTE,481,172.4,2.608704918032787,-0.040850826875179,36800.0,-94.7692,39.3476,USW00003947
481,7,2005,MISSOURI,PLATTE,481,135.3,3.071660273972602,0.6686977486015878,39700.0,-94.7692,39.3476,USW00003947
481,8,2006,MISSOURI,PLATTE,481,127.0,2.148213698630137,-0.7466227432264103,38700.0,-94.7692,39.3476,USW00003947
481,9,2007,MISSOURI,PLATTE,481,150.0,2.297830136986301,-0.5173130930809554,43500.0,-94.7692,39.3476,USW00003947
481,10,2008,MISSOURI,PLATTE,481,149.0,3.09935519125683,0.7111443665202398,37400.0,-94.7692,39.3476,USW00003947
486,1,1999,MISSOURI,RANDOLPH,486,63.8,2.805164835164835,0.26025348599392256,12800.0,-92.5,39.4183,USC00235671
486,2,2000,MISSOURI,RANDOLPH,486,140.0,2.585357142857143,-0.07663479697916374,14400.0,-92.5,39.4183,USC00235671
486,3,2001,MISSOURI,RANDOLPH,486,121.8,2.961933884297521,0.5005255858060812,13000.0,-92.5,39.4183,USC00235671
486,4,2002,MISSOURI,RANDOLPH,486,101.5,2.710493150684931,0.11515491871558059,13500.0,-92.5,39.4183,USC00235671
486,5,2003,MISSOURI,RANDOLPH,486,88.1,2.848975342465753,0.32739966466416554,12900.0,-92.5,39.4183,USC00235671
486,6,2004,MISSOURI,RANDOLPH,486,162.0,3.15903825136612,0.8026176149389197,14500.0,-92.5,39.4183,USC00235671
486,7,2005,MISSOURI,RANDOLPH,486,63.6,2.154804804804805,-0.7365208836474064,15300.0,-92.5,39.4183,USC00235671
486,8,2006,MISSOURI,RANDOLPH,486,126.0,2.948487671232876,0.479917245923701,13800.0,-92.5,39.4183,USC00235671
486,9,2007,MISSOURI,RANDOLPH,486,125.0,2.721631284916201,0.1322257813287228,14600.0,-92.5,39.4183,USC00235671
486,10,2008,MISSOURI,RANDOLPH,486,147.0,4.590243093922652,2.996153868969115,15100.0,-92.5,39.4183,USC00235671
493,1,1999,MISSOURI,ST LOUIS,493,116.8,2.370202739726027,-0.4063912158012928,4700.0,-90.4125,38.6103,USW00013994
493,2,2000,MISSOURI,ST LOUIS,493,143.9,2.593437158469945,-0.06425096019158615,6600.0,-90.4125,38.6103,USW00013994
493,3,2001,MISSOURI,ST LOUIS,493,137.5,2.455797260273973,-0.2752047647878447,5900.0,-90.4125,38.6103,USW00013994
493,4,2002,MISSOURI,ST LOUIS,493,106.9,2.849671232876712,0.32846622117647023,4900.0,-90.4125,38.6103,USW00013994
493,5,2003,MISSOURI,ST LOUIS,493,112.4,3.205271232876712,0.8734765989640418,4900.0,-90.4125,38.6103,USW00013994
493,6,2004,MISSOURI,ST LOUIS,493,154.8,2.933491803278689,0.4569338273101914,5000.0,-90.4125,38.6103,USW00013994
493,7,2005,MISSOURI,ST LOUIS,493,115.6,2.633945205479452,-0.002166297637907602,5500.0,-90.4125,38.6103,USW00013994
493,8,2006,MISSOURI,ST LOUIS,493,120.0,2.0828,-0.8468790553830279,4600.0,-90.4125,38.6103,USW00013994
493,9,2007,MISSOURI,ST LOUIS,493,156.0,2.12733698630137,-0.7786194385955434,4000.0,-90.4125,38.6103,USW00013994
493,10,2008,MISSOURI,ST LOUIS,493,138.0,4.022360655737705,2.1257887897393477,3300.0,-90.4125,38.6103,USW00013994
495,1,1999,MISSOURI,SALINE,495,113.2,2.557397260273973,-0.11948751399139579,122800.0,-93.178,39.1944,USW00013991
495,2,2000,MISSOURI,SALINE,495,148.4,2.364851648351648,-0.41459256656486426,129000.0,-93.178,39.1944,USW00013991
495,3,2001,MISSOURI,SALINE,495,147.1,3.269203296703297,0.9714620833815513,122600.0,-93.178,39.1944,USW00013991
495,4,2002,MISSOURI,SALINE,495,124.2,2.482739884393064,-0.23391114906868166,124700.0,-93.178,39.1944,USW00013991
495,5,2003,MISSOURI,SALINE,495,125.6,3.07660989010989,0.6762837783003698,126700.0,-93.178,39.1944,USW00013991
495,6,2004,MISSOURI,SALINE,495,179.1,3.92882033898305,1.982424213325333,128700.0,-93.178,39.1944,USW00013991
495,7,2005,MISSOURI,SALINE,495,126.6,2.593355029585799,-0.06437683503459979,133400.0,-93.178,39.1944,USW00013991
495,8,2006,MISSOURI,SALINE,495,152.0,2.455101369863014,-0.2762713213001494,124900.0,-93.178,39.1944,USW00013991
495,9,2007,MISSOURI,SALINE,495,156.0,2.851917582417582,0.33190908903899136,143500.0,-93.178,39.1944,USW00013991
495,10,2008,MISSOURI,SALINE,495,165.0,4.031382513661202,2.1396161412444967,131600.0,-93.178,39.1944,USW00013991
498,1,1999,MISSOURI,SCOTT,498,143.4,2.57201095890411,-0.09708982723300232,60500.0,-89.6252,37.0394,USW00003935
498,2,2000,MISSOURI,SCOTT,498,152.7,2.762770491803279,0.1952777911358303,71500.0,-89.6252,37.0394,USW00003935
498,3,2001,MISSOURI,SCOTT,498,161.9,3.354191780821917,1.1017196925971926,62500.0,-89.6252,37.0394,USW00003935
498,4,2002,MISSOURI,SCOTT,498,136.9,3.977709589041096,2.057354327621977,59000.0,-89.6252,37.0394,USW00003935
498,5,2003,MISSOURI,SCOTT,498,154.2,3.491978082191781,1.3128978820334742,75100.0,-89.6252,37.0394,USW00003935
498,6,2004,MISSOURI,SCOTT,498,165.0,2.746808743169399,0.1708140153959505,73300.0,-89.6252,37.0394,USW00003935
498,7,2005,MISSOURI,SCOTT,498,151.8,2.750158904109589,0.1759486399169348,74300.0,-89.6252,37.0394,USW00003935
498,8,2006,MISSOURI,SCOTT,498,159.0,3.749457534246575,1.7075237915861183,64200.0,-89.6252,37.0394,USW00003935
498,9,2007,MISSOURI,SCOTT,498,177.0,2.922043835616438,0.4393880984561329,82100.0,-89.6252,37.0394,USW00003935
498,10,2008,MISSOURI,SCOTT,498,170.0,4.17920218579235,2.3661719774442482,65100.0,-89.6252,37.0394,USW00003935
506,1,1999,MISSOURI,VERNON,506,65.2,3.494593406593407,1.3169062592555418,23200.0,-94.3154,37.8148,USC00235987
506,2,2000,MISSOURI,VERNON,506,125.9,2.126641095890411,-0.7796859951078482,25300.0,-94.3154,37.8148,USC00235987
506,3,2001,MISSOURI,VERNON,506,131.2,2.576882191780822,-0.08962393164687207,31900.0,-94.3154,37.8148,USC00235987
506,4,2002,MISSOURI,VERNON,506,89.9,2.344615384615385,-0.4456076783306397,37300.0,-94.3154,37.8148,USC00235987
506,5,2003,MISSOURI,VERNON,506,81.8,3.073190082644628,0.6710424100253323,39200.0,-94.3154,37.8148,USC00235987
506,6,2004,MISSOURI,VERNON,506,151.9,2.914754098360655,0.4282154818764182,39200.0,-94.3154,37.8148,USC00235987
506,7,2005,MISSOURI,VERNON,506,124.2,2.452076923076923,-0.2809067399882426,44400.0,-94.3154,37.8148,USC00235987
506,8,2006,MISSOURI,VERNON,506,120.0,2.592887671232877,-0.06509313186386918,40100.0,-94.3154,37.8148,USC00235987
506,9,2007,MISSOURI,VERNON,506,130.0,3.1076408839779,0.723843434349661,42400.0,-94.3154,37.8148,USC00235987
506,10,2008,MISSOURI,VERNON,506,119.0,3.985579234972677,2.0694157412952765,42900.0,-94.3154,37.8148,USC00235987
