CountyI,1,6,8,10,13,15,17,19,27,28,34,36,38,39,40,41,43,45,46,51,52,53,58,59,61,66,68,69,72,73,77,79,80,87,91,92,94,95,96,97,98,99,101,102,104,105,106,107,108,111,114,118,119,120,125,126,128,129,132,136,138,144,147,151,157,161,162,163,166,170,172,175,178,181,182,184,185,191,192,195,200,201,202,205,206,207,208,209,211,212,213,215,216,217,218,219,220,221,222,223,224,226,227,229,231,232,233,234,235,236,237,238,239,243,245,248,251,253,254,255,256,258,260,262,263,264,265,267,269,270,271,273,274,275,276,277,278,279,280,282,284,285,286,288,290,292,311,316,321,324,337,340,346,350,351,355,358,363,365,373,378,380,384,386,390,399,404,405,408,410,411,417,419,427,430,433,434,435,439,443,447,449,452,454,455,456,457,458,461,464,466,470,472,476,478,480,481,486,493,495,498,506
1,0.0,201.5153794539233,241.0513759785609,246.828564297012,266.7238994967707,253.5963443218764,309.5946712369401,283.7718430347416,253.7816419121635,297.8830992495909,36.32082086696767,87.66575472770793,302.3906932357972,303.2674646306911,284.3705360586579,282.5714672514242,262.051503656067,314.3042277597996,310.2820571170209,325.4573991362843,236.1292516473864,236.5243505012748,244.8264613269947,183.0151111012995,374.7134505430566,132.4647803505127,169.2429647202204,85.7860583745861,136.6229881627757,271.5450840073084,356.9905577901129,250.7892452083819,301.3713489105732,211.5528967237736,325.4535470311197,293.2417767005886,98.80004264013431,241.6801237742426,293.7963171650867,334.9628512018691,217.8821928581868,303.1562097779409,299.7286377510536,181.9906109385012,530.0161796000361,460.0738384643925,328.8056702967808,497.4401920405796,395.6442189244034,415.6963153393502,395.8832795338626,488.5623293645041,537.6590948607139,489.3645766275973,324.3665791577876,524.970198498287,361.9079724541854,465.8606952913486,452.5091904844332,427.6022623589641,456.4145104286435,355.3979065813405,360.5543616702032,424.547547045583,415.3644704986176,434.9143884131699,377.8661102262006,343.8625008745286,377.3044052581491,521.1917350342297,482.6042311267552,457.1347948523371,546.7949752960399,368.6036219630093,433.5769251742165,377.9653022631238,313.149123219477,526.3862129933473,510.824961764473,313.3934614197111,243.9735450866628,285.2288973378017,329.0747284612843,443.3597158725773,331.8804171342412,391.1537081090071,380.375494952271,350.9303473414272,384.6565502810473,484.7257006268051,350.5771176849757,478.0008598035877,302.4397269304553,207.8518885071675,413.9447341505161,296.0703239076715,127.0766687230048,243.1676561599586,268.4084169986065,94.94291113860511,501.5846588493677,470.0271275337583,325.0268553603941,349.9862020011481,359.0850495037383,301.0820734987632,338.8685911666539,336.654586811803,392.4598369070403,314.0451097928772,434.1401605086153,114.6976153426468,383.4720349477044,238.5846152595343,125.7290740295279,169.484126696801,227.6049695215212,213.5546018675373,558.1072319250651,277.3825260505039,193.3874741626981,267.2899602748306,394.905604573489,179.826360918234,360.0288051631507,161.8994998231363,506.4254559870599,349.0647182174752,516.697614480204,414.3927957718412,264.8931319971309,213.0706473250597,282.0602572270952,422.0745064213417,180.5360720823471,397.1609050975874,536.7666915999891,301.8587121291641,262.1713126575662,285.8236309942686,149.8002926693821,243.3966488624163,152.4922897405651,362.5375690590188,358.8689577208756,409.8375298955016,591.0933955086589,377.65118007909,872.3829480862121,500.2921508749025,368.3779099461624,903.8277824422228,617.5263358724071,598.893251374336,555.2814207528811,610.9445282370214,983.2311422683518,421.1385887116179,572.4695915179592,643.1405595399937,581.3862938015315,615.276111292147,918.1135569055491,694.3802496546163,854.955473026752,120.7202583318976,398.19213248813,335.5706484739577,155.1337413961516,379.1364818950063,247.9086673826148,315.084394371679,171.5271896953156,378.020478226432,283.1526815192443,434.5960561395773,184.5593572314766,182.7868503480273,244.6638882009656,164.1399499457692,425.5409169504512,278.0186204862605,271.7491401157404,52.78986171229759,110.7897654350954,175.9765343719907,203.4498205320091,121.7531013626225,48.89196091671582,231.8921677390477,205.7201740373917,410.0128825640064,314.0922444074574,441.5205723474576,243.1714260559542,74.59827234151444,321.4483667591442,136.8406316358067,172.3621990315055,199.8624131780574,359.9790619434031,371.4736676969339
6,201.5153794539233,0.0,85.648965124626,164.1329825192227,302.5513908179008,225.7711507030106,294.402727575444,82.52679469478373,143.2802163340591,374.5173008929918,176.9991577349897,136.5976324848549,162.8795896562716,404.1329966519407,281.6951121278877,351.7735944704957,123.0236991094841,113.3243161003551,143.6772303628891,327.3850875644055,37.62906749046081,94.41442859260503,296.463823808008,41.38213199041403,460.7862091006543,102.3752424453797,235.7942672390487,191.3956046386635,75.90536009627306,366.481956813923,457.103597401098,366.973013398882,315.881926694213,330.8126655674062,427.8859074695213,203.4594699947188,114.4482696915048,329.0219869125832,338.0684634183314,382.2662559972477,54.46027068750254,116.8099897294977,108.7256854191862,76.25276470197392,374.3227679059702,387.344686796215,196.217772848934,363.1817666661332,292.6792339482342,270.2515091746423,275.3011923240765,405.2918229281697,372.2862867234356,365.1332641481106,220.333628290388,431.646402169384,373.0648231205211,334.0518209849561,351.0196189449834,299.0243941376019,401.0751177343356,346.62234935067,182.1798351174537,326.4671846290111,336.0298135927463,405.2569523788545,316.2838657228078,270.243954725612,199.0504995380863,400.2859049257493,385.2542082809513,370.7927916988083,376.1767947690097,250.3157179236833,312.4022172010194,398.6815724924342,237.785999290401,416.3359021476629,365.8425084681526,419.1890884425994,232.3061285922498,269.7766247394057,384.1285619483057,491.5007911885428,319.7984382168656,443.8602593843148,450.7514973625892,460.8734025092286,366.5479388456902,535.0788824845255,306.2513289688965,507.6404469747266,217.6798578949438,107.5271528042175,491.4561384155916,377.9444915974096,255.5102899799418,370.4956917330159,204.237506726721,151.1004375281351,522.1218998096468,482.8299010092362,266.0496639407164,354.5943507164075,423.9155628409407,305.1665153216676,419.8179663368861,366.743505244627,392.8971317213128,329.4541483414487,530.3308037222562,181.9527393440823,328.2711473216105,124.3714574238911,207.710815148669,230.1036584945207,199.3151770012058,326.8395722339225,594.47014797738,377.9071357592402,269.8557206905837,298.0150005795433,357.1470083138242,286.6044969389821,480.1976849067628,139.9000556631916,545.2094630019778,481.0082093333191,574.5113109613402,452.9721983009999,337.4785199074211,257.9715328247,411.5418000191231,483.4788343101749,102.1182458738332,488.5252204036404,583.5978468147086,344.9693320386166,265.3565614175096,404.6808850125739,246.88239951445,337.0397498388242,190.7727782396429,404.9252270586804,289.4304113836566,388.0509861044549,786.3056385424791,563.5586269916131,1044.167669057316,675.8929578030337,546.8643510224207,1074.765089867449,784.6122751787094,780.3888075814532,738.8336562091283,772.039597052169,1161.322282283717,609.4863738885257,741.1026445712339,822.7158947816692,755.6511534494373,804.9123008802281,1071.03450541393,874.2181549985157,1008.647057658063,289.0560232613933,599.6707916576961,534.1624707826344,356.6464671778393,523.6974764069879,426.1959600480878,510.6523621760453,362.7820360908026,579.4753437364968,452.0697741438662,571.0011796860502,358.4986327043598,367.4730949663529,397.6744029939076,363.761679077518,627.0177699303987,476.1879297733876,464.9288425016738,241.3811582178355,285.1165397458621,355.141359014559,379.8981928977477,307.5630591984734,248.5040712599043,429.4510501061731,406.6947587148854,537.6221383854946,465.4702140413127,571.4014205764424,443.4950436507237,266.9798790133117,502.1351654631418,335.3512703644534,315.6376018730008,396.2227359178316,479.8364062575114,572.4271889359543
8,241.0513759785609,85.648965124626,0.0,248.6719325461477,386.5160564549984,311.4192354207258,380.0198237066412,106.2976548918959,225.5502509536322,455.7372587477608,208.32246416645,156.9502118295185,235.7776905057048,482.4167904108273,367.2537189285404,433.4727334672593,37.54688677303555,129.4322486882492,205.7279382324099,413.0148884694981,66.4775173223487,175.1569982616357,378.8891268010541,126.0986313981345,541.9941827981276,110.6930233368568,313.9059580238043,256.8677003377454,147.7660112075039,444.9929226957601,536.2821201633762,441.7331425138049,401.1887158363086,403.9499252294747,506.2944632777113,285.4787844181546,142.2658578559646,407.7995417523557,421.9391868655187,466.4353700298413,32.25095969956796,166.5727693169455,72.15248628754807,161.4557925058021,425.0993539290143,466.4360485128109,268.490099027089,425.3403540947209,368.1178604920051,331.8218697194439,346.494536968502,481.934735079968,416.7356644668566,431.2271440812119,298.9050125606132,505.3590716519258,458.6793383794118,398.4081306546924,424.7585778300563,366.2384027435992,482.6288251038816,432.1854837660509,229.519727027482,401.8724037688445,415.1276674070063,489.4517152463902,398.5829002517924,352.1198504346716,244.5222347665239,466.4394913725659,459.0738968272613,447.5918444688697,416.4492206255483,323.5529911316742,381.6590278467187,484.1974226856035,320.4464324942239,485.693620399588,422.8926056647067,385.6763878725785,174.4095940099029,204.7275706228587,333.1661303631058,432.4780486994225,251.1145414215499,388.4522289108723,401.3037252910516,426.6360862783815,293.3732562646251,475.2779032361423,229.4370112568071,442.3034116934102,136.6606014580881,52.89211004691028,442.7265276943083,337.7005858478484,251.6577755994427,350.2445352553255,130.9933437186462,160.8666170365358,453.7716877820309,413.4880536698361,187.9966534421945,288.6191593698248,373.9159855659547,243.0081036556693,376.1657754466594,308.2352127887498,323.5492471936539,268.9067605000382,487.2396325334566,176.6902025687998,248.0340027848581,48.37579707380046,197.7696358812141,203.6033592778243,141.8704667821764,304.8701354174532,528.8270566109212,345.284979231593,240.9869073049888,246.3073650367952,279.5612065408495,267.5464393541608,449.4609020669421,113.4759415236521,481.4972875274552,455.6792401257494,515.9903570355671,392.4163018741921,297.3556177792157,218.2469857812096,389.0691020709708,429.2706062496688,71.5963246903796,445.2508245389299,521.3385856396458,292.8346172683917,207.6887463857419,377.8601965255949,231.6714718300296,305.5292720549846,167.6894288135568,348.103243705502,207.8544147628964,313.0394997039953,797.8793707357399,568.190951631615,1030.637315627835,669.7100722171778,545.8612448178989,1060.376382476055,770.5727276885613,777.2717394154556,738.0886127121144,754.3108954214991,1151.930777963155,615.4112025957303,728.7912860043142,817.4447416858878,747.1192682346531,809.3299621327867,1044.96697084036,868.5844438326067,983.5720762176542,297.5564616180603,628.9951395146268,554.6049387646824,390.276565853962,594.309258213083,429.5802616181249,526.8432137756598,379.5325432307719,611.7260802836694,448.0429449694063,644.2001573281348,416.6561889257516,420.6397500768897,387.757333368372,390.4566434732853,658.589874529042,497.054501242081,479.4347120228109,267.2819272216531,341.0838972112201,363.3550347356253,384.6582631108342,324.002114448451,281.3223626173101,472.6069213907427,443.484980991036,612.5822353146518,450.7028434352409,646.1550413262461,469.5438109974926,314.065219185661,504.1947500519565,361.3678453986464,382.5944007781089,416.8038145880773,555.7971278703866,598.4764589953495
10,246.828564297012,164.1329825192227,248.6719325461477,0.0,167.1301224686455,73.04823223390424,135.3722359078818,184.0076794003659,31.81887907293376,250.5645019692471,246.3606612737495,238.7183661385845,77.65592668552061,291.9629915123189,129.3096909877626,226.9919559490252,286.2147408639725,197.4456034822733,114.3016978860312,171.1679489459011,186.2495468640882,77.34177356060016,172.9959726631426,128.3144998352974,332.1617102484285,232.7241979031733,151.2094918106133,177.2001762926638,141.1666237175701,256.469427635073,337.7950517689999,272.9526172963025,166.2578266576097,247.9700308186368,313.5426701876909,47.81283915383144,218.6667946015849,221.8652164235651,200.5406576863947,240.2208116983744,218.4674964224182,144.0354499534624,245.5605325818104,96.01226758493888,289.5089321518782,230.9397723147938,90.459540017707,251.1056212688574,150.586299518117,175.1662272410524,149.1624160108049,253.8860750584646,302.7828079936947,242.5549129490775,77.5768584001421,286.1446563468188,216.5180784501116,219.5231925428483,209.1720011440477,181.316969150004,239.753869939035,185.896940311025,162.5271650390753,181.6791601330727,180.9442237797631,241.1264950935197,154.4729901787914,110.2733881388516,174.6149908037613,274.7155873022552,241.3315001908938,220.1241270602562,315.7460877920715,122.0074983429705,186.7483938746446,243.7508832166553,76.78093885746394,281.8506294187477,266.5682164961621,539.3874440429944,385.2437204669169,425.8155960319226,524.8570268509326,637.4343783168858,477.052299373171,587.197952655933,587.747225438809,579.9999243461781,526.1274013561853,681.0731144650103,468.3917205892237,659.4096191248611,381.6424306257152,268.5746504969905,626.514612226392,507.9012887282183,354.7363069287023,477.3912470189176,366.0650086570981,259.7643962082796,676.4663838039676,638.4066749881214,428.9857568285433,509.2576139371772,562.3237831209883,458.171868629168,551.6109839146312,515.0163001049143,549.4952297450459,480.5040725156701,657.7909897503964,297.7027031876818,491.7436513020124,288.259629753176,322.7698202236934,358.2579163729226,353.8377362201718,439.5352171308603,745.6031991725755,499.3381441662777,395.7208238489233,443.0382740725148,519.3605475710253,399.9712436071977,594.0838379373594,283.2256162110626,694.9770795024713,587.7707436311578,718.5800141582766,601.1072840344617,469.5212861895454,395.278604935835,518.3944711197729,624.652907304112,256.2884808376154,617.4530403846907,731.4534840863498,488.2877865249372,416.5592928556758,517.506641336578,361.0313477882586,459.9100325928717,321.7339493177269,550.6261644591166,453.3612277319976,548.6161047323651,821.662464062957,620.3848031028801,1117.921782565555,745.9474827973795,614.0355770670121,1149.504444169841,864.1811173643974,842.0310207595147,797.65888418456,857.7547787585197,1226.474475303215,661.7659126196842,819.0481410462536,886.8947588277047,827.0506428669349,852.733641044672,1164.654180159351,937.7969360937362,1101.515894285642,365.4988002625021,608.1380177735715,564.1737912312176,377.8833367085174,432.5093663438572,494.4000356025257,550.2166446083829,415.1596561122349,583.002947494534,529.9378468966971,469.0386445156383,320.6902195683628,341.9107889924701,488.4459410244986,397.7990868420411,629.3846017552963,509.6196355686633,510.9830122519414,299.5000326787728,267.1393595356905,422.7592135714289,450.2643891733383,368.3429872423387,292.2949874542608,420.8201302264688,414.7961462443749,430.9530278030091,558.4367704277427,464.1050934672743,469.8075173844222,275.9239544513273,566.8896750568883,374.7464210594008,257.8730077398196,437.7823922082748,372.282309275602,589.0900142903315
13,266.7238994967707,302.5513908179008,386.5160564549984,167.1301224686455,0.0,95.77041089951676,76.55494383361601,345.0402793110181,198.9034135830036,84.65999788984037,288.0139243487747,310.5942794792481,238.8025184761688,130.2797696411457,54.4054737516019,61.79491560929546,422.628082335058,362.2343763258191,280.2088496465286,67.86282596127462,334.1116729744944,237.7169116851857,26.80222220995319,261.1968452952103,165.1570719117314,328.736930564155,97.51675717928804,182.2603309438903,244.1833788020856,99.78512471136384,171.5392766844454,129.5712386786939,40.56528170238826,124.6998894043666,149.6373422439831,171.5868931708643,299.7563772662733,76.11306398887,35.53481940280559,79.97630368193606,354.279438093427,310.9668485315042,401.390683661762,226.5936302761096,400.2432626584266,237.1558598084821,236.9781713440231,340.8861506931295,227.3546021730947,300.1231005965956,251.4061458946213,270.9683851305798,423.9428412994089,320.5518717251087,196.4450636638495,311.8287966708266,95.79663922416694,313.6384234325619,263.4832011868546,282.4215020828175,218.1097235812906,99.03290800945615,324.7783865598319,239.4747479634445,210.6820789144037,180.6372883189966,165.7579546716019,162.9315808768702,334.3738979626781,341.2278421890732,281.5174340323739,249.2076226129412,441.7776299170865,233.5443470102322,275.9435777521749,111.5853419074074,155.4787517091007,331.8681339023587,367.4692383736667,579.2806763815532,481.7213345746277,524.7381584447371,592.8879226320337,707.8443481191412,575.5914307869896,655.664898336372,646.6959979700251,615.6547290347603,628.0545478645251,749.9149455732141,580.0675428878166,739.4747204351522,505.4800068297899,389.2172592600107,680.6598300266945,562.4862468241374,393.7806086201516,507.2403143944144,481.3693849405518,330.1706355544063,761.21691171986,726.9871840664593,545.1753825049427,600.9829793634082,624.735282948559,549.618443943103,605.4972140938968,595.1676621417212,643.4479816225743,567.2544824779393,699.7871787738248,364.5881136362818,608.5392173628546,415.6957331526625,383.7025529323156,426.6199291804114,455.4881567637502,480.1115960974888,821.8187732905972,544.0016569674589,456.4602451724157,523.0337222328681,629.6005042802557,446.3466652026028,622.3291354351605,379.6168740920181,770.0730147023096,607.9024352609372,782.8529494849133,676.7738611521329,529.9255956666451,469.51331517217,544.1944481226296,687.9754309522906,368.7168380900807,663.5374170371002,801.8982000573428,562.4922082740627,507.8438703487398,550.3253816409625,414.1292364397803,509.9729205208607,398.801747961919,624.6914375908161,574.6094313200188,652.5093128851195,752.1050742745165,583.1251322834587,1079.177155603649,715.1874697446265,588.1075189027723,1111.185416433076,838.8560037662243,798.1861857469017,752.656374384559,839.5730517474676,1176.430879744057,617.0179980017874,793.638794378326,844.1014005187199,794.1711688880841,794.3143015654184,1147.572128436597,892.7321291943645,1084.826642518633,379.6693836716883,523.8129894699899,504.1279478071723,333.7205738778325,276.7719812915345,480.5250410967158,501.0024199803575,395.8487473637089,495.7912249089893,522.5661620289542,306.6474398878109,227.7662383191633,256.9963526400008,499.3012254939726,362.8392953592437,538.0118073252409,458.2622735660067,472.3016958094174,312.1003768056237,213.7577671957949,417.8331946119509,444.1651683708593,366.2400124171865,293.3420475987049,338.7275494699697,350.4989690217254,267.3477958854674,565.0074723482695,299.7558275216279,415.9508269034867,247.8696328030189,542.1679479924564,349.7286838269191,162.0486415258339,403.850875195103,209.6683445657611,513.9454546050824
15,253.5963443218764,225.7711507030106,311.4192354207258,73.04823223390424,95.77041089951676,0.0,69.26688535109164,255.8887967402259,104.7476959085577,180.2663406215947,263.4107307740638,269.9652563047295,143.0872844711415,224.1464999535692,57.17204636242285,157.0251866845225,348.7301251882925,270.3800895011439,184.5950766405302,101.7373693053911,252.7355464486658,148.1578057304724,106.0303441891475,186.0006219220146,259.9626951269187,275.4625253978791,111.5809605011631,170.958494423187,183.2094400498449,190.4713112676663,267.2971125542309,212.4077514218299,93.64315276975208,193.9492721707694,244.6369268302164,78.48821476313617,253.5768231207539,158.7550373522983,128.0214600975421,167.1725794644694,279.8855601586687,216.8849850487304,315.814193650611,150.6953847913046,322.7042129753727,206.6963861752417,143.4097403812098,271.3274929897289,157.8841669101793,214.7169456613202,172.6452051613942,236.1717912666336,342.3447881378229,255.8459676809836,107.4937007200851,274.0475839797605,147.4884987059932,241.2222664047614,207.8038927844055,205.7302968755245,203.7413813149589,121.8370068786133,229.1538963715069,180.323032232978,164.1389791473619,190.1791713178415,124.4746468613652,96.09332307014564,239.1373536742479,282.8685244280204,234.3523704693424,206.2453674461796,358.3877361598251,150.0747106648775,204.1098204765575,173.7274908648715,73.4079062147497,281.6461843846544,293.5843918422617,562.2858791080197,431.2552211988611,473.3627499223811,559.8986030305335,674.3669229205734,524.9013060914508,622.9500483838674,619.3898248561542,601.4495756858649,575.7869988266001,717.5951119104647,521.8009650575334,700.5880014318782,439.5821204788252,323.8013150256886,656.3758668749484,536.8958754549639,374.3112163949505,495.1208880940092,420.1654727750814,291.0989034918361,719.7165949602305,683.0783168453905,484.0289488096674,554.4312451686001,595.2573436567005,502.7773262010695,580.7419254179204,555.2358187419975,595.9158949294247,523.2774665575661,682.6257769372937,328.5664287088069,547.4630494539418,346.8412791679249,351.5437383860208,391.2077611365313,401.7410339820674,461.4499642176065,785.5770212956427,523.8788749829378,425.913914107775,482.463909917935,572.4920363625165,423.8008896608109,612.4331325505683,327.4900061382451,734.2349666973571,602.5208317154821,753.3569281856769,640.05501081936,500.6296043408663,431.5100014209199,534.8768723306761,658.4581863026774,307.4752858735756,643.7576522955293,768.9198968628068,525.6656015290325,460.652376325961,537.0599430848735,387.1176940951747,486.3277245383038,357.9046619165908,588.5104512751473,510.7138351490565,599.2476670310726,798.7597428513035,610.3690902403439,1109.741950028638,739.7309084609035,608.9158606467379,1141.596552023355,860.9871311829802,830.6004359802832,785.4926607161706,857.6539645197978,1213.556163756257,648.8244856372829,815.5938533891335,876.1327630905273,820.3646708173184,834.9169350087539,1166.109855620979,926.2417183338196,1102.970850904678,374.1340882000894,577.3783662007406,543.6385188270125,361.1172134151965,368.3181668352943,493.143798955511,534.2539573943219,410.1213668949539,550.7607074507787,532.0142126555759,401.3296391512437,281.5539027718808,306.7618751214505,497.9630160264402,385.5267808503053,595.6765041217377,492.2142074751424,499.1197242762094,305.3499098257008,242.120959465862,424.2077989328884,451.7121732469898,369.7895809691038,292.6009586268345,388.7195547363537,390.2041758184241,362.4424310735462,566.9552621477603,395.1318185044748,450.7279285494171,262.4133834019703,561.8146476236944,366.2448063003368,214.8376461342973,426.8045345161054,304.2728428598659,562.1980757645259
17,309.5946712369401,294.402727575444,380.0198237066412,135.3722359078818,76.55494383361601,69.26688535109164,0.0,319.0373281200029,165.0526589708178,151.1102521103628,323.8818414504086,335.3802013486226,191.5390306217788,199.9722122135113,27.1700181931324,131.6513480518438,417.425733040752,330.51067442626,236.4085735239369,37.10062758909399,320.1009381321923,212.6746328964749,100.8386291809649,255.0199012350785,217.4647845588819,343.5561985362586,148.2352460906789,224.1527490764592,251.8695866760752,173.8260296465253,232.3659086660969,205.8390138483624,45.52836162806712,200.2855433110148,216.071086081505,119.267896838,320.1810843449015,152.6673136006362,92.51267360025396,118.3095068233929,348.6798807181468,273.9610774614384,380.9279384096507,219.800758641581,326.5015144022281,164.0652464895919,180.9421309790935,265.3305919493471,153.0360337563707,231.809048341852,180.0811328737599,197.1936685038169,351.7987048296051,244.3666768189333,135.6056668589334,237.7266261631979,81.33507721248111,238.9265873232527,186.9296875488245,209.5222849001253,150.5510496292658,52.57083924542398,273.8948943131903,163.1387897154715,134.2916571534475,125.7213850859151,89.33684513147004,90.448327806027,280.721586886816,264.6729171196467,205.5103771959868,173.5335919122481,370.489676763022,165.6367410085455,201.4746607818725,108.9741220048742,92.5315200752791,255.7369721983667,292.7634925066931,621.9844638816598,499.3976168115801,541.7114559815083,624.6375859727614,739.4604618744623,593.2292272542758,687.7520064079033,682.6529718770355,660.2403414878269,644.3746328501868,782.4527711395174,590.8989843434774,767.0173462456692,508.8302271249622,393.0660133917111,718.7875526558547,599.4174801677282,434.0203762748149,552.7425555345759,489.3611909021674,356.2843717602154,786.7191030922652,750.5035524015169,553.2500985049564,622.1601640576441,659.1040444359519,570.4709669484295,643.1249020233998,621.6646289268726,663.8628411127488,590.4838080929277,742.6974506143343,393.2063295598177,616.6994661804156,416.0267931719608,415.2411952856748,456.0298128346204,470.2779228596749,521.3617811359779,851.5036824575718,584.5542170043531,489.5313268205153,548.8693024284631,641.5405105344787,484.8793279543495,669.5930306249649,395.611850428534,800.0044127540617,657.8054401857437,817.4956636831865,705.8985669844801,564.163788695769,497.1600457135186,591.5503773423317,722.4474021347469,376.5693180710605,704.6571218525804,834.019921876039,591.3050959723754,528.3238167032644,595.2886238935577,449.4606139651151,548.0513758632293,423.9478613771392,654.1306125425847,579.9799071687047,667.9684711513735,825.1619041794964,649.1929807480245,1147.315637686622,780.4493997833284,651.4361645422803,1179.291155087453,903.2991940443411,866.7130837054001,821.2704015028679,902.2138059399424,1246.973440708438,684.9784874887356,857.9343874127882,912.548615324882,860.2597852004513,865.6504629271127,1210.767400081512,961.781432866235,1147.788715985241,428.3566848429708,598.2402165160826,574.539948801029,398.6085963294684,347.2257799576867,539.5970831683753,569.1699235354515,455.2402811257252,570.4713471979359,580.2404743856582,371.4215622648689,300.9929499908735,329.343877716999,551.1084546600255,425.9148512878695,613.2879160546361,526.5281397021478,537.799411157403,359.4218804573728,277.4701441531178,473.3797405197024,500.4836401859899,419.9004831906498,343.8643361339628,411.6934126340615,420.2936877368534,331.1755569688705,618.8988021999414,361.9288160318487,484.3319640675551,305.7518732989658,604.8221442634484,409.8414715389566,234.0465447232643,467.3296524931699,275.9283939920929,587.0417265682972
19,283.7718430347416,82.52679469478373,106.2976548918959,184.0076794003659,345.0402793110181,255.8887967402259,319.0373281200029,0.0,154.0729044753083,424.1652373016119,259.466573957422,217.3759088995974,145.0290928493471,459.4636885765553,312.8842793144985,400.6414216656417,136.2125947756325,30.89545261880328,106.5948117623261,355.1366682910381,53.6791739482011,107.850396234697,344.6611669938084,107.5397804711436,509.0868419700026,178.6286766242726,295.4986456551917,265.7900633893893,152.8252137329739,422.0442910729037,509.9860093421393,428.3697603808751,349.5306696283485,394.8990021631373,482.6342110726729,208.2185791630813,195.8919134594467,384.8589218162064,380.0183934146436,421.9011685494978,95.05654490997429,63.21290926652038,65.41546547095372,130.2233031368397,318.8111415575374,377.0544098987564,174.9056268588582,321.2567245093178,275.0266036955641,228.3155613128767,249.1777706018592,388.5554348415056,310.7948131320026,328.962902681506,213.0040301138235,408.2839064910641,400.3386100686932,295.5044509410267,328.6241269788878,265.3771316868134,398.1266794011797,368.3172844468299,123.4144582105555,308.0506558409701,326.6345737023896,413.5457215585851,317.7210572240325,271.4345995214323,138.2332480145751,363.9468871578816,362.5839781131562,354.8818512867787,311.2475560169183,228.9467769646343,282.0493266005319,427.7079016893093,243.3198953803811,385.0612916602299,317.3098431312672,485.1901840320085,280.1222233535166,310.9961596345895,438.3119063083161,538.7649719140576,356.8009449285498,494.4523230116215,506.3030913136934,526.6423002725954,397.3156285976377,581.5749798312966,331.8096894662609,548.1675141252217,237.0942015441003,153.9240211288386,547.6534794333405,439.705495305555,332.6594119626992,442.7557542729848,236.4637854828286,230.0023872877664,558.9335161454013,518.4419916171062,290.0526752492732,394.6506673412115,478.9697600096014,349.3026648250523,479.5118865032055,414.4266708138325,428.7852505494502,375.1731650385824,590.734063316997,257.3471125646138,346.8267366459323,154.5982674791404,282.0829887854875,297.9724511465286,247.2087707566868,398.0206970314218,634.5281170791817,444.1821297390213,337.1591094195021,351.25357351914,380.7293409499873,358.6485378155812,547.9788104931878,204.9296811865639,587.5525669029786,551.5286303979221,622.2801178733129,498.7132281847891,399.0751456041428,319.0840952775059,483.0707991372154,535.1730767773716,161.868493611299,548.697975333018,627.515159607378,398.0877369723075,313.5487269631639,474.1290712939392,319.9708104234386,403.6385306597931,259.3694695961456,454.201759960127,305.5292596067471,415.826739742521,868.2882490443192,644.2797625721005,1120.586034897042,754.2410879671401,626.3327038345802,1150.898986996666,860.5823267349382,859.7095925015809,818.6808668889299,846.5883180117581,1239.192588370878,690.5139888368558,817.6205067725114,901.5164523755959,833.4224739704965,885.8852731119523,1142.197654777901,952.9719176308101,1080.241294946477,369.5792314221808,681.9622983844954,616.6355106051815,438.8852402978933,588.1751982541327,506.3307168283764,592.8639591835961,444.8208809785951,661.517080197509,530.4762366774573,632.1001463901697,434.016686603916,445.1993645191527,474.0370137348351,446.2878747367406,709.085497136375,558.6500230700832,546.9289717946476,323.7935578521761,362.5386722468213,435.9582158608741,460.1494214417837,389.4081794056796,330.9913486334981,509.9682202895851,488.4687747791743,596.6520421742831,540.4246474013643,630.4372028167179,526.0133491074175,347.5332830451194,582.2037221685191,417.8718602754136,386.0212252769576,478.6108307463721,537.9836309252556,654.9074053709436
27,253.7816419121635,143.2802163340591,225.5502509536322,31.81887907293376,198.9034135830036,104.7476959085577,165.0526589708178,154.0729044753083,0.0,282.1502222722198,248.7333213394622,234.3574678043383,52.83651507815312,323.0423576221733,160.5748644148563,258.5485401675204,262.9089388595816,166.1671031883745,83.82412334406648,201.4005980703268,161.1191827328994,50.59754907635582,204.2100809898543,112.034182221938,363.9665636424572,222.3035662488907,177.1985757002865,191.7896569066216,134.8910944178719,287.2338463525793,369.3637488604527,302.3963246114657,197.6178634076954,275.9040067042778,344.8218795807343,60.19447213557677,212.948817363431,252.141698005257,232.3587188039717,271.8883483537651,196.6497786769372,112.2201640207041,216.8878420082385,84.92859784849377,276.6725791186096,244.7663823504825,75.08207328520147,245.276286620895,155.0523702770399,162.062828416767,146.0153348693434,264.5591466572351,286.6453867569233,240.1812116569012,80.1994918951885,293.8207473200256,246.3852432000609,213.8915054502083,214.4053377797891,175.852731167871,257.8168750576339,214.3564044985906,133.8390296262341,188.0808506806397,193.6347737184213,264.5391815044948,173.2097428209737,126.9946913890797,147.0335844553688,273.8793984273763,247.9092713638166,230.1769011171145,297.9423469696356,118.7571886884465,184.4680679066661,273.8934971513153,94.90329811514687,284.5510563935084,257.144478200639,535.5074967400656,370.8646969944365,410.317767358913,515.2241046058589,626.3976904500436,461.1051923209969,576.9287756883448,579.4783921222283,576.5875072185354,509.0000314198207,670.0985842686847,449.4673039019967,646.1982690704231,360.5573105799804,250.1014914472215,618.9447294089946,501.309815968408,353.9496501856642,476.2904719721908,347.3213171352095,254.8494503164222,662.1671958507828,623.4951764790367,409.3293684156065,494.5651920465166,553.5417197170509,444.0419562542203,544.7175361351301,502.8424308143936,533.9831402525498,467.2026644365045,652.4802194341878,292.2904880472998,471.4410269684328,267.4707972038029,318.0057251702467,350.950382559688,338.6946961641223,436.7846698122504,732.7619332763965,494.9214682012317,389.3903564001312,431.6892166275674,500.387362061927,396.6737695303062,592.032797101399,270.9575171508124,682.618276020669,587.3838994458649,708.3467355020838,589.2024713065384,462.1473310420067,385.9349233637834,517.5944351836605,615.1898755300538,240.4573887687374,611.6068877183081,719.8780633504389,477.6916740553337,402.9679313216308,515.3049064451862,357.074880748112,454.8697031482712,313.240984162095,539.4579544805911,432.2801965068933,530.8882323188074,836.4122806870071,630.5119312482803,1126.15755362758,754.0716363388408,622.1593396543395,1157.586378360102,870.7346307074091,852.084552002154,808.1179553452196,863.0029188832449,1236.566896355815,672.9356272263287,825.8156012809742,896.5778768515141,835.1618552972102,865.3786847367337,1168.724629226852,947.7137562988161,1105.668513899206,369.5306518594961,626.4874285361547,578.7599188416486,392.2306467204393,462.5086543742421,501.5313109007562,563.0603134116839,424.4796593498627,601.9926509500013,535.432157183682,499.9260194238978,343.5705446318561,363.2718239574139,490.9644998697158,410.200631251664,648.7756360425997,523.2444600529243,522.3896964607405,305.7167046719302,285.9502838350957,429.2961665608194,456.5687259117797,375.4412816729343,300.9890525721829,440.519231852656,431.7897521015995,462.0579917619083,560.9740981751244,495.3009039177115,484.3225806446501,290.4065760313259,575.2100270737074,385.8754418980894,282.6302383400799,449.3255716916746,403.3137079991282,606.0363122918033
28,297.8830992495909,374.5173008929918,455.7372587477608,250.5645019692471,84.65999788984037,180.2663406215947,151.1102521103628,424.1652373016119,282.1502222722198,0.0,326.1064437730583,358.7946319162077,323.3530621471732,49.26683113151165,135.4516806074212,23.66155434867272,490.447212375566,443.1237512690329,364.3037477048539,125.4450143603469,408.3232149331307,318.1748090097935,79.50498914968125,333.3614523772829,86.30188675811166,384.8028236416248,144.344567315137,222.5695316004325,309.029204339267,37.17982509005599,87.23399600869907,76.7628341045116,105.7468608815716,99.20842735896122,65.55340346840123,256.0953898837684,352.3458949344877,56.21245436632458,58.59991268306084,57.80625824798765,423.6197367295077,393.6801330600142,477.6062875753761,300.3354212293312,477.3338864403638,293.871135378771,321.4339295883623,414.6745111879023,303.9106421451415,381.7065191584481,331.0044255428778,327.9613100605484,502.9089351304999,392.2647385650153,280.0368729346814,368.5218673849576,121.2665453847612,389.3400269804698,332.4007277112466,360.6248498465476,266.6200797771049,148.3666194493491,409.3870820858046,311.1023782558491,277.9991440905187,217.5567205033157,234.6467805170513,241.4240457975432,419.0334005175519,409.0084053383169,345.1231489656768,312.1784010227184,521.5381071772323,315.1292421272678,352.1482131144399,116.4361581240759,238.1980947771301,395.2734612563661,443.0576815850947,599.8077903784296,531.3053866735314,574.1748832495039,626.4385857507829,740.0367936412591,623.6448658642404,687.9518765910559,674.6253766245167,633.0776692954446,676.621580093107,780.6209556123938,633.9948581052594,775.7866532297049,566.2694661333779,451.7504826213708,705.5244820889276,590.5530981786372,421.9834126437373,525.4089798245279,539.0375553952874,376.2681962016667,799.4651442666876,767.5944836659003,601.8050991916824,645.3634422138614,654.8350301552679,595.0713928310425,632.0133410362032,634.3222614682754,688.0159055594723,610.1300906841199,718.3173914326859,406.8803796956475,664.3129285897751,480.0862046088639,422.2810182281914,466.1395821397859,508.1172508393603,504.5421276056198,855.0645451452004,567.9446214052718,491.2341549616012,564.0563833078791,681.9998107979285,475.0295780802555,635.9290434529042,433.0821339170434,803.5031814380307,617.8810683084263,810.8042119337954,712.0687118877265,561.75401297666,509.786677292287,559.0013318385098,717.1292202042171,428.8858048321395,684.8589336937479,832.5890246138697,599.7287530215657,554.3666937060249,568.3485025883923,447.5230988475864,537.6733742186386,443.424740594461,660.3127151295985,632.9757325506567,701.5717757923161,712.2908812276079,564.235287359134,1051.588200898225,696.4825223948733,575.0830299360612,1083.549150213501,820.8389054448594,771.1809569769849,725.7888022393101,825.2217405716141,1142.381308591043,593.1693247498091,776.2840998405314,816.9739661663431,772.9365104827623,759.7428480332837,1130.418198789645,863.7988142601356,1068.402061131662,397.061624770419,480.7058462273624,475.4304354970641,324.1454093715197,196.1624987508664,477.8695421265004,478.4520704121773,395.0603441940436,451.8827232164746,521.4973489604691,222.4324020187287,199.9967538596687,230.5335852594729,508.4480817618942,355.9738854442222,490.4926198869783,436.3649709714326,456.7682488334235,334.5366886265844,215.5640427206209,423.1418848663034,447.361379836342,376.5499514264188,312.2340193878711,305.7712917388585,327.6415749166724,182.8617994632654,569.5161826612057,215.1166818273765,394.8357559468462,257.9942640172567,531.2951158675977,349.3926811106397,147.5864804748412,394.6389181784324,125.7579563743692,476.3768305470018
34,36.32082086696767,176.9991577349897,208.32246416645,246.3606612737495,288.0139243487747,263.4107307740638,323.8818414504086,259.466573957422,248.7333213394622,326.1064437730583,0.0,52.39591562555118,294.2316416497102,334.6815621762281,299.9058143074101,309.4358196931975,227.4925407159016,290.3089335273746,296.9157309751462,343.026527453841,209.4873667476399,224.6993577815009,267.9097391914768,164.7003887628386,405.1990096455692,98.27145358988552,191.0243794765388,106.1144165750154,120.891979414244,301.7301327068815,388.9097081647563,283.2608859949362,320.3058720414836,243.690943653542,357.3144252364686,293.8979056589442,66.88994987031647,270.1683241528232,317.217507334296,359.7425919040538,187.0789928541541,284.9996063481923,269.8850568150013,170.3572544199257,522.1022296629048,467.8507605351432,322.7965782248292,493.9901604486234,396.8428292995716,408.8728776499378,393.7473622979676,494.8493687321275,527.4162478494789,487.8846692428567,323.5730541516922,529.846747599102,381.776282344819,462.5605682966207,454.9555155788577,424.4328081772304,467.1487887746696,371.968153563774,345.3417127745904,427.1853263264597,421.2421563309833,449.5979815575561,386.102333120812,349.1336666115103,362.3288526729669,520.7220590482538,486.2366038486226,462.4379410635648,535.2249469972727,366.3434120618223,431.9667540567926,399.5927318810844,317.1452223157083,528.1099728170677,505.1999993596246,298.8910554459879,209.8222048853558,251.6750034811592,304.8778107700672,419.8337550469561,299.4012848220879,367.6628063332869,359.7437490830263,338.1030549309061,352.3521490830134,461.994182848032,315.9878279118697,452.1246948104732,266.154685059377,172.6899239764546,395.1240906719618,275.9690804323292,110.9188756121597,232.5817023763651,232.2753533361452,58.6562400981959,474.7055932788528,441.8822082907873,289.4869340807917,319.4171369796979,337.1108113425604,269.5811180769996,319.5155474289858,308.9136864551765,362.0456527819781,284.0338412177028,419.34330142358,81.47378739891963,348.5656329570818,203.2276772198965,96.51740748094474,140.222837925773,192.1264796169202,198.059008426017,533.8735571610373,260.809664697732,168.4467422411769,238.0234536638462,361.1604091165068,160.9990365550992,349.8826718233011,125.5786789561687,482.1247176978736,341.9293314263282,495.4813664442689,389.062951123432,242.1360112917839,183.7988372150339,273.057798479489,400.4552220032552,145.4171977770346,380.8737557544789,513.9476613129158,275.2068240983253,229.7001823281352,273.9840371881846,126.4323290475256,224.2368397881209,118.969816489121,336.9955355051204,323.174036285163,377.4838165524255,609.9442028441251,390.6264829197476,880.3931136551932,508.9492076251813,377.7040482476886,911.5734892613337,623.3044697022103,610.3390153252973,567.5769800153336,614.6259386747935,993.7772749145568,435.5559502887502,578.6655151384108,653.8377224306951,589.7586459120098,630.7309210334529,919.9927775143944,705.2816330169721,856.9418180000725,121.1681673262994,424.6708501108993,357.1700873990026,182.986663757602,414.919407979218,256.2273468824607,333.9683605077154,186.7404717154596,405.7898284684029,287.654291911093,470.0678510312905,220.8801780984434,218.6884904210133,242.4155320180189,187.1952683862459,453.0831988580334,299.1900775011129,288.7679126455494,64.4571748768984,146.9138470231467,183.7694650776398,210.2870912285615,132.583452393022,73.52486832420098,264.4905195146762,235.5054837351171,444.8231924523105,312.448641166817,476.5981835513018,267.0527503890543,110.5300677261064,331.5313562768223,158.5467612627439,206.5994214930051,219.2741880486626,393.9065971517251,396.2845178856555
36,87.66575472770793,136.5976324848549,156.9502118295185,238.7183661385845,310.5942794792481,269.9652563047295,335.3802013486226,217.3759088995974,234.3574678043383,358.7946319162077,52.39591562555118,0.0,273.9921852208137,372.6982719842277,313.7488487249786,340.1555920392855,175.1147052749014,248.2060560613652,269.205050857121,359.0264788647738,165.142272954718,201.3387345867513,293.5871563582736,134.6041974691345,441.0517903275991,46.31054320274509,217.2114003990868,136.5534743705533,99.49513121082796,337.9386379040373,427.4749790071047,323.6257675025772,338.743997351935,283.906890025011,395.9707953668468,286.3444637422794,22.95690509090297,304.0397301437291,342.4743231659483,386.5204901923279,137.7811823225659,250.8217138883901,220.9778424904606,150.2948580139215,499.1346004946139,467.6597252249691,304.979837021524,477.439748308334,388.0174295043092,388.5062883355823,380.2022719504205,492.2124406929655,501.2470219103801,474.1656555217175,313.2075995419228,524.8506811323273,400.6712991022777,446.5233801020332,447.1759236714872,409.0100837774199,471.317388923285,386.0175335951138,314.2243540281306,420.0127040307933,418.8312095045463,459.841100598112,387.6276027569522,346.9849397730753,331.305310288747,508.1417897856074,479.8360842849795,458.7004979285925,507.2237081320226,353.0511947546248,418.6612024173245,420.9795722023933,313.8269494335859,518.591069774418,485.518756048447,301.2539048147853,172.6264405286863,215.6032055132693,289.9592294014574,404.4197062450667,265.7337891264375,352.9911148067621,350.4831383120221,342.2482055761623,318.5392650423374,447.6298735888039,275.7577713123389,431.8242213660732,217.9160448833651,120.3399756338542,388.5130994696627,269.4667017507031,122.4072550545789,243.0349427573802,185.7398660702682,21.25931396075264,452.1960836801343,417.0036889586232,245.8252719591475,290.3953675709283,325.7957382617387,239.0353039401761,313.2761398727739,286.5737369827898,332.8548760183581,256.9598222739033,419.1010287504978,59.2244363274171,307.000458907554,150.9711308255065,84.06131925217558,121.3431991252797,149.9275195266348,202.5298701775675,516.1234854727721,260.8685176774048,157.3911556144817,213.8591272749718,323.2482869269871,162.3283199271135,357.8830111643661,77.43774141172138,464.6347293603192,354.4423931070397,483.5705846938626,370.5186083793398,231.7661058343186,161.7826493841565,284.4705823637503,388.8147602312327,93.04741671709803,378.7423099484736,498.9812559115688,255.9415820468327,197.3542306819173,281.1670064509844,122.7520168598815,221.2192679687006,88.84586070774509,318.7801342789959,278.603672451197,343.312429402072,651.3264243209558,427.08215459909,909.1211854347335,539.8050712560732,410.3585809243239,939.9135701085316,650.1308745168262,643.880629211752,602.2417696588849,638.8940842529297,1025.323277362077,473.1806828185872,606.2171787368949,686.3674075754905,619.8513256752949,668.5812027352905,940.9030399721223,737.8770534592978,878.151763724029,152.473488803973,473.169391325494,402.047085311218,233.3425224177112,462.0700438455135,289.5989735914801,376.6302098338276,228.3299272627685,455.2380058856235,316.1561993300664,516.1564267144541,271.2054652353491,270.4420591578524,263.9065441729684,234.6806481739603,502.2867249450588,344.0931925662888,330.1721650999948,110.8733224044877,196.1794209171617,218.6773278093957,243.3007887699673,172.612065835642,124.4487029261998,316.6120029084798,286.5627940789482,489.2044616443728,332.9505539592232,521.5862023422311,314.3046441469123,162.2631047887585,365.5383152146052,205.6402661151744,251.0178250039123,263.6327328223612,436.4342531620082,443.6027981724643
38,302.3906932357972,162.8795896562716,235.7776905057048,77.65592668552061,238.8025184761688,143.0872844711415,191.5390306217788,145.0290928493471,52.83651507815312,323.3530621471732,294.2316416497102,273.9921852208137,0.0,366.7267635720509,193.7381423402203,300.0932801913551,271.5342776116574,147.1160925753524,45.47276117164171,228.6209468016876,169.3118248153409,73.2204415822022,247.8700479177889,142.3327918010276,401.9143796725365,255.1289284558433,228.3753523667015,244.0134516851239,175.6127333025287,332.0921735450781,410.3399683388182,350.1386393325706,230.379380073471,325.6249482150134,387.5861651346195,72.34468442093277,251.6020906079597,298.3597631595138,270.0303898768711,306.0816020095249,211.0590645334494,87.66676698790103,210.4407892703335,124.5938258204405,227.9927892106226,232.6343532013249,33.34468601483329,203.9629566376659,132.3980830920796,114.8778209121768,112.4319059837199,246.3246641806173,235.6414763701659,203.2522237372731,68.50942642304884,269.954869125944,271.1171804407646,173.5664117970884,189.2456988475522,137.1346425977859,253.1163125113539,235.1832641076011,86.157690184597,166.1102220576342,181.8593824567065,270.8662635442871,173.8356930166509,128.348709876715,97.2141409413236,238.182873321761,223.5783892502023,212.1024015778379,246.0671738277943,88.01869397677355,149.6502968092318,299.2051279843386,104.1212294798668,253.4624014552416,211.7342121672543,572.980112637831,395.184874843773,432.3269523121935,545.499105437706,654.1039245966186,481.8641624932092,605.9783279289105,611.3034180786549,614.4311654823364,527.2670510108093,697.7276767760881,464.779637179068,670.4589216896721,372.4041089684866,269.4604232589718,651.5402414320216,535.695957180501,395.7193823362074,517.0268377390954,364.1899448709331,293.5371280662011,684.5786356866363,645.039026978564,423.5751077212225,517.2178740080234,584.790877841987,468.0211203821308,578.5033472843799,529.4732585270921,554.9740302811924,492.3274410361015,687.831647267202,329.868052955679,483.7385011852889,281.7305749247842,355.9897349140159,385.5815650401297,362.1827018039086,476.0012694070697,757.2989021794248,531.9638187553361,424.8550854456032,460.0825881311766,515.179225033549,435.5594178903057,631.328799887047,300.0979003247735,708.0890468433403,628.4335551291064,736.9368369744485,615.7648466695341,495.7728336745764,417.5707023067996,558.4627480882912,645.2198262034043,264.7698154995883,646.4359504151417,746.4307810805792,506.8329124156943,428.199423513697,554.7212420363416,395.5579909648388,491.4053328861596,346.8320282562412,567.3844401246389,443.2685708802444,547.8834276634392,887.9969167553144,679.9369626601006,1173.99401594824,802.0812679383378,670.324345742479,1205.298333217696,917.4891458791792,901.2796303959462,857.5877659497875,908.7287267236311,1285.613718610343,722.9150934825279,872.7740331318344,945.5129857574022,883.0894725732585,916.0151581875447,1213.205969713013,996.7678694858231,1150.263282416628,415.3991363627919,679.1346841341,630.3970071799805,443.9497281993832,509.0621021275956,549.2323965224276,613.9826372162263,473.7670307815669,654.7333302131584,581.8559277500772,544.0092086787739,396.1223422211835,416.0610493136732,535.067755553437,461.1138808835241,701.5539821309264,574.5442694142945,572.6545594969991,353.514884531251,338.7406498804636,476.7775187515144,503.8017176108494,423.4930927832996,350.3349789011603,493.3380300802533,484.2360081936731,505.3561205686072,604.8796278778278,538.1540019210638,536.0036722490395,342.3354746849847,623.5766529277425,436.2351063704714,334.5414693102375,499.7672387364313,447.0035366707735,658.3991937711438
39,303.2674646306911,404.1329966519407,482.4167904108273,291.9629915123189,130.2797696411457,224.1464999535692,199.9722122135113,459.4636885765553,323.0423576221733,49.26683113151165,334.6815621762281,372.6982719842277,366.7267635720509,0.0,183.0647067352613,68.99292352399134,515.7638253982861,480.1775831543757,406.2467383252265,174.6723995352658,439.363824511594,355.586959798211,119.0148324771245,363.6685725635187,73.06489100972516,403.203124308161,168.6478706092583,236.746295164975,334.6615954238695,37.67150794639427,54.87233001778171,54.95176469614024,154.7835475232706,92.0697189825799,23.88856680632919,301.4641842743673,369.1389042349251,75.15648998235775,107.6019222901121,101.4742334404278,450.7003802169633,433.2089136967181,509.8493750785709,332.3304955865726,526.3884582010445,341.9419494072134,366.8669603476487,463.9270505505925,352.9300779201408,429.653737333812,379.5436201618373,375.92805020125,551.6840284745084,441.5268144397997,326.7184681591893,416.2942715743312,167.4776761881969,438.4920248908757,381.6002076065946,409.4673434627688,313.5222502619014,196.8590358851165,452.8824364475541,360.3692049602062,327.1712079636471,262.7960591650277,283.9048844085466,290.0758083216306,463.2427934903447,458.0880591599171,393.9038240989552,360.9617485111153,570.1417296633939,363.0308164902676,401.2393179762245,158.4339419970394,285.4780213544296,443.9456090493146,492.2359323909711,593.3798448660052,543.5402705570365,585.9154765615511,627.6213465709124,739.5989992598654,634.0784899207167,687.8999584978675,672.0084176918718,624.5460891199739,687.0337077616505,779.044176869061,648.2963584381454,777.7135707924891,585.839110093739,473.5941881262121,700.8538548870195,588.7036067147134,422.4157002968902,518.3713520435751,556.6348086199488,388.4945373729535,802.4949130302247,772.289994444536,618.1903460728004,653.2393132667204,653.6802713905364,604.0309494906534,628.8690383096628,638.9389358917318,695.7267337099755,617.305130063718,709.8214717876725,416.1553425204812,679.6970917568881,502.962966710016,428.9917211009747,472.7432304278726,522.5988304989455,501.4560301226923,854.6971402690617,563.8441353077342,494.5668573852042,570.4586062008608,694.9566267970627,474.8886901579895,625.1623422468105,449.0307912190295,803.4896428763934,605.1923836170333,807.394466482842,713.7232499449972,562.468295244972,516.2954577799491,549.634052974102,714.9704079669824,449.3661474553223,678.2230985323818,830.7458113689072,603.4242302243541,564.3816918558504,560.7545208431693,450.6462623906838,536.1442412003693,453.5514757507842,662.5188900779605,650.3694317956827,712.1633231830187,673.6435047386137,536.3501320964147,1017.542240486684,667.8357013177458,550.1603097520812,1049.422576010945,791.9898546094122,738.1482861743638,692.9994802888021,798.1964898778475,1105.309051923677,562.5590035245741,747.942172770746,783.7254953771036,742.6827664324169,723.2538958004214,1101.162257154555,829.56684244486,1039.632061504394,391.6003626906037,441.699994683915,443.3620099884358,305.0244694940512,147.3258959478309,459.589425186663,449.4846709109319,379.191491373443,412.7247756265215,503.5582574400995,177.2829501478012,175.7684297265531,205.2715807495229,496.4076704907088,337.5416494820058,449.4873460700915,408.2465890643563,431.7535197690115,333.593341164296,208.1075667899933,410.1952367357139,432.8050720318148,367.4300003429165,309.9270900428633,274.1332344339522,300.9841253460423,139.0156954964417,554.1785262985171,172.3417779881986,367.7562241615368,252.8416308708103,507.9145007067606,334.833319690772,137.2837801481212,374.0602083636951,80.33486883212451,439.9659820996243
40,284.3705360586579,281.6951121278877,367.2537189285404,129.3096909877626,54.4054737516019,57.17204636242285,27.1700181931324,312.8842793144985,160.5748644148563,135.4516806074212,299.9058143074101,313.7488487249786,193.7381423402203,183.0647067352613,0.0,114.0719915075372,404.3914311129395,326.6949317629573,237.3099877861113,46.51281475503334,309.5480538567741,205.2534154960684,76.23177382392518,241.3395322955206,208.8074636489951,324.3913640162395,121.3253345237616,198.6936364559545,233.9946235102781,154.0260957802934,220.1276359928121,183.6268114284487,37.10066263201309,175.3491551753228,201.0043687847866,123.1699247478238,299.4965054186857,129.6180284155305,78.19809584162716,112.431721268132,335.4755346859385,272.0481399858415,372.9855336210738,205.9258297886909,345.8377978437483,191.004178662853,187.7331720045492,286.8161086399946,173.0264610988858,246.5919041606962,197.1582818450289,223.9431773601235,369.6695165651859,266.9676355660353,144.9042367025748,264.3377261182598,91.62287370748824,259.3252503730294,211.0220096870546,228.0314392127021,177.622717648037,72.37788461814642,278.4851413432195,186.2284340153189,159.4503677975681,150.562064070007,114.6356204834314,108.5266331461567,286.7702632568721,288.7493104348214,231.087992672324,199.4797464001763,387.6561297932171,179.9678912207197,221.6070887748207,117.0252541744945,102.7610624804938,281.0945332625156,313.1379829361768,597.293101652747,480.0044216237445,522.5862151018221,602.1083682959954,717.0688512686226,574.0203866830551,665.2133754430481,659.2955820440864,635.2526705805468,625.5840597143856,759.8920072293565,573.5121787619158,745.5695565365231,493.4272260382688,377.158937238091,695.0237644020693,575.7856870153703,409.5358678017103,527.5192193585646,472.5623723525789,334.4396891890553,765.7687100713248,730.0027581948343,536.5696242633028,602.0945250516551,636.0531125274264,550.4093863227133,619.3985746834618,600.3143869148131,644.0417203802472,569.868864599984,718.051734115202,370.9332967672261,600.106424256786,401.259232136166,392.4046128333056,433.7455521629841,451.5670389626522,496.8275109692942,829.6231755948512,560.2159112454393,466.5321338063741,527.5696218458896,623.9256228316922,460.7920552499056,644.1746598729394,376.3592190518862,778.0336579163064,631.9846585818586,794.5072599505351,684.0342801051685,541.0353343976567,475.3526550224456,566.0669027310315,699.4292699261233,359.4415127224024,680.3128537813785,811.5840259477771,569.3844868298206,508.2809209286061,570.1899202452337,425.9282643369995,524.137263049752,402.5439251869527,632.1438118672951,564.129928236671,649.436561564298,798.6476397699405,622.0236183956134,1120.177483906411,753.2839888259055,624.3121450345803,1152.151222502618,876.1528851220164,839.6001479389554,794.1641897743193,875.1375881202588,1219.99941121096,657.8494183887599,830.7906793037266,885.4298852111665,833.0897689962276,838.7987740881207,1183.677483174703,934.6937437370299,1120.708035423351,402.5198693265293,572.2172124198775,547.6086816900028,371.4385791392307,330.190907046184,512.6956257475096,542.0600113947206,428.2851466288523,544.5686242350979,553.468255639895,357.7230407761085,274.7468831891058,302.8432947069472,524.9671895055757,398.7724904883273,587.6918927419055,499.428723694687,510.6293941035831,333.6661260881781,250.3001267590083,446.7595560097132,473.8034192565079,393.4361285520031,317.662779773649,385.2751491321413,393.3379942612876,317.8862926469245,592.5367592898996,349.5555715247919,457.2459270162885,278.8008305052072,577.7197463961551,382.8219021848177,207.6148920776121,440.1825174147015,261.2062768248269,560.5837570696713
41,282.5714672514242,351.7735944704957,433.4727334672593,226.9919559490252,61.79491560929546,157.0251866845225,131.6513480518438,400.6414216656417,258.5485401675204,23.66155434867272,309.4358196931975,340.1555920392855,300.0932801913551,68.99292352399134,114.0719915075372,0.0,468.4361392771579,419.4916945943935,340.824339439902,109.4028997352352,385.3128568974294,294.5459487885632,56.013406409045,310.5440495810358,109.1238587395115,364.7092832648022,123.9841479728103,204.6574304837256,287.2230530092706,44.15163120341577,110.8152689306835,81.88391482462335,87.08225050108469,94.74803838573244,87.84509750353155,233.3790200495837,332.8214603582557,44.38275226534871,40.66078850945409,57.66478618325875,401.3063396724103,370.0305189932236,454.3869519404096,277.28077715516,458.1298446427012,280.6720274897737,298.7728259434474,396.5754155158274,284.6774414386191,360.6623859768823,310.7232782939243,314.8582071093259,483.0073853636204,374.8255368419242,257.9763262931601,355.6724192435578,113.1118678735906,370.5464879336948,315.7194932400073,340.9001024830109,255.5646935948289,135.1742668302273,386.1790557946208,293.5039016063781,261.6031621279049,209.1598602691264,217.5450753032943,221.3751211778235,396.0004326448147,392.8734844948535,330.1173345959341,297.2370747521792,501.327689432296,294.0389775544954,333.124979323821,113.8414180743194,216.5408634202182,380.4772962996091,424.3669062393784,588.09052587819,512.7815839480786,555.7423607787725,611.617972116262,725.6784128703407,605.56608446367,673.5113954038804,661.2099412741446,622.1973487474169,658.4882043846571,766.658720336853,614.6984334790047,760.4941093656283,545.5634876417112,430.5983511016646,692.8959117758744,576.9751041588062,407.9568074949495,514.1245053512562,518.8976858911309,358.1173619372931,783.743991737767,751.3051378761097,581.9346309907602,628.1066390274873,640.8710882537587,577.5178248894059,618.8783096839809,618.2202347761959,670.7638733245344,593.1616687783873,707.2823847316997,389.6284149463681,644.6685674836715,458.6428045672682,405.8849842952785,449.6544778015949,488.9328353627322,491.6613550668466,840.561173636022,555.3237918545242,475.8790726931302,547.4317836972706,663.0614696164995,461.0523155400736,626.0279754691992,413.5970483659372,788.912940029786,608.8855586556285,797.5360258532244,696.9493100241723,547.2303407627641,493.2309872711509,548.6436795411895,703.4719740167445,408.1233742873731,673.0791393342901,818.6779146765838,584.015035958008,536.5248298690922,557.1965789853792,432.3702760183718,524.0807788546181,425.7752328996968,645.0557772636483,612.7914965820902,683.3551252027598,717.7480948654893,563.1025854110113,1053.577304034946,695.5269030105494,572.2799821739765,1085.570877332919,819.8339714535941,772.7681699144903,727.2815842093108,823.1673688927098,1146.36748347548,593.557049662985,775.0391330140392,818.6454705467876,772.8166260123971,763.6162911137683,1129.396773506965,866.0553713869305,1067.135060864251,385.5582237568173,486.8434339434124,477.0076965013126,319.4156401156496,216.1974290645411,471.9144907401898,478.1837771260801,388.2834918358638,458.2118017464133,515.2334658317959,244.8529019057366,199.4628503876276,229.9997222778248,499.4266812762378,350.6752295582864,498.1053798791905,435.7674946338265,454.3724134792141,321.4863462593664,206.581517741295,414.8495284103521,439.7211396028043,366.7462360893573,299.8998065883606,307.9547484603806,326.8270348079642,205.5919033168759,561.8653333122458,238.1271682845528,393.8439371320095,247.3820166432959,527.7795537693319,342.2575031130086,141.7169949791918,390.1943483638694,147.8888619323137,480.7210848337659
43,262.051503656067,123.0236991094841,37.54688677303555,286.2147408639725,422.628082335058,348.7301251882925,417.425733040752,136.2125947756325,262.9089388595816,490.447212375566,227.4925407159016,175.1147052749014,271.5342776116574,515.7638253982861,404.3914311129395,468.4361392771579,0.0,154.9828754099659,239.530149811434,450.2544393265928,102.817275633229,212.4386905066111,414.2699116800844,163.0737886965768,576.5915953040266,129.5884490785718,347.6799660351707,286.609219219482,181.5350386428375,478.51738331321,569.9391185442557,473.6785980773449,438.0896790498749,435.3694726720276,539.6522366619716,322.7436009523825,164.2204852878512,441.5268133298229,457.9707344154502,502.5957584303535,68.91763432638093,198.5899440035014,86.88652442421186,198.4826541352927,453.5885633126125,502.9678008306916,303.9275856752194,457.3645237842324,403.9292685542485,364.1913201417046,381.331568351651,517.8553552995062,443.201974711864,464.3795224545952,335.5481508580602,540.4761990968202,495.8843017712754,431.1911395871506,460.0255719596237,399.9580816815395,519.689044892653,469.6358284420047,259.2579599254993,437.6056476565249,451.7095401536067,526.9498408122735,435.8206812216519,389.3103822093106,273.4328952123732,499.495039482891,494.2959391027533,483.5946803623343,441.5024826806981,358.9702276882614,415.8655673980773,521.2680806010399,357.7808137151816,519.6282721620366,453.3791183922246,372.0614695265707,153.3191730456561,178.2373761990334,311.7990105693483,406.2254309471872,221.6620795942458,364.2744011770629,379.8919700649562,412.1886131764273,261.1097606588662,448.414011527416,195.7521661112608,413.0033595946656,101.4804742024586,55.99536070756663,421.2948126449437,321.5606007058138,254.820929884571,343.3983569588461,101.7228139991976,174.7166066249107,423.0141599059884,382.4317531704405,154.0233448711101,260.1424345990058,352.5196928184868,217.2886657123792,357.8255929461483,283.3880038385187,293.0079885514675,243.5851978894281,468.1169838069285,183.0432261983233,212.4368934302497,30.49079902121901,200.6645083985494,198.2726877120364,123.0511918547563,298.1603848357961,499.0496301600134,332.7019619161883,232.8394460715063,226.2052131279958,245.1432384293629,263.2234075930686,436.4061707217922,116.5712290425177,452.7808800559666,445.0550278059935,489.5276359731754,365.702352313205,282.0245399448006,205.4510813049234,380.5690739158963,405.337209329396,82.54421122783475,426.3757075998614,493.1323070869423,271.5060526680841,185.4123886430483,367.5030367880511,230.4561352282367,294.250390905824,166.3643779842767,323.6271535517369,171.7527594310408,279.731115022359,801.518379504871,569.9709817525483,1022.616324812953,666.1171074886665,545.337092931405,1051.918149915771,763.0624314394574,774.5512941850931,736.5693561968458,745.2302656830334,1145.491351178415,617.4429148708176,722.2128383996887,813.6305730431229,742.13381456671,809.797710584457,1031.4239671812,864.4445106092525,970.5876858764913,304.6760302628533,641.0622379352576,563.3266260811694,406.1008643964784,624.0736272190991,432.1301546724135,533.951371928245,388.5193125094066,625.1356644951816,447.1118871056527,674.9982090915881,442.0427897850219,444.0073575910766,385.0000665577663,403.4348759634235,671.4726146260452,506.4153851585236,486.2412368272058,282.351734857822,366.3087317849153,368.9723753245636,388.4343669363589,333.85135769428,298.7277325454674,491.4984526436459,460.0126309530409,644.2185879740312,444.9396683704449,677.6447135085447,481.3514628296298,336.2848352575144,505.3671905206115,374.4938343107038,411.6806869037667,426.8880045731054,587.9788311899134,609.3125324278549
45,314.3042277597996,113.3243161003551,129.4322486882492,197.4456034822733,362.2343763258191,270.3800895011439,330.51067442626,30.89545261880328,166.1671031883745,443.1237512690329,290.3089335273746,248.2060560613652,147.1160925753524,480.1775831543757,326.6949317629573,419.4916945943935,154.9828754099659,0.0,103.8656731514212,367.1981911604727,83.85227643334143,124.9511862544616,363.7495895335555,136.0764307042942,527.1262960774021,209.0071861427658,318.7340485735214,293.6905533095448,182.1646200468342,443.0263977391119,529.6287351357398,451.2986198158261,363.6913178121476,418.88386029462,503.0426202833659,215.4472732671811,226.7751340118044,406.1541512455339,396.6903322593652,437.4351592025072,122.8979057763395,59.51528893119104,73.05407314217916,155.5388905037959,298.870319964102,374.9074722484286,173.5780396083796,307.1081164472706,271.6891705465531,215.8867472374073,243.0206355667055,383.7776497436186,288.3164586033985,317.1201059399496,215.5418739932766,400.7010284264454,411.7429710050876,283.1590096030615,322.3980845095982,255.67463582439,398.5312090449943,378.0942359851485,106.9355772920247,303.7495011087673,325.5429945183371,417.9758060064246,320.8837678006086,275.4387040073001,119.6608137976569,351.6122426305698,355.7795552010766,350.8411845502603,287.2578226062822,225.3389170106048,273.3876179443873,439.4846396312936,249.6526058971238,374.5596319982888,300.3976675394313,512.549338680846,303.7772674985418,332.5170075416414,462.5968823952861,560.6524827222252,376.6408018986436,517.4880130832341,530.7359199050419,553.8625294219412,414.8965508620924,603.0915769800556,348.4243581350165,567.9480844731648,253.4725938728039,179.7160944173377,572.1579269660947,466.0570002732549,362.8559296386899,471.7570496377186,256.610021221729,260.6078084251908,577.4992367275198,536.7991056945458,306.7777400922592,415.0919040414544,503.3481448083023,371.2820372387018,505.186765019931,436.9782803940095,447.7254949980214,397.4058838457109,616.3527369952282,287.3521458055693,361.0104831555692,176.7783300267484,311.839936522878,326.3338320041725,271.302424235587,426.8422977727142,653.8726829782598,471.7006404258593,365.2382035715043,375.7286590440129,396.1746055273233,387.7469920226092,575.701516866879,233.3261788046969,607.7631750609125,579.9620581583974,644.0751264122717,520.2907589285079,425.5189841959,345.7702578276085,511.8406583407037,558.396429623283,189.9258590959624,574.3352866434719,648.0998255057116,422.2613465961574,336.9616086541482,502.3946598486577,349.3806880179262,431.3404339560173,288.0683815022227,477.0165853037453,319.4894041520706,432.3105768180417,899.1798842362214,675.0204746047474,1150.311294293417,784.4924735419527,656.8452113407324,1180.546408287559,890.2406594458595,890.1606649601013,849.2455642226979,875.8861347454935,1269.272272223824,721.3003947966961,847.4258604070063,931.8485335913035,863.5267962659353,916.6548567503297,1170.484355837849,983.2878664119229,1108.666879642656,400.3278570906138,712.4600723540689,647.4784423620732,469.3708010904106,611.6927130023473,536.9889177932262,623.7572205148931,475.7159908081083,691.8535095736568,560.7964178570166,654.304197855611,461.7957045068143,473.7686219947135,503.9476597143689,477.0480332753424,739.4333150401538,589.49827226705,577.8227046896395,354.6566687301723,391.1221324502714,466.735726545632,490.8361209685503,420.2973883077495,361.682930257512,539.5950251399686,518.6844776739865,618.1924652679354,569.9669023702928,651.898663725648,556.7433324657787,377.2824476558454,612.8377479039922,448.6697561531304,412.1459897490765,509.4823709676327,559.3763748106362,685.5734158928881
46,310.2820571170209,143.6772303628891,205.7279382324099,114.3016978860312,280.2088496465286,184.5950766405302,236.4085735239369,106.5948117623261,83.82412334406648,364.3037477048539,296.9157309751462,269.205050857121,45.47276117164171,406.2467383252265,237.3099877861113,340.824339439902,239.530149811434,103.8656731514212,0.0,273.5092011130304,140.6756513098723,74.11111040458215,287.2532724279006,134.6379283230653,444.4599779909233,243.376626584392,259.6547575136706,262.4122717127468,176.0256316819657,370.7459238436595,451.511738081111,386.1970926712103,274.2123767072534,359.191119736597,427.7186507417895,117.521074961855,246.2752566273179,335.8900057057464,312.4599351393803,349.7371857656302,184.9067309826924,44.76487513378636,171.1282634669115,128.3117693889816,231.3333376508631,271.5943463436206,69.7355739065526,220.9862474185295,168.8575085826144,127.4398510635596,142.6534856638314,282.0758303204762,232.0427866922968,225.5783690043628,112.5698316396564,301.8731115702159,316.3650519712564,193.0743819351856,222.0468249483205,160.5396774678813,294.6694151676072,280.6206333207447,52.62030839969043,201.619000021107,221.8473279236172,315.1230394959425,217.6563203705647,172.9004137030585,68.23039968797671,260.8195328832951,256.0549901934182,248.5594939538502,238.5767211813082,122.5999826622481,176.358200463166,344.4349918174746,149.5757805522308,280.1277201872865,222.2253127486191,562.0402171236935,372.8449881442883,407.7022749471748,527.1978388604809,632.8877959070047,455.8482331086011,586.1960989771115,594.1386020446902,603.7050229960228,499.0882448827223,676.273203661625,434.9092308149559,646.2346382031383,341.0105063597322,245.2413877269926,634.9564356304946,521.5741564213696,391.5451646608627,510.4189729114585,336.3780595946589,287.1571608779342,658.8183282570932,618.7516385392337,393.2957516239751,492.4492521888757,567.1989035409675,444.6885252058153,563.4948087147066,507.9533773701028,528.6779726072581,469.7671858685953,673.9756934766027,321.4782095119119,451.7341408517254,253.3731294439929,347.6442085257976,373.0974371797765,339.5665547710441,467.7932068969708,733.0096233339333,520.7803111917191,412.8086694133797,440.6576388200492,484.6332867746993,427.3132753372108,622.2654359803453,283.576932346768,684.7336967508822,621.6118345791871,716.2079966120267,593.7130491141205,481.1377293339294,401.6399848582343,551.7648655103003,626.1680231856084,244.7740587842125,632.1895055646637,723.8710165890702,487.7255775611806,406.2779938085779,546.2075548947591,387.2664810026844,479.9391151801414,333.8167118752983,546.7844869435513,410.6989551299397,518.680921995851,900.5895035799344,686.8821184694767,1176.628194102154,805.6729030669744,674.6029336741083,1207.652616374816,918.4630403640168,907.1749183861006,864.1983848440113,907.9359547253337,1290.684460708679,731.0670667713968,874.2072340099747,950.7510154059837,886.3413035059029,925.521613484196,1209.934725488341,1002.189316481799,1147.24694283282,417.0138195940906,697.5450438614222,643.731364434679,458.3612656707504,546.3262825841296,553.1156465498524,625.0216581672723,481.3222391476264,674.149559850511,583.2680177407744,583.340105365921,422.2016975298354,439.9527360540433,533.0127062426233,472.8146139667185,721.3971799176131,586.8972706973781,582.0308006919159,359.1448806785451,360.0536505790726,480.6826507200668,507.0744204974463,428.8817089453197,359.0818458281715,514.484881263911,501.7721982889213,545.2181847834156,602.1555194653553,578.320198416708,549.8279153418132,358.2912272293382,628.4324166995436,446.5890271683316,363.5288861907334,509.9474090407114,486.5726592945151,674.8931641013173
51,325.4573991362843,327.3850875644055,413.0148884694981,171.1679489459011,67.86282596127462,101.7373693053911,37.10062758909399,355.1366682910381,201.4005980703268,125.4450143603469,343.026527453841,359.0264788647738,228.6209468016876,174.6723995352658,46.51281475503334,109.4028997352352,450.2544393265928,367.1981911604727,273.5092011130304,0.0,354.3799322967963,248.2212048042105,94.66504766177992,287.3020633993827,184.0046206008392,370.6761765334123,158.0730254303797,239.7221341117281,280.4929741100086,153.4018904124318,201.5452491221669,189.0959671781602,27.29754427700905,190.5430177422584,188.2797508241177,156.3237120561011,345.2944812659741,139.3025717968827,68.75391986187884,84.5304350755458,381.3614981199846,310.9118117904588,416.4476964460047,251.906131285102,353.6629739574775,172.36820251206,217.3986313141313,289.7040053482409,181.017019948352,264.1320689447625,210.8820497676233,206.5072394590612,380.6282854709121,266.9169738607225,171.5614322857883,247.4363325470299,45.75861541618326,265.2154682965368,206.9635218345695,238.5162934750655,150.8028971311144,31.40760268209095,310.6510529306847,185.8960470202119,152.6001728196646,113.3521164466189,109.2964999748568,122.1490837558489,317.15653766667,283.7469158926337,220.7204878153833,187.8541928723041,400.0176754081785,198.8192168443998,228.5320403520573,72.58353099476828,128.6156978304253,271.0956376455561,318.6765000410806,638.8460626606268,526.1729801926562,568.8176306863166,646.4603315932823,761.4927480774983,620.2191277135888,709.5260767772461,702.7589109958764,676.2015521884374,671.8788924252653,804.1469466297307,620.0074159285937,790.7093079760252,539.8431833661323,423.6174430612647,737.9568954083661,618.9674806241561,451.6763378254918,568.0770910515894,519.0749127274278,379.5516185231746,811.2084821110598,775.6855597310746,583.0815182894336,647.9988104076989,679.8727524122754,596.3294080274577,662.4272864284982,645.5640948696073,690.0304434462555,615.53883563346,759.5973894189254,415.6860641233052,646.6176446417574,447.5582897030644,436.6411156393509,478.424561703644,497.9080619427745,538.7604503049126,874.4328741302677,602.4043647055902,510.5278719866257,572.8821410369073,670.4017564674656,503.4689185438273,684.1527526320385,422.600447111446,822.7874042166903,670.8877063419967,838.323602575477,728.8994728996391,584.832555489104,520.3611485764933,605.9640433239995,743.2522706015571,405.9537515134297,722.3986741519101,855.93681910086,614.2558656669328,554.2215519794167,610.9692582335853,469.3788539500949,566.9893367861183,447.8708087895948,676.9359406569394,610.6005524324055,695.7826795410316,818.8753266650813,650.8926753701753,1147.031067438189,782.891688667285,655.4847727178798,1179.039848734157,906.4732574912266,866.0326078602012,820.5007754252906,906.8872612344628,1244.00712672265,684.8808206255278,861.2283169073119,911.9495668364553,861.9649756761057,861.7465026696697,1215.030980003638,960.5413380738248,1152.238134135386,441.7329045808355,589.7600541866342,571.8283884994423,401.2317705350428,320.607147410363,546.781977555561,568.865243388076,462.1046290356839,561.5238054162356,588.4271682000355,341.0938941415869,294.9245233693953,324.4261599310326,562.9595463460998,430.0243843928788,602.9897708810342,526.1250968978491,539.9798836128527,373.3002830529603,280.834840392097,482.8297205993262,509.4792823253281,430.4110070630027,355.952549457469,405.8135430785451,418.3172496841537,300.6381732848164,629.572702013345,330.4646582576518,483.8136506020918,313.2870290714883,609.3910465787291,416.1305472132655,229.7343896714934,471.1581870491737,247.1342628722804,580.8094243518816
52,236.1292516473864,37.62906749046081,66.4775173223487,186.2495468640882,334.1116729744944,252.7355464486658,320.1009381321923,53.6791739482011,161.1191827328994,408.3232149331307,209.4873667476399,165.142272954718,169.3118248153409,439.363824511594,309.5480538567741,385.3128568974294,102.817275633229,83.85227643334143,140.6756513098723,354.3799322967963,0.0,110.5232926297726,329.6214251859232,75.77634183775355,494.4355165496463,125.1557428992329,271.5388683335446,229.0246592983428,113.5344272072842,401.6923165651997,491.8662078569272,403.3662395854547,344.7682135565332,367.6085049947712,463.0271147475238,220.5092142793081,144.3407095745997,364.2073345292365,369.6309792915653,413.3093396024074,44.84523121048979,104.5611701061442,71.44075469992,108.0487555353886,365.4058337815222,400.1789404170949,202.0888497342721,361.3861807106538,301.640611268086,267.7504734788342,280.3092556051537,415.4619670125694,359.8950933811157,366.1769997682089,232.7320517348008,439.0058800091447,400.1343861384634,333.7471283177434,358.3699425223929,300.7944161453378,417.0195108503935,371.6292287322867,169.8372196353603,335.3977565073951,348.9059542673198,425.6448273219465,333.4392470682456,286.8570037524057,185.8798423562135,401.4319731259272,392.6935521072946,381.1272214597622,361.6769230465572,257.1409070442999,315.831274623948,426.4443307852348,255.7209353650617,419.9780756639205,360.6731672064844,433.0430450002222,233.2943526231466,267.1590752007979,389.8188363685981,493.2494893424852,315.1784112956828,447.4760773143925,457.4634145084374,474.5988665866576,358.9181689919274,536.469409919959,295.6445928541227,505.6336399081607,203.1347680642516,105.5188840496615,498.6515366646214,388.6686202036752,279.0569546044498,389.3354269997794,195.9413012277641,176.8744310233431,518.1576552498551,478.1354523058156,254.3263945180268,351.8274467416516,430.2557079145259,304.4562273175824,429.1951818501777,368.3924651685772,388.043745591623,329.7912337768789,540.3427282160665,203.677868481163,314.5021303250002,113.0005542440015,228.4112580765074,245.0893823075709,200.0352505694116,344.7197784412105,592.3825316727551,391.9161026451189,284.4791591708785,302.8064745664133,345.9223862254805,305.1984295422599,495.4576596487009,152.199854953609,544.2790346991011,498.4393611461491,576.7035670392861,453.7502280094097,348.0015804423941,267.9117969101749,429.7757409691253,487.8473505908702,109.7573532019427,498.33100065607,583.6111500277995,349.8668927785489,266.8193178988082,421.1921210578097,266.3860961253738,351.236205071856,206.2530687643639,407.6480403604493,274.2247134822786,379.0273298686232,816.4663856095054,591.4359423223428,1066.908717567363,700.6766557084906,573.0098435551043,1097.228166260698,806.9116337384683,806.3099325902019,765.431997055004,793.0022484659606,1185.555146760603,637.8353819560477,763.9413363299932,848.007256709264,779.7909988825274,833.1267673216223,1089.130088694613,899.4509470191716,1027.086371540852,316.8056859754112,633.7058669096809,566.1464882842058,390.996352013838,560.7114630239372,453.2721485387219,541.5416943985346,393.2953933259226,614.0482788169063,476.95564106537,607.5306051185303,396.0318336228747,404.6892041935741,420.3611737267161,396.6825731301803,661.5233425527736,508.1351321772731,495.2585900953062,273.3524439100595,322.4489178803051,383.2802359683126,407.1659655686618,337.6709334657966,282.1260850102445,465.6027096187723,441.7805703615995,573.7645841886836,486.7791302584493,607.5698950975353,476.5393442703904,303.2865146059039,529.0871641156205,367.9923327976856,353.1594936949677,427.8451384530051,515.7581320133227,605.7453771305641
53,236.5243505012748,94.41442859260503,175.1569982616357,77.34177356060016,237.7169116851857,148.1578057304724,212.6746328964749,107.850396234697,50.59754907635582,318.1748090097935,224.6993577815009,201.3387345867513,73.2204415822022,355.586959798211,205.2534154960684,294.5459487885632,212.4386905066111,124.9511862544616,74.11111040458215,248.2212048042105,110.5232926297726,0.0,238.8021596501709,69.20607837309119,402.3487169019718,182.0554595868184,197.4530171947826,189.697587049211,104.2801975493546,318.6162813430751,404.704540463943,328.7115289047989,241.7712618009563,298.1478843967924,378.3099304956961,110.3218614767783,178.7748905337341,282.0126654418724,272.4831272942566,314.0927209058356,146.7868926080753,80.80492363113667,168.2677974049798,54.64872217927678,298.3729569431413,293.0034020561313,105.5812192308531,277.1789956271307,198.8288250944127,187.1915605544246,183.7994578418584,310.9722251245672,302.7187171187355,276.0647650500825,125.9318494439508,338.0184503768176,293.7105349419671,246.7589279580575,257.5984277576617,210.0733120723889,307.6524989404764,263.1660044758875,125.8560180489417,232.5265173243743,241.6689929715106,315.125350746412,223.4275714335161,176.9969729087606,142.0738819227687,310.8145700198245,291.6956457205154,276.4735281610709,310.7781464477565,157.816415022327,221.7405281360258,320.7834230287022,145.3557287330591,324.7575162151226,284.2091252736886,499.7673080391232,325.186691713963,363.6075879160761,473.3245502636629,582.8888504609641,413.9376617032409,534.2380991366155,538.7479837595962,541.2289126589185,460.9551136582741,626.5672304141339,400.4538592756838,600.791876008343,310.6514296758252,201.9038898714898,578.8255880254802,462.6344479319641,323.4507573287535,444.2817481709952,298.5876806810322,220.6067116648547,615.8898175153664,576.8107571469479,359.9935878302204,448.2576463209912,512.3676175969989,398.3077916580349,505.541240565688,458.6024309570328,486.991958333174,422.0883016481833,614.6982085018021,256.7279324152991,421.7485004174796,217.8519419828773,282.8725947101851,312.4340441037887,292.5337207800077,402.9716887012111,687.5440396560599,458.7444429562404,351.6622247581402,388.448759307465,451.2917520787508,362.5036122688446,558.2528649734197,227.9386758957466,637.8626426134169,555.7020133197592,665.429071554245,544.9940894922031,422.8020921053609,344.9291065494223,485.723244095894,573.1797014282891,194.4024680679855,573.3499143298451,675.7401473175117,434.9867905490366,357.8238933954809,481.6865832338553,322.4729811040223,418.1858856708812,273.7708920893622,496.0252987892131,382.3116960263319,482.448822665773,826.5090176897513,613.657706837788,1105.075565020701,733.6196169473994,602.2253254620097,1136.229718147672,847.6257456209431,834.3314497691498,791.1280600753855,838.0337944402024,1218.190253884767,657.5636747774876,803.1305393323094,878.134225125538,814.454611296644,851.7951496455257,1141.608232917673,929.5231676114224,1078.744600159557,345.525269234096,623.9754325316397,569.6202863746548,384.3123519035851,489.5024418962629,480.8079765680554,551.0231661648662,407.8270005754927,600.8457624102343,512.0533247445682,530.5537128221024,352.7138567196906,368.9480006006631,463.6619965472638,398.7318325822505,648.1840907109855,512.802826521764,508.2359681562883,286.0139072914055,288.0255864888782,408.2999239393386,434.9671839919812,355.9241425979101,285.2420486356125,441.9420227995223,428.1457957033139,493.9611622996395,533.2782103016045,527.5938467158012,475.7279466239721,284.527278646542,555.8212907491617,372.6017530622435,296.9603801852664,436.0079371201908,435.0957240798703,600.9877901240257
58,244.8264613269947,296.463823808008,378.8891268010541,172.9959726631426,26.80222220995319,106.0303441891475,100.8386291809649,344.6611669938084,204.2100809898543,79.50498914968125,267.9097391914768,293.5871563582736,247.8700479177889,119.0148324771245,76.23177382392518,56.013406409045,414.2699116800844,363.7495895335555,287.2532724279006,94.66504766177992,329.6214251859232,238.8021596501709,0.0,255.1499354224277,164.9741652110538,314.6670327637617,77.02715746766282,161.7955910071061,233.7412811786699,84.46110389056767,165.9610962689473,108.7895310749361,67.3675034110661,99.44836795052447,140.6153299269633,184.2648940880126,284.2282137706849,54.35845114298723,49.31645293557178,92.942781977929,346.6644782484447,315.0322643759765,398.4721626788889,221.5729691004954,420.233746839911,263.1693260913303,249.4111279144702,362.6073307293868,248.3921224419463,317.2185961673623,270.4407189848976,296.8433937563979,442.7445490843524,343.1212369169551,211.5227970607096,337.6332393815325,120.4665022219464,334.6240521470107,287.1587331207569,302.2070185733338,244.7763390223064,125.8120287973649,334.0027565314425,262.4587900672603,235.0665591838107,207.3156622017087,190.1194989491522,183.50500237541,344.626747111634,364.9098451556289,306.3449080303234,274.2826215313121,459.9804914619205,251.0117891005753,296.8594737843752,133.5146339689168,172.4038092375079,356.5725203006666,388.3158209449473,556.274509650612,465.7148750248695,508.7640786266174,572.5584454225528,687.3415314146878,559.2460252741187,635.1253599841125,625.1926009394929,592.1745779694345,611.946800087652,729.118147691406,565.7513426025181,719.9899185694783,493.8124781378987,378.1231097143307,658.5780430860095,540.8945829591632,371.8395864817124,483.7239710218208,468.3446477969219,312.5764652558381,742.2465797704452,708.6142340109374,531.8384009107525,583.537460567895,603.6671905549365,532.4172304909304,583.6513603466718,576.2444347540289,626.114103009788,549.3182955338794,676.5790592609235,345.9920620406021,594.9528983518707,405.5481154965623,364.1547443029212,407.4544674496437,440.4842923418995,457.645641189411,801.6626568128257,521.5617872557575,436.1638507954263,504.4980011947613,614.7953757993139,424.652764411702,598.2687693656812,364.7214916481301,749.917249874072,583.3245308488481,761.4912969933064,656.971797499345,509.0954714397527,450.6604781238254,520.2132038269909,666.7780666670999,356.4974269431969,640.7756625799759,781.1429960263786,543.0190624560074,490.8983352496087,526.8551349120162,393.3916611227565,488.2137969155536,381.0071625526041,604.9052733447235,562.0093708750126,636.5928026689494,725.791102256841,556.3665591591817,1052.378873878865,688.4559952783435,561.5283716841394,1084.386898670668,812.1614213118029,771.3913795722551,725.862529507458,813.0116347634449,1149.751625061994,590.2157759321561,766.9571386808706,817.30577277016,767.3992484242899,767.7036898835482,1120.942027551635,865.9536435314196,1058.217653610875,355.737837895471,497.9105005284736,477.4030117745966,307.0991338953437,262.2966327196922,454.4858361720582,474.200197824821,369.8399585256633,469.9985065269508,496.7009982735582,296.2422901838178,201.3735140746278,230.436017813417,474.4775801421363,336.378587451734,512.5563843280115,431.4600514217817,445.5873202555059,288.7472592481983,187.4204785638686,392.4279395934951,418.5906644307332,341.2866855004198,269.3126116914961,312.3256107964741,323.7197419219711,257.965133676416,539.7278008497926,291.1169366886318,389.1486047267946,222.4349076560553,515.6634837924825,323.6687497067948,135.365830263696,377.3218786801185,199.3496975566372,487.6147533366404
59,183.0151111012995,41.38213199041403,126.0986313981345,128.3144998352974,261.1968452952103,186.0006219220146,255.0199012350785,107.5397804711436,112.034182221938,333.3614523772829,164.7003887628386,134.6041974691345,142.3327918010276,363.6685725635187,241.3395322955206,310.5440495810358,163.0737886965768,136.0764307042942,134.6379283230653,287.3020633993827,75.77634183775355,69.20607837309119,255.1499354224277,0.0,419.6002470620952,112.8497137911171,195.7644865908477,158.2986874438106,46.93031625517948,325.9986818122235,416.3512980405646,327.7394589997049,275.0921629847016,292.3245190455039,387.3610703380473,171.0897187591679,111.7023375385197,288.515727730547,296.7081391332856,340.9491185835615,94.15844230460513,120.5173060371144,146.8853404354578,35.41385281975305,364.7877075932386,356.4897333389732,174.7798367695976,346.1989287167159,266.08353307742,255.431122284087,252.7395791359875,376.5780653671591,366.6735371580092,345.2619033208146,191.8029627829037,405.2469021981397,332.8779256588012,315.898989101878,325.2471718953486,279.2793130455569,367.6717270239395,307.4542813760376,181.0458286546312,299.4964035829761,305.5051808235408,368.6694935240997,282.4456913966209,237.2459742479019,198.0988272134939,379.9788666247478,359.1039393372478,342.1743655433822,372.9573113180079,226.4522090188755,290.8113602011504,358.1942962423273,204.1020716761028,393.4819291664325,352.3506639587762,430.8722326508556,258.8421392318183,298.5269341938271,404.600628078515,514.8958216826529,349.5025012503316,465.8321208654249,469.7425093917573,472.3905088126541,398.0549781613404,558.5958455535971,340.1028277833707,534.1755875664185,254.4621561162998,140.3145040743911,509.7265235585146,393.4284842500926,256.9939837142818,376.6352370554287,237.7824622774811,152.9384710292323,550.1779420356647,511.6080050389656,300.8809083918296,382.6084376727158,443.4519465075089,332.0143146960416,436.3471532929323,391.0291015419639,422.2433382877273,355.1933506928486,545.5093583896447,188.2676686464648,363.8495280837496,161.2637120988374,214.4642130947215,243.2514867166971,226.7700106512876,334.7158354967697,620.7635100076143,389.7885583325641,282.5336381264513,320.2456078590332,391.0682928870869,294.2073498199205,489.8123474438142,159.4844252401938,570.6987632933711,487.9999344473455,597.1551540298478,477.4200501113282,353.6077858847871,275.9108838698928,418.0524456552176,504.5228971452046,128.6380614119758,504.1465128378791,608.1419585261137,366.5513995851131,290.9468874817243,413.3753408191419,254.126973577228,349.165450804518,204.564944008971,427.9674470798957,325.9984914776577,420.3889205413797,773.4527876314297,555.2857616169478,1042.503496238758,672.0514397141582,541.4458192220761,1073.446764522632,784.0317364970911,774.5504153390561,732.046309447494,773.3106419155118,1157.396148429106,600.2490623865583,739.8804526045986,817.7392635441868,752.5309488365302,795.3726344920982,1075.473121810374,869.2273942837862,1012.740958229454,283.2746821622558,579.4031219279976,518.5558102010353,336.7081017062166,485.6355028242767,420.0138254236016,497.2894151373171,351.1113229989247,557.9606658756213,449.1236167084526,531.9466339684325,326.5153907378395,337.7822510805851,398.3753343403985,347.1492373059101,605.5506583116783,460.9151310008733,452.8524003772415,228.4443246626794,255.1208389896705,347.8260598687305,373.7948192322634,297.2838031202668,231.6357761425529,403.9370511344885,384.4945964890138,498.0242838840097,467.5431890615926,531.8341606863668,426.0759986272923,241.9770384659733,495.6661549218916,319.6134489017876,279.9150043455869,382.097915867648,439.9863772371946,553.8712091467478
61,374.7134505430566,460.7862091006543,541.9941827981276,332.1617102484285,165.1570719117314,259.9626951269187,217.4647845588819,509.0868419700026,363.9665636424572,86.30188675811166,405.1990096455692,441.0517903275991,401.9143796725365,73.06489100972516,208.8074636489951,109.1238587395115,576.5915953040266,527.1262960774021,444.4599779909233,184.0046206008392,494.4355165496463,402.3487169019718,164.9741652110538,419.6002470620952,0.0,469.102585167848,229.6727776236641,304.5104367514725,395.1028373003255,103.4868407226581,33.99070000419028,127.9936800037439,173.504322860872,164.6042044907186,55.55376433046182,331.9743363796719,435.9422012221289,137.3723402423369,132.0011692595271,99.50919549475664,509.892449806656,476.0983368396546,563.4462261293005,386.4046260849681,534.6189810989005,331.6103672288148,396.3617916569539,468.0918534258277,363.8861475946262,448.1302182045475,394.7542087805705,364.1283135443722,563.0230910248915,443.3800188652111,352.3915944148831,402.5477097486201,158.6006809143976,445.9831630426818,381.8062549011297,421.5715571206662,297.9532554298899,196.0390879669125,487.17063469112,364.5497541195941,327.9324182549976,242.9095729088117,288.7869561764922,306.1268271456039,495.5741538883656,454.673183736288,387.8550806812038,355.6268272694078,582.9024480143594,382.6005948727184,410.3378229734564,138.5827695417711,309.440266757886,436.0198029870568,498.5409071949118,666.376552390856,612.9242168005538,655.555299205465,700.3097809330862,812.5083298033026,704.2963478417502,760.7600389118444,745.0485181636338,697.3382474604397,757.2943917116613,852.0456954632142,716.7793954488174,850.3387727134351,651.1683261187165,537.2203993199639,773.9102496348955,661.6928173752722,495.0957758488896,591.3482326840921,623.2075919752031,457.6690823536248,874.9393590225147,844.3777280433852,685.5267830054502,724.3877312031575,726.6337652390183,674.7790031755275,701.9218770711637,710.9863078130353,766.9524486780915,688.6503239358084,782.5859530360658,486.5828105461449,747.6317363548492,565.8198173102619,500.2958795925997,544.1340065413111,590.883991661761,574.4916103057806,927.6184128771902,636.9084671718565,566.8022648685342,641.9982730111586,764.1259358061544,547.6794309976901,697.6046216405767,516.4448337775284,876.3693871065525,677.2336236151092,880.4584832962332,786.3718913310164,635.1947109644426,587.7587938383386,622.3539264539563,787.9957187436182,513.9521723920697,751.1874664320095,903.7667880315959,675.6572542883504,634.7077365307023,633.6722612728064,522.8856078330423,609.0976487947946,523.7119690828416,735.0619367071965,717.1335683354976,782.3674256081559,724.6818787092458,600.8452285114502,1074.37602307015,731.2306788675915,616.8207549774113,1106.099311311244,854.8936005812948,796.8581255791266,752.1336481114658,862.6627004622377,1157.724495443548,624.4997197620219,811.3985512888114,842.0504703464793,804.3698219789097,777.4898805042174,1163.188257745699,886.5590730639674,1102.194156014647,464.6645759420908,493.6561394963309,504.4914882178918,375.7674393121669,157.1913314368928,530.072568489074,513.4987967184658,450.7367455460326,464.7221531183974,574.0700441253965,161.8679757052694,245.6538094886086,274.1740244029817,568.7081114795253,408.3826710778897,497.7070714243437,473.2151809347414,498.8285334253725,406.3660419343124,281.1705564637012,482.4235989438407,504.5977133978544,440.3160630120714,382.8187527162507,337.4278205673149,367.8796033773282,121.8199138488344,625.531800972089,148.4805107667521,433.7938096696029,325.8700934422287,575.7051173634611,406.858303755025,210.3476460852713,443.8579261228477,81.17380946710527,495.9022201958119
66,132.4647803505127,102.3752424453797,110.6930233368568,232.7241979031733,328.736930564155,275.4625253978791,343.5561985362586,178.6286766242726,222.3035662488907,384.8028236416248,98.27145358988552,46.31054320274509,255.1289284558433,403.203124308161,324.3913640162395,364.7092832648022,129.5884490785718,209.0071861427658,243.376626584392,370.6761765334123,125.1557428992329,182.0554595868184,314.6670327637617,112.8497137911171,469.102585167848,0.0,240.7313785221674,167.0844364874026,92.95133930393277,367.2136922595142,458.0581888188617,356.6365209596462,352.8381108912067,317.2330702697251,426.8557955983908,278.8525535175713,35.82622280822651,331.7729030308694,362.3369675336889,407.0980009428924,93.0910674408813,219.1717903167553,176.063371386043,137.8357908699017,474.7099631017084,463.6574179112233,287.627634217678,458.8426403810214,377.3307738530549,367.4360195279565,365.393630725206,485.8020508212393,474.0114004103409,458.1069835155747,302.4951098514111,516.0683117239618,414.2319406119634,428.6734346130658,436.6664684331287,392.1279253243109,471.1309361165227,395.5593229619777,284.3591700768874,410.3651650647232,413.4324662989495,465.132322439687,386.1569451634897,342.9500336165347,301.2907829042053,492.7956853989072,470.211564401551,451.6526948584421,478.3616574372643,338.9009310351336,403.5567422089315,436.4706474502195,309.4466656769664,505.8640300250316,464.0864832972737,318.8805917291848,155.8454944194405,198.2288727519442,292.9465816513749,404.7935968943507,249.7124618029637,354.8581318096336,357.3395733357886,360.5071136042175,301.2029846654735,448.4586365044764,251.3386937336406,427.154893543873,182.6698935197282,76.1283809401343,397.0984132216005,280.5815343659127,154.1453966490979,268.183777699947,154.2355618410442,52.45542079215827,445.1150345526256,407.9199256429661,217.2913820527721,279.054650837894,331.277739435461,227.456380230505,323.5171524021872,282.3971308199878,320.4534139133986,248.6590571687507,432.7138848608834,79.63640399465557,280.2925714787801,107.1032508594301,105.3361077154472,130.5196968078775,127.3159768732732,224.7858109391273,513.0970588701883,277.6723053600993,169.9859420548686,210.314158108109,300.943959226261,184.4301081298506,378.898787423964,52.05622788940554,462.3299876106373,378.8955329984182,486.2959651891807,368.3986698971063,240.7798922011752,163.6476011770423,309.3017779138148,392.9060680012719,49.05855834045175,391.3096830232436,498.7363037439047,255.7461051590257,185.3941664821842,302.9621134322085,144.5857613401654,236.9043903480602,91.71559081866745,317.9372763576212,248.1731277472144,325.1528990784108,693.3724996425642,466.7826645308579,942.6609807002843,575.6248762352488,447.8739164381171,973.1355749259274,682.8759871930135,681.1542175959357,640.3277122482185,669.8761756077471,1060.689915582524,513.4027711759388,639.599796631941,722.8894241053677,654.9142703316757,708.5208707082187,968.6930457945957,774.343413458273,906.2843723715638,192.5615448224091,518.8094947143611,446.2499487511378,279.5861053806414,500.6293711450912,328.3883797581524,419.8376586787711,271.6994511877394,501.197541059835,351.847588558199,553.4880926643648,313.6910386489063,314.6242777193248,295.9736727300049,280.2317214182584,548.1561535132622,388.4202292346731,372.9156602771508,156.7153189185787,238.0966771994385,259.081675356817,282.4105603569988,215.8956549806607,170.7584995534185,362.7417174590827,332.8677066171395,524.9221205918947,363.3168981461613,557.7989548073615,359.630576368988,206.7435894606737,404.1141856090703,251.1496580898338,288.2654349456547,307.9654182044173,470.6020303316078,488.8110359483841
68,169.2429647202204,235.7942672390487,313.9059580238043,151.2094918106133,97.51675717928804,111.5809605011631,148.2352460906789,295.4986456551917,177.1985757002865,144.344567315137,191.0243794765388,217.2114003990868,228.3753523667015,168.6478706092583,121.3253345237616,123.9841479728103,347.6799660351707,318.7340485735214,259.6547575136706,158.0730254303797,271.5388683335446,197.4530171947826,77.02715746766282,195.7644865908477,229.6727776236641,240.7313785221674,0.0,84.9698395185902,166.2458877707889,131.1224198369474,222.3798339030336,132.8828374780455,132.8679974762336,100.6948776337102,192.4943037750419,181.4058169553961,208.9855061383979,93.89892206247826,126.329334270008,169.6238737836058,282.1062354599476,278.0264214269243,342.5147791252957,165.980339766405,431.5187165718994,309.5473250389904,240.1580332586088,382.545140621883,269.4541516875161,320.2665991900487,282.592219955259,341.2903792898691,448.8509429864915,367.4238963097396,213.6054047579082,380.7100302617432,192.7446098678976,352.1257835249793,318.4648242716307,315.9025383646058,298.7462679255748,188.9000523755682,310.8772139261963,291.3046366682976,271.9758498335439,270.1772866037642,229.1874017657417,207.1367221884285,324.2258560701129,394.2218673499002,343.4227314153861,313.746544333486,463.4698763162726,258.4611534452795,315.3172383598508,208.9675324553519,184.4890206532393,391.791026470901,403.8475974305302,482.1372935521646,389.6860058600413,432.7135976262724,495.8259994849755,610.6976649366297,482.9423986199106,558.4949759188802,549.2036131676867,518.8891934755211,535.7455752988321,652.632400532499,490.8844766235685,643.0210660070096,421.9262769652601,307.561821412734,583.156304335014,464.9798963726518,296.27773733797,410.5767257130735,394.9368668318997,235.8782403789009,665.2230962010213,631.6095912789729,457.9514379634332,506.7464442732445,527.3430378703293,455.7287444017403,507.9806028342966,499.217701048982,549.3495209115341,472.3999348515774,602.7532635158759,268.9963963600104,520.7152666008797,336.1807722442214,287.1659428153103,330.4316190487462,365.2272995092002,382.7197281180258,724.8796864296235,446.5877228944561,359.3981624654787,427.4886710887353,539.4730043913434,348.8305519813915,526.2846567541716,289.7401381682924,673.1310863373074,512.8154295475609,685.3913811290319,580.0681422683277,432.6094580702507,373.6345801015731,448.095170012336,590.5493343628046,284.5433183752829,566.2338344680076,704.6366750623652,466.0378980335245,414.3362289486283,453.5840538565968,316.8323169438453,412.4562818673052,304.180160565104,527.9935540730656,488.8462327524769,560.4896981684691,687.2865944646912,502.6248197549489,1001.616596050152,633.2608970579695,503.6468031176769,1033.543140809845,755.6890139875628,721.6523190705778,676.3685114532954,754.144867565655,1103.706241704464,539.75533945631,710.2987202414904,767.3481010057556,713.4151516067934,724.1473684298434,1062.736641542929,817.0964296297248,999.7258249917072,283.7348054106313,466.0573031622496,432.6979127603443,252.2052645227988,292.9600910615757,391.3764206968497,424.528672896403,307.006121481661,439.6470930547515,432.181502592233,336.8901982084053,171.836142233301,195.7916999107194,404.9673822954797,278.433553692947,484.9139256004755,382.1976109348571,391.1544565741137,215.5207618080034,131.6926853483167,325.6799207459022,352.6241291556706,272.7127149955293,197.880112467706,277.3790730060029,278.9063112549177,302.3575447227804,471.9245965458823,336.1784784039424,340.393556973379,157.5188253611404,456.8969169908249,261.6700531906419,107.0128825985371,319.8834922885258,244.223976976361,450.6171428938982
69,85.7860583745861,191.3956046386635,256.8677003377454,177.2001762926638,182.2603309438903,170.958494423187,224.1527490764592,265.7900633893893,191.7896569066216,222.5695316004325,106.1144165750154,136.5534743705533,244.0134516851239,236.746295164975,198.6936364559545,204.6574304837256,286.609219219482,293.6905533095448,262.4122717127468,239.7221341117281,229.0246592983428,189.697587049211,161.7955910071061,158.2986874438106,304.5104367514725,167.0844364874026,84.9698395185902,0.0,115.4902780230937,201.516317622952,291.6096119968785,189.5697436968246,215.8835385855955,150.2662148826981,260.2375111624134,220.2617921530049,132.5002390553778,167.5183420684984,211.1032532337703,253.776443129263,227.2460477310453,267.0254887817067,299.6983669292872,140.9192477920081,466.4546403265631,377.5440124199599,265.5093645910664,427.1191910117066,320.1180357511719,351.8252879301223,324.8690623213506,407.0863578468488,478.1783898350538,416.3562348705233,252.7189910416735,444.571467859664,276.8029229411985,395.6452751719489,374.9722738308194,357.6604184857409,372.0584183291718,269.6119979258936,314.9134574779379,347.0221253209244,334.6130571116195,349.2556553183881,295.3737227736339,264.300632210036,330.5944905671948,446.621117628114,403.6058030297081,376.6630416198527,489.7319013882001,298.2271810977193,361.3101849576782,293.8232965240615,235.4036384232733,449.1752289747441,443.6837916243373,399.1326957611489,308.8050598275803,351.6310076045405,410.8578986048448,525.7296136581774,401.1015434056396,473.5286973043052,464.5205637494021,436.7059635314724,454.0678044222668,567.6944083667626,412.2703521333005,558.2197075015208,349.6729474324366,239.8592910847585,498.8730641838685,380.3743744668077,212.1527306779458,328.8426646440527,319.926698254373,153.6987403540525,580.6432130190015,547.4105730324668,381.4958200303537,423.4939984593192,442.4749523038199,372.8604322806488,423.5377561125879,414.7218171236922,466.1473378638404,388.7046633048304,519.892037893555,185.1083711650087,443.2574347105065,270.1633996106518,202.4454478429105,245.9050262895388,286.3830948692952,299.0817731008082,639.9223299326086,362.8020725731921,274.4328829977725,343.3218186722654,459.7522484221693,264.3743970671036,445.5001079645347,212.3160381857524,588.1742405871263,433.7585860488279,600.6193094528355,495.1762824529711,347.6835589288312,289.2828195572753,367.4202038517084,505.7203748143848,214.4548930110385,482.7264522786248,619.6916114701107,381.2712135791219,331.9216151585028,371.5705218286962,231.8933154539364,328.0004750365968,221.1184839082885,443.109847000041,413.6250298581945,479.0058928656021,644.9677758399981,444.379116363542,943.0739068474928,571.7176801521215,440.1934606063297,974.7911624452325,691.7849263277972,665.827235316687,621.2191400197415,687.4825770678532,1050.063626407956,485.0257648412153,646.4496451572682,710.9293314379115,652.6765746276949,675.5379327258839,995.7287937223944,761.6233058864184,932.568232722637,204.420311663372,435.6690627992685,387.3401472216525,200.8595012940984,337.5873721101306,322.8287159010778,373.0265692183086,240.8447711618232,411.876817050515,361.1682998678934,388.5155670869314,168.2266241567846,180.7855621709578,327.7689007847656,220.7855955807314,459.0463087842311,332.4562861408601,334.2744444036707,135.4285306308958,98.70993734925494,253.3121525557993,280.8483397008594,198.8418318468324,121.6436072561439,252.2515539995877,240.3227632011706,358.6167933334497,396.3538229126458,391.777281695486,292.9050988334302,98.86411062719925,392.9823504143031,198.6228622778244,125.8161181313282,261.1243295367393,303.6678511458441,414.3938566163637
72,136.6229881627757,75.90536009627306,147.7660112075039,141.1666237175701,244.1833788020856,183.2094400498449,251.8695866760752,152.8252137329739,134.8910944178719,309.029204339267,120.891979414244,99.49513121082796,175.6127333025287,334.6615954238695,233.9946235102781,287.2230530092706,181.5350386428375,182.1646200468342,176.0256316819657,280.4929741100086,113.5344272072842,104.2801975493546,233.7412811786699,46.93031625517948,395.1028373003255,92.95133930393277,166.2458877707889,115.4902780230937,0.0,297.2684990198189,388.6119932571183,294.5106061774758,264.3973827649575,257.3255263950394,358.5423412316546,188.2409056810709,78.16057431574202,260.1402382988343,279.0212677549348,323.9269732275334,116.2263204408493,166.535649033866,184.3620103755958,51.11331311587256,402.5437124708589,371.8406365820751,205.9236235401976,378.3432157430876,289.0281644457131,290.4651616199161,280.7091060938835,395.0199798254023,406.8376586078911,374.7007589940474,214.0933657876049,426.6257941417758,324.9259731106065,347.3037157030167,348.3031744694838,309.6665588291067,378.3738772451621,304.1965091957532,224.8869599913976,321.3666787974176,322.0942844032237,372.3971585957302,293.5487406493428,250.9628755461274,241.8019861962374,408.6471023998873,381.2664124483933,361.151607725272,414.3781297618486,253.5576205624795,319.1689311549263,348.3635624569731,217.5044358143026,419.2944103129913,387.3432210099755,400.623517107371,248.2860059162811,290.20733147308,383.7558286078471,496.6761335805551,341.7474284675206,446.2095635618906,446.623272129299,441.6977218674827,392.5843845230333,540.2659231790946,339.5178779090436,519.987653764736,261.4220851918718,145.0499614697069,485.5373941042341,367.2285314102257,220.2357515804695,342.0415021314561,238.7887645173482,119.9718645673779,538.0663581647544,500.8133177623642,302.8125522831486,371.8599546684239,421.1583970552323,320.3176184827009,410.8315329900231,375.0389632239289,413.0506781992825,341.604025292656,517.8927012579835,157.5403284914905,366.358542623769,171.8342145991906,183.1486378782355,217.2367230358735,218.5321703882352,302.0037717063556,605.7806666138584,360.0818212637753,255.1013180252581,302.6707179112132,389.9669232192994,261.8232715596537,457.3279672926748,144.6984018009847,554.8700329878308,453.3459874836427,577.5393733889268,460.8168790678125,328.546133166203,254.1874133166522,383.4323322358119,483.5090765058198,125.6091543895,477.2064095291079,590.8752473428822,347.4762479528133,278.2979240677777,380.6022766897787,222.1850218099063,320.1373065994713,180.5746891291363,409.9963778273107,331.1575647310487,416.1064939511828,727.5661471759184,511.1215554619093,1000.994434772828,629.7593051630873,498.5915064182976,1032.105952664818,743.3693573652426,731.1775235930669,688.2941835014564,733.7825888585813,1114.668237833091,555.643729430433,698.9079087005692,774.7254022726071,710.5056661179734,750.4924503832422,1037.68643499308,826.1647999072002,974.7753412282511,241.3479503915056,532.4781235342944,472.1693938828202,289.8349538539225,449.3460113519654,377.1092376506217,451.4501571731581,306.074608915943,511.0405574567496,407.8361701443848,497.8150961696469,282.8628437882832,292.7192948548473,359.5974370774662,300.7217739727203,558.6316064371898,414.6415021232851,407.4532183565556,183.5249971284793,210.129369120523,304.6612343616071,331.1133762255184,253.0173675364574,185.4169371830278,357.4490241596118,337.5823955205985,465.4357667899103,429.333632038339,499.1024371064326,379.4335388416426,195.2658042121346,452.4090183029157,273.4244677970078,240.0518549388483,336.2063342443142,408.3149737589849,507.0442956798973
73,271.5450840073084,366.481956813923,444.9929226957601,256.469427635073,99.78512471136384,190.4713112676663,173.8260296465253,422.0442910729037,287.2338463525793,37.17982509005599,301.7301327068815,337.9386379040373,332.0921735450781,37.67150794639427,154.0260957802934,44.15163120341577,478.51738331321,443.0263977391119,370.7459238436595,153.4018904124318,401.6923165651997,318.6162813430751,84.46110389056767,325.9986818122235,103.4868407226581,367.2136922595142,131.1224198369474,201.516317622952,297.2684990198189,0.0,91.4550144633936,39.73741349437353,130.2476765707745,64.84374146674314,61.41459683429987,268.5657826309266,333.5202664128419,37.48498203596337,84.66601218242725,94.49642903932828,413.2245186742854,396.7181832265752,472.1901963690199,294.6907961925165,499.6592635120867,324.8207021283914,333.8025641751753,439.1516467252633,326.429087868882,399.74574448763,351.1606735908857,359.0061979230616,523.6876770573056,417.8626498074207,295.1403552403399,399.8134416157973,155.6989297778686,412.5764011522143,359.1983869667666,381.9976510734738,299.4271849789371,179.2855550180695,418.1640315415836,336.5307242888901,305.2486444452872,252.0902942990054,260.9546592896529,262.4056731490412,428.9857348217462,436.5245138058634,374.1115674524538,341.255318314562,541.562718767058,333.2176702002586,374.992192467492,153.0100254837976,254.9266868747392,424.4963152456929,466.4309997542317,568.225106452646,509.5543516441843,552.139024978314,598.372520885154,711.2397993300889,600.8146340270682,659.3125214649565,644.7570057795141,600.6846350423288,653.81160659365,751.2987714074668,613.6952380131746,748.1947947643895,549.7175274998,436.9028473373283,674.7580453068912,560.9770427755665,393.3047900786312,493.5097177647794,520.9984568784324,354.3166920078932,772.4616985678243,741.4754636367473,582.9336638834905,620.9898391720294,625.6385367912686,571.3110221839922,601.8741052878597,608.0784985189172,663.5720505095559,585.3188904573894,685.9911932701324,383.0996186908466,644.7734984063629,466.0959114788167,396.9904545426199,440.8509460945779,487.8483917276479,474.3083887512,826.357327049687,537.3245518089745,464.1560910192143,538.7591628020426,660.827240672361,446.1480484663192,602.7132936263907,413.7601540568554,774.9464583002405,583.9980875228597,780.6505285514233,684.3016545553063,533.3957383882669,484.4961911256551,526.2338796352714,687.4994480134528,412.9386005944717,653.2516375300411,803.1656289671773,572.9559095801574,531.2212599946266,536.2691734204903,420.2734472702641,508.1975757341783,420.2278939376176,632.7972170067987,614.8450338823299,678.8882698772105,675.9934350892337,527.1610411484127,1014.500026347839,659.376645201554,538.3099187544007,1046.465491906452,783.7312094721893,734.0458012904843,688.6449708356204,788.2571426277066,1105.662615058405,555.990635277808,739.2050319847806,779.8473266600693,735.7682810723308,722.9736221516472,1093.302111656011,826.7367745358049,1031.312808616678,365.6293394281037,444.6289635551947,438.2795270528948,288.17853250066,177.9590225380989,442.2844322104112,441.3046401314635,360.0007132409315,415.8778105750563,486.0307164032382,212.7183698887141,162.9849591668683,193.4883890346714,474.6894963965964,320.2119144809001,455.1150546862755,399.2497546953733,419.9364047308679,304.9959996700526,182.7030532677609,388.9860763225414,412.7435198281022,343.6316870220934,281.985900722595,268.6441432510383,290.5783259951868,175.3929335181678,534.7830568041045,208.9819777209635,357.7741395147488,226.2862366521558,494.7268642102542,314.6243556999277,113.1079741220371,358.4696633857178,116.5150095010203,439.6880055288821
77,356.9905577901129,457.103597401098,536.2821201633762,337.7950517689999,171.5392766844454,267.2971125542309,232.3659086660969,509.9860093421393,369.3637488604527,87.23399600869907,388.9097081647563,427.4749790071047,410.3399683388182,54.87233001778171,220.1276359928121,110.8152689306835,569.9391185442557,529.6287351357398,451.511738081111,201.5452491221669,491.8662078569272,404.704540463943,165.9610962689473,416.3512980405646,33.99070000419028,458.0581888188617,222.3798339030336,291.6096119968785,388.6119932571183,91.4550144633936,0.0,106.4677476027485,187.1112126175739,145.4387655125801,31.59812081865708,342.305470777736,424.0111341994842,128.4826636843498,141.9295407993318,118.240370231952,504.4453593247293,480.7764547859303,561.924106910462,384.3155267719174,554.8642563190747,357.3713094714298,407.4547870981648,489.633342314464,382.5603019681636,464.1723219719362,411.9177178874985,390.4691424913197,582.1672454974862,465.652216053986,365.0021873894626,429.5858267140645,182.0905162555024,466.266645624254,404.4204241868848,440.0472876856915,325.0709070701481,217.4988599659224,496.2792848785095,385.7112714414456,350.097455548198,270.8674104014956,309.2496959522224,322.4845776423576,505.6427400651662,478.7334017572497,412.5376683293505,379.9502882547819,601.5410698069745,397.9505668123796,429.9068172478131,165.0971339957325,322.5444287363639,461.4440110675774,519.4016164065068,641.9938461688885,598.0641086213797,640.352650606239,679.4237295612568,790.6435457632427,688.289784871463,739.161855375615,722.2460651480995,671.9693783955856,741.2127013032992,829.5753391695708,702.9972038084164,829.5994264233506,640.6824602955471,528.2532411185559,750.1055824636217,639.4175740629552,474.3962969185166,566.8959802994876,611.5060858605149,443.1234186626058,854.7344035793838,825.0748268815427,673.0290001730559,706.9389219114237,704.5593795590844,657.994333850333,678.9536510635211,691.8239801497058,749.35816806527,670.8753497672008,757.0702961230887,470.3645508175422,734.4742090261515,557.5174523201547,482.693819474377,526.3510880953999,577.3506074718459,551.8659594861564,905.6459248622904,613.6445093735113,547.2876308180261,623.8922357936426,749.5046484348852,526.5209246925428,671.2942011078552,503.8790978481336,854.6293153930715,650.1877928804763,857.0820108876245,765.5801928358991,614.2125965750423,569.8203293071338,596.8111994780165,765.3387734249577,504.1326939480738,726.5383533566187,881.1044340572554,656.0816154478879,618.5678230878768,608.8588826550435,503.3964080791851,587.1011213588775,507.852269827204,714.6265512759633,705.2345130540984,766.3609238254758,690.7104429124232,568.8398463168807,1040.707591386997,698.8163432867124,585.6177431004935,1072.412073778782,822.3001796895,763.4652033258117,718.8168256650697,830.5094449715394,1123.769196245919,591.7755965510662,778.966948240371,808.5930683616186,771.5065599816137,743.6473006033865,1130.315801969206,852.9324770785823,1069.455403050526,441.3944265182103,459.7482964710723,471.6772111196564,347.5653326231921,126.6672410475696,501.3315391312353,481.422110971532,423.2523822564112,430.82538788595,545.3021054538203,139.5540345176659,217.295873020471,244.9250598970534,542.2227332612391,380.1940874689458,463.716371969486,441.5027747514146,467.938491157589,385.4546499466631,258.6385706199181,455.9178981875008,477.3577317842568,415.6000650227424,361.4425257395346,305.4395761040047,337.1543461841296,99.09376952124693,597.5812027080883,129.6233681987728,402.5492182532248,303.7399180172573,545.0798076923443,380.1497439305166,188.197196314581,414.6837484236556,49.68433539004911,462.2869386987891
79,250.7892452083819,366.973013398882,441.7331425138049,272.9526172963025,129.5712386786939,212.4077514218299,205.8390138483624,428.3697603808751,302.3963246114657,76.7628341045116,283.2608859949362,323.6257675025772,350.1386393325706,54.95176469614024,183.6268114284487,81.88391482462335,473.6785980773449,451.2986198158261,386.1970926712103,189.0959671781602,403.3662395854547,328.7115289047989,108.7895310749361,327.7394589997049,127.9936800037439,356.6365209596462,132.8828374780455,189.5697436968246,294.5106061774758,39.73741349437353,106.4677476027485,0.0,164.3778717319554,39.73426188765207,75.18507796725797,290.8355990362001,321.8025894444328,54.43127698414209,121.1114590655402,134.2338424798836,410.616781389911,408.5667567914062,474.6237641680335,298.7880005968649,528.9133601948996,361.3497338417209,355.1893456680673,470.4053237097887,356.6014230357217,425.6930397262591,379.2242672248383,395.5216086765997,551.5260189919562,450.09774636761,319.3698265716567,436.4259554909881,194.7251861613136,442.8998101946638,392.5837327299027,410.9045624099511,337.2315118609883,216.4186243268076,435.4769722249227,368.9537497198238,339.2062471701461,290.9654937048587,294.4820776033594,291.8780742182181,447.347677802238,470.2322277013974,409.1067733469571,376.4121625820382,568.682179809289,359.656395084978,405.157341132598,192.7326312392577,281.0412040339668,459.546994237662,496.6782815212342,538.4297838470977,492.8714777079927,534.9201516871268,573.3058676910715,684.9844691272602,582.4373981282488,633.3564282882471,617.1857207004944,569.6790476781578,635.3033841325259,724.2901424535896,598.3791169260854,723.4523570984946,539.1316084505893,428.9831753823469,645.9168506466222,533.978487731349,368.1673076265531,463.4257365083559,508.78326280772,338.4363788814563,748.437643592345,718.6302557439446,569.4498028285836,600.6217779512681,599.007465704207,551.869029222312,574.0166215613239,585.3640553616259,643.0041492818369,564.5026661119208,654.9662798815282,364.6073272327088,630.2739681200665,458.9695404157691,376.4188850082624,420.0145401331661,473.1033368379489,446.649331437206,800.0600350969197,508.9471627666538,440.8429511804698,517.4775174709484,644.3069236362442,420.4716767450178,570.5098504121388,400.6537057578316,748.9113784970832,550.8236436849526,752.4981619679073,659.4427447407486,508.1170549397607,463.4412823339547,494.8118762400011,660.1763634779204,403.9111646829994,623.2798965822176,775.9568987867793,549.6538007839191,512.702327014733,505.8287100965187,396.945026628312,481.4810801375767,402.2209280007884,608.3728093710045,602.1276142356596,660.4707089792945,636.4557949610181,488.3207931790295,974.8258645383077,620.4127256151257,500.2386890241128,1006.787426727368,744.7510136091794,694.4314491861736,649.0479788510534,749.6878784269995,1065.948231714164,516.6417493331429,700.3230570977065,740.2185652218564,696.5175264892628,683.2500753617419,1054.278168689003,787.0424321452552,992.3812139891793,336.6846379230041,405.2442374318691,398.7025765332642,252.0319450649122,160.8158164421207,406.5501202732985,402.1982419623158,325.3308826766211,376.5467124022574,450.4473947630725,204.2248873665508,124.6497912019252,154.9488244102144,441.8761870170046,284.3772630227356,416.2283993338141,360.2927293414946,381.7814614904854,279.2575130151702,153.2370473723984,355.7465449816499,378.6933525886798,312.5256880718462,255.4147633757615,229.0209578187811,251.859009873874,170.9251606124346,500.3498495783145,204.6082388536091,319.0228694288828,198.0825572693482,457.1114437082269,280.599908454188,82.42403215567293,321.7775638282369,114.3699341165567,399.9901839084456
80,301.3713489105732,315.881926694213,401.1887158363086,166.2578266576097,40.56528170238826,93.64315276975208,45.52836162806712,349.5306696283485,197.6178634076954,105.7468608815716,320.3058720414836,338.743997351935,230.379380073471,154.7835475232706,37.10066263201309,87.08225050108469,438.0896790498749,363.6913178121476,274.2123767072534,27.29754427700905,344.7682135565332,241.7712618009563,67.3675034110661,275.0921629847016,173.504322860872,352.8381108912067,132.8679974762336,215.8835385855955,264.3973827649575,130.2476765707745,187.1112126175739,164.3778717319554,0.0,163.8600924040977,170.5573522806736,159.1947744938677,326.0450349750213,113.236784401297,47.18369350501232,75.74213446197682,369.2099059341421,309.1488026178545,409.1073662984568,239.7445606636576,371.6129197842781,198.1813201167056,223.0100852250797,309.5215922324538,198.1703308600185,277.1776053309105,225.6092393548833,232.2034016156801,397.226730547333,287.7701382069843,178.9119690807545,273.1358742248847,61.93355345990928,283.7372899631062,228.9585907872596,254.9173599780501,177.8259044424897,58.54361962248548,314.6554738480457,206.439997109732,175.1195445422361,140.3505583572083,130.7103556849401,135.9766132417498,322.4803788902344,306.3581353881758,244.7295094756529,212.0568835463997,415.9898772654954,210.8578769741239,246.4558376652845,83.96718865453069,136.0309300074657,295.1698025922209,337.5119083277735,614.6796301620932,507.6709102598212,550.5065719914661,624.5776888551025,739.6329797877205,601.7468039745191,687.563368348794,679.9498650928103,651.6738006312543,653.7583230366007,782.0773633049464,603.3434060343211,769.7921641024831,525.2385668278093,408.7756248015644,714.6874771550022,595.9631054089522,428.0362256182304,543.4058650196055,503.1488111057993,358.9635558263899,790.7805417856349,755.7426786216665,567.163814426952,628.6299557734167,657.4083092345699,577.0362254786294,639.2713011817686,624.8958147105336,670.8575671984394,595.6586464687865,735.3712899307798,394.5251101089318,630.7008737424526,433.7486029333994,414.8248684330729,457.0815605233922,480.1434831839852,514.8972850459866,853.0112301576047,578.664283046259,488.3658217962262,552.3701054667711,653.4500864376168,480.1559378433553,659.1418061987433,404.4921362622428,801.3102054613842,645.4333859760353,815.7863283806057,707.6122246056423,562.406964865043,499.4222954640635,580.9541696676752,720.7595651451544,389.9849256642523,698.5260681319362,833.9580128844435,593.0444712963961,535.0157790225915,586.3855253306155,446.7374538878411,543.7556241818401,427.5158177607665,655.577594764086,595.4566306724876,677.8928830379018,791.995186383854,623.6309344609192,1119.736992659829,755.6544862600031,628.3699330152019,1151.745575177182,879.2699082494732,838.7413614601111,793.2102832152568,879.8002285716087,1216.821139225605,657.5832773813358,834.0353332689816,884.6576665525777,834.693818750239,834.6139162058566,1187.89038035599,933.2644609205731,1125.115592539743,416.5506920787727,563.1787148026687,544.5913673705325,374.0603093665106,301.909138754121,520.0805539335687,541.5676998648705,435.3938912523201,535.0195328209065,561.8775357939057,325.9812423563851,267.867817179118,297.2792051148254,537.2295367581488,402.9720806515475,576.7732084091537,498.8275533933622,512.7506980440816,348.386206638607,253.8030547854287,456.5848219991419,483.1224407325927,404.4535632276022,330.5184832949399,378.7953572179948,391.0357949201638,285.7814753317239,603.5146377071715,316.7268497286715,456.5161069708174,286.8364634776082,582.3329337719489,389.3600240556466,202.4938814405047,444.0637028773433,230.4004642632886,553.8846585819675
87,211.5528967237736,330.8126655674062,403.9499252294747,247.9700308186368,124.6998894043666,193.9492721707694,200.2855433110148,394.8990021631373,275.9040067042778,99.20842735896122,243.690943653542,283.906890025011,325.6249482150134,92.0697189825799,175.3491551753228,94.74803838573244,435.3694726720276,418.88386029462,359.191119736597,190.5430177422584,367.6085049947712,298.1478843967924,99.44836795052447,292.3245190455039,164.6042044907186,317.2330702697251,100.6948776337102,150.2662148826981,257.3255263950394,64.84374146674314,145.4387655125801,39.73426188765207,163.8600924040977,0.0,113.9047905823904,271.0932979733784,282.2814223056364,52.63950009027262,127.4345604848129,152.0988755920657,373.1140638450701,378.6950353751164,439.017308890069,264.7677569316018,515.5039352102962,361.7642627661798,333.78370173542,460.1788098529566,345.6320150965293,408.6612860200431,365.1696197192547,395.6362859616171,536.1493428877832,441.5357971555403,301.3511048825193,436.5131572870754,205.1697516544674,431.4555074259723,386.3644104358473,397.7052390607219,341.2691367942914,220.3496944512982,409.7142579324658,361.3071879178503,334.5019746146242,299.2547600592452,289.560304314568,280.72579360962,422.4322068922841,464.0731592825087,405.7848215770362,373.6691783196328,552.3357722493762,343.7527735060353,393.7502627213731,208.4434847718552,265.7481389522711,456.0208494396221,484.8174839597971,503.634479254617,453.2127521675339,495.3134729030635,535.7096041043885,647.9834572296785,542.9747229609596,596.192898079156,580.8936508191127,535.8944012579606,595.8697974154373,687.6979929237218,558.6608490007388,685.75737072426,499.6268812333717,389.9744182643657,610.4451200377154,497.3311193028399,330.4944193017953,428.8429267834439,469.1326251275392,298.7111582650235,710.4582984630435,680.2253095148436,529.7280951733244,561.5162291470192,562.1800568185621,512.5672266425084,537.886785381736,546.8811426964784,603.9535682724904,525.4879149635025,621.2054717471335,325.0893146545701,590.5406066084967,420.1009345391265,337.2637474830949,380.9446460589665,433.3693586336525,410.3525271678872,763.1030170103693,473.1296577301471,402.4971391009989,478.560081800377,604.6568532333572,383.0854662036245,537.8731852622036,360.9706038774263,711.8134056468855,519.2545412337129,716.5897260382673,621.7819794909555,470.5905452254053,424.4448889938803,461.4033832495473,623.7489032590879,364.7137453654234,588.6364417459519,739.4863470379976,511.3546409420198,473.2425805174164,471.5477010385239,358.5765745408434,444.6576655244745,362.6606666257944,570.5162800858354,562.4329261306211,621.0285276140443,628.4081777444308,468.4510421577689,960.2138708846926,600.8881992370931,477.5835340940731,992.2211611678374,725.171528054904,679.2386604977776,633.7138259765541,728.4204438261552,1054.758954198497,499.4222722197815,680.3418074072578,725.1502830680595,678.3992353421302,672.162694001693,1034.7131560539,772.9699216190199,972.4208849452425,301.1823140504891,399.3221115276706,383.7582981835703,225.299416445781,193.4336887273888,378.7173217328652,383.8275465058967,295.8597574439007,371.1984036062565,422.3100117522922,240.4895892963278,105.701128670936,136.0064175291741,409.9093458541884,256.9375327679007,413.3155824655515,341.3155641608585,359.6277034623616,241.7729797435481,117.9513516470327,324.3068220223362,348.2848696827041,278.8015061872267,218.3280860221699,215.8860844718332,232.4039717789707,208.8531578937834,470.4064944398347,242.2928488092272,299.2925549601014,161.9076072555666,433.2316833569952,250.248103725067,48.44354359289703,295.9652462457374,153.4020769503492,390.4436427363694
91,325.4535470311197,427.8859074695213,506.2944632777113,313.5426701876909,149.6373422439831,244.6369268302164,216.071086081505,482.6342110726729,344.8218795807343,65.55340346840123,357.3144252364686,395.9707953668468,387.5861651346195,23.88856680632919,201.0043687847866,87.84509750353155,539.6522366619716,503.0426202833659,427.7186507417895,188.2797508241177,463.0271147475238,378.3099304956961,140.6153299269633,387.3610703380473,55.55376433046182,426.8557955983908,192.4943037750419,260.2375111624134,358.5423412316546,61.41459683429987,31.59812081865708,75.18507796725797,170.5573522806736,113.9047905823904,0.0,321.2236099898064,392.6903739698783,98.8647125896474,123.716694048824,109.462779900134,474.56749342928,455.4699571289544,533.4251305326295,355.8595373927421,541.6044233093768,351.5105107949273,386.6148298753,477.9662131658026,368.380077769978,447.1510255862471,396.1349013107322,385.2101265873171,567.7152541614896,454.8950314731874,345.5396293553692,425.1377655076016,175.7147211543754,453.3316427927533,394.3343662581597,425.3894420840766,321.3638730293725,207.9725169913761,473.7247221916604,374.0939748735017,339.825216904828,268.9409323778962,297.4315063211642,306.5063013798218,483.7339385508389,470.0568650389797,404.9332606555841,372.0671016471945,586.5459130219481,380.6000792141566,416.3846298461078,163.0807450273919,303.751093074616,454.59359116615,506.89514469518,612.2157084077112,566.4739651262173,608.7558246341524,648.4417015953153,759.9377486778056,656.6981168747951,708.3731429457687,691.8359318316864,642.694407735266,709.6239431490667,799.0640028759825,671.4462630818924,798.5995850422914,609.5110163513199,497.4130241863494,720.0867051009574,608.8174340017988,443.3308700213556,537.13659374018,580.161450183405,411.5540802356762,823.618755977634,793.7897081065713,641.5827942705972,675.4209685158048,673.9062153956356,626.4301228938801,648.59674040319,660.504468692106,717.8548949027227,639.3830280437052,727.8867440891223,438.7712998362192,702.963230133311,526.8130617928937,451.1682593494801,494.8457716030348,545.8258729727388,521.3643896722065,874.9835522994597,583.38714743658,516.0053072943123,592.4285977630065,717.9165218369935,495.5786854302871,642.5762457858219,472.4541737688496,823.893536040851,621.9663751607359,826.9009452304639,734.5862430006317,583.243876408097,538.3342235348861,567.6216025826284,734.8834130400755,473.1281014808617,696.8990808600431,850.6631122640338,624.8258199352814,586.9776266551343,579.2831360907788,472.1015706246039,556.4046080976333,476.2550012130309,683.5458903764292,673.8501054810131,734.7707371751283,676.597728680421,546.5608146987483,1023.487554897489,677.3872816064201,561.8741293277931,1055.294540890505,801.2719782786752,745.00026653772,700.0649279279957,808.4629075918436,1109.094850550691,571.1758846441531,757.5549536542211,790.386685614264,751.2208000067134,727.7797485141241,1109.975525749345,835.5389749456713,1048.754748630981,411.0951302734438,444.8533578645531,451.4143579686082,320.240183829463,132.4472832354013,474.5207319197319,459.3360175638356,395.3317995721204,415.8513699665193,518.5181440220073,157.025437408965,190.1016400830449,218.665138751691,513.600636300572,352.8604055607171,450.8929837948652,418.709834298921,443.7387741104672,354.4083322682738,227.9659958501896,427.2925219680543,449.2577054097798,385.9263178768016,330.5006624636374,283.3375459078402,312.7669996715154,117.8086048734468,570.0597031863125,150.6244238948887,378.9447722326597,272.9772837864013,520.4719386904651,351.6428980723981,157.3108642006028,388.3157316050739,60.20591482388202,445.1242520726926
92,293.2417767005886,203.4594699947188,285.4787844181546,47.81283915383144,171.5868931708643,78.48821476313617,119.267896838,208.2185791630813,60.19447213557677,256.0953898837684,293.8979056589442,286.3444637422794,72.34468442093277,301.4641842743673,123.1699247478238,233.3790200495837,322.7436009523825,215.4472732671811,117.521074961855,156.3237120561011,220.5092142793081,110.3218614767783,184.2648940880126,171.0897187591679,331.9743363796719,278.8525535175713,181.4058169553961,220.2617921530049,188.2409056810709,268.5657826309266,342.305470777736,290.8355990362001,159.1947744938677,271.0932979733784,321.2236099898064,0.0,266.0630663160651,237.242817012888,200.7664629591094,234.9138391644225,256.8112713361731,157.1117127170105,272.7352702903223,141.1598470926005,250.6779296173169,185.4831022428815,65.4102631344371,206.9196778137884,102.9456617481783,138.9111414336588,104.7111587733611,206.9879065284206,267.4621872513716,196.5443503487253,32.84456773428866,238.5297062271434,198.8445935966057,175.5162454367524,161.3674522299226,137.754691402873,197.6233667878058,163.3874172770603,155.4608179350997,133.8698852225369,134.7442736828031,206.0198374795947,113.1115507349128,66.80093040639336,163.6299444847308,227.955037526999,193.5598371901285,172.9654763671992,282.397099845965,78.57299940260515,141.1447645772855,226.9180884719317,35.38655462322059,234.2132677175367,224.8604302051079,587.156741785786,429.7008330787022,469.6140509450749,571.5189806247023,683.6254957852573,520.5762885888595,633.6636365188916,634.8286221550327,627.7957981681346,568.8197019022897,727.2996719627738,509.5913177433982,704.61760399078,420.7262575300576,310.0915975072544,673.7745071805658,555.331618040703,402.5196376656066,525.1708484471159,407.4008220005491,307.3378599003868,721.0832394463831,682.6486552883417,469.5079066243665,553.5941220220677,609.2584050887093,502.8136068767145,598.9956761497654,560.6816190454268,593.3326235174646,525.6049161082747,705.4446383668336,345.2345309307541,531.6345509838937,327.6639011235175,370.4056932787312,405.4752036799048,397.8153327144831,487.3427807410754,791.0169250572504,547.0620678984229,443.1576698548212,489.0274955216774,560.5231604657911,447.7557208060356,641.8911515734222,328.6711850568002,740.6121582204968,635.4818897802985,765.0914760066374,646.9241384530754,516.779922837395,441.9692403623112,566.1499228385568,671.4006814280986,299.7277708265979,665.0300699145442,777.4456310006728,534.5967667546197,461.4735550515788,565.318380590965,408.7643476470183,507.5616528578081,368.6208763825794,596.7377091151475,492.4392121319457,590.8437152564817,862.2508886587873,664.5650772053281,1162.867463197513,791.1122035989447,659.2997801762923,1194.520758036865,910.013477280082,886.0726438962098,841.4809275442695,904.1069798066281,1270.324453887909,705.2539202961243,864.807145978764,931.131172895205,872.1753659299884,895.0132836154911,1211.340190446372,981.8677593177824,1148.185933701762,412.5418457568051,645.426151437655,605.2542871856928,419.6664205937446,446.5133168950173,540.2380818956461,592.6984547472316,460.0948289243277,619.6053086810092,576.3734972765704,478.2232302526792,353.2279603698035,376.5022259106837,535.7440741596257,440.9424481510364,665.3959337095658,551.5900712952645,554.5248135090995,346.0100120975529,305.4720850370363,468.9285172487714,496.4856943054251,414.3836259017501,337.8592746870382,457.1079435483165,454.0875876906495,438.9135963361168,605.6971133404529,471.1817536982723,511.1604549713635,318.1202420472715,612.103839312222,418.7721694664502,287.9444376137082,481.3852103707101,381.2131858894689,627.9266178724347
94,98.80004264013431,114.4482696915048,142.2658578559646,218.6667946015849,299.7563772662733,253.5768231207539,320.1810843449015,195.8919134594467,212.948817363431,352.3458949344877,66.88994987031647,22.95690509090297,251.6020906079597,369.1389042349251,299.4965054186857,332.8214603582557,164.2204852878512,226.7751340118044,246.2752566273179,345.2944812659741,144.3407095745997,178.7748905337341,284.2282137706849,111.7023375385197,435.9422012221289,35.82622280822651,208.9855061383979,132.5002390553778,78.16057431574202,333.5202664128419,424.0111341994842,321.8025894444328,326.0450349750213,282.2814223056364,392.6903739698783,266.0630663160651,0.0,298.5780727515894,332.5731303603355,377.060182291929,120.1918459283586,228.0196831374663,203.0313402105723,128.4397783594638,476.3392553163509,448.5737997614212,282.8298379331544,455.2517957019338,367.1754732166427,365.9664509509858,358.5424343346399,472.4968670731483,478.3142660674025,452.3652318884952,292.2512221671583,504.5676377147794,387.8397992930105,424.4255033164914,426.4336949365662,387.0328294992357,453.3742864132498,371.4571225451566,291.2950826218137,399.4376507388282,399.3085274667153,443.7478293908796,369.1822807800614,327.7284625574043,308.3770829721557,486.4829967278618,459.3214353098105,438.7908823407067,484.2668680274561,331.4786020383345,396.9844983290242,409.0538296908776,294.4097383906307,497.4328642197927,462.9840154532875,322.597190512798,181.9879983537537,224.9881741689656,307.5004086259465,421.3490916139748,275.9545135958444,370.3196005893017,369.309300542141,363.7663090178882,328.3121752699591,464.7641824072237,281.9006958819772,447.0427931158849,217.3458286018842,111.7664914720311,407.8723975572228,289.2690123048134,145.2919798299658,265.5068581324836,187.5067138525515,42.02627777746379,466.5388084332116,430.5168239664281,249.5952736416608,302.724054688188,344.1795145614302,251.0747636586113,332.951167526965,301.6782886163152,344.8505511432255,270.4014588625624,439.7375295052169,79.38012827268075,311.9670521684357,142.7452432561029,105.0709833329559,139.7314203213452,156.3032702140926,224.5156032209178,532.0250311904352,281.9726523431788,177.0950288022196,228.8946209440882,330.6105842979176,184.1608656729048,379.8934116472992,80.77616124371028,480.736059380213,376.9271240770146,501.3449887766595,386.5504348832409,250.8954040380387,178.325550088296,306.9483546032103,406.89341167166,84.8418327240716,399.0940102274814,515.8177433880894,272.3385701814346,209.0048979026909,303.2200645389339,144.3185451557094,241.9790181062615,104.5143673670062,335.1439279770329,281.3247974774933,352.7545897628666,672.4220968462032,449.1200156774934,932.0041234380146,562.5267887527094,432.8791614247672,962.8127405730744,673.0609233985714,666.3815961103178,624.601773209785,661.8507117368514,1048.049881469998,495.0442570820311,629.1235114491462,708.9777427317556,642.6394084868144,690.4690584001341,963.7748829677361,760.4888811102159,901.0386776288076,174.7407091852925,491.2179812165461,421.9036304276304,249.8709142671875,464.8595505204518,311.9494957808686,397.2357974662404,249.0418282600095,472.5901560534748,338.9508585114256,517.8581851741063,278.1951864013044,279.8181383589564,286.8627777458196,253.1934495523109,519.837057404544,363.8979982481353,351.0946312935619,129.4063313867242,202.5300062178377,240.7086281187666,265.6292447220561,193.5336379845796,140.4134983592065,330.4200841551998,302.3261042140181,489.5545178054537,355.8831742468835,522.3468416783692,333.0225836223008,172.3433929950477,387.8807478089149,224.3033819310711,252.5704110551319,283.5495378603148,435.5511133214916,462.352743160929
95,241.6801237742426,329.0219869125832,407.7995417523557,221.8652164235651,76.11306398887,158.7550373522983,152.6673136006362,384.8589218162064,252.141698005257,56.21245436632458,270.1683241528232,304.0397301437291,298.3597631595138,75.15648998235775,129.6180284155305,44.38275226534871,441.5268133298229,406.1541512455339,335.8900057057464,139.3025717968827,364.2073345292365,282.0126654418724,54.35845114298723,288.515727730547,137.3723402423369,331.7729030308694,93.89892206247826,167.5183420684984,260.1402382988343,37.48498203596337,128.4826636843498,54.43127698414209,113.236784401297,52.63950009027262,98.8647125896474,237.242817012888,298.5780727515894,0.0,74.8160324621081,101.9114032167081,375.9729717480047,360.6488821229663,434.7195989770964,257.2467011315707,474.5355261037479,311.3910906614206,301.97390067253,416.4197175382702,302.4190771958887,371.388720070227,324.7966686448362,345.4349906084176,497.0971914852844,396.4691855706226,265.3007906307834,386.3694930510151,152.5486539023236,388.6998374291928,339.5962421868947,356.5166234004597,289.61221215827,168.4709949857087,384.1694026575443,315.4959772839575,286.6999021266685,246.7395305874811,241.8072910008387,237.6165480878019,395.5141209959712,417.3395306875717,357.2796508075525,324.8087035957703,514.2861921426573,305.2795946906163,350.9439112690707,156.6776453268378,226.6626194807061,407.6815165915159,442.4437306678219,544.6260210387562,476.2861626884822,519.0608455629863,570.2474332605001,683.9101668795682,568.2601569402854,631.8094137369387,618.7228926007356,578.3969645517701,621.2563173861569,724.5765246800272,579.6443148120828,719.5745782626137,513.9951292639565,400.5735231716819,649.9153860327606,534.5934187273529,365.8900964643702,470.4607203693152,485.8427278185974,321.0841197735047,743.264614012236,711.4658882630335,548.1695850250936,589.536565892385,598.7820231549244,539.3930627119487,576.1997019692246,578.1702072390324,632.1794052422955,554.1986636767026,663.5484117564729,351.1304229285743,610.34615957808,429.5497140771539,366.2184683477249,410.0891281368675,453.7320687924531,448.8034130683325,798.919081136343,512.3216171771841,435.0231360559008,508.0247175041301,627.2678996971599,418.9548385207988,581.9336564058767,379.1222293043213,747.3436986014087,564.6115147806735,754.9602426688051,655.8606002709564,505.5923538884439,453.7458222738961,504.6626478103765,661.1588148016123,376.9338579337419,629.6546336163333,776.5595005080755,543.5329717424066,498.8596256313975,513.4879210444964,391.3108362833293,481.7030445148619,387.858837238285,604.1006201613917,579.7647746066184,646.2553175944452,680.3893919874196,520.5627213932092,1012.843769026786,653.0036433570015,528.9174905223404,1044.851646663902,777.2318150813961,731.8595129650284,686.3320290774744,780.0402451970086,1107.274401949403,551.9285739635626,732.3251612468798,777.7733154923861,730.7447437015031,724.6327853562829,1086.709104628054,825.6094199791042,1024.332137964286,341.9527195223736,450.6559928131886,436.3977975661538,275.533853590829,210.7168835778622,427.6674057908072,436.2477007210896,343.9476491616206,422.3355724909794,470.9346958772949,248.6316096503046,158.3406283771243,188.6233660735413,455.1457928508289,306.6083640166847,463.6895149222248,393.6814951737604,411.2728600098153,278.6884794531591,162.2281536627387,370.4846177701497,395.3384256492394,322.5832348126592,256.6622629126194,268.3666406861547,284.8261593760943,212.0390761235495,517.4831216031974,245.7504033213821,351.5825742881681,203.3755301384303,484.1588751282274,297.8995024626295,97.91320376700224,346.3396927393254,153.231076012657,442.6002751085917
96,293.7963171650867,338.0684634183314,421.9391868655187,200.5406576863947,35.53481940280559,128.0214600975421,92.51267360025396,380.0183934146436,232.3587188039717,58.59991268306084,317.217507334296,342.4743231659483,270.0303898768711,107.6019222901121,78.19809584162716,40.66078850945409,457.9707344154502,396.6903322593652,312.4599351393803,68.75391986187884,369.6309792915653,272.4831272942566,49.31645293557178,296.7081391332856,132.0011692595271,362.3369675336889,126.329334270008,211.1032532337703,279.0212677549348,84.66601218242725,141.9295407993318,121.1114590655402,47.18369350501232,127.4345604848129,123.716694048824,200.7664629591094,332.5731303603355,74.8160324621081,0.0,44.93240547157524,389.6963553163026,344.5748175331158,436.7728267191612,262.1275132416234,418.7962265744441,240.4125905682754,265.7096092600903,356.5267477653945,245.3493904486213,323.4923072366078,272.4723955543275,274.5992338249951,444.3108545212485,334.4942314792254,223.0852180861533,315.4660367687965,78.06632930008722,330.9005396437613,275.1694570295722,302.0249546065069,216.3037454769741,95.31781040101309,355.5244143732861,253.2102335163183,220.9936778297223,172.0044956257653,177.0590175192168,182.8657636028443,364.3486278024412,352.2513679482041,289.4743434767942,256.6040126267548,462.9701104206843,256.9869900209399,293.6379286207244,86.1172140724131,180.7414048333869,339.8455788850652,384.6603057343156,604.4522320494225,514.3249455530158,557.3715627468727,621.8167371221326,736.565917381648,607.9958151470114,684.3469117612545,674.1625511831376,639.9408159653606,660.6208703660301,778.2815193272858,613.6367898397791,769.3055505117712,540.0990822788766,423.9718225816708,707.2969812248075,589.8476625228735,420.7093087391991,531.510690053419,515.4931372198018,361.6301820331426,791.5522743603696,757.8643288574902,579.1864118511219,632.6090228320254,652.7757017847756,581.4217861439571,632.4942370582332,625.5434206928463,675.1631744669521,598.4895475251562,724.5561495056826,395.2407584333531,642.4552013681258,450.7058287141213,413.4710283262848,456.7609496231391,488.6700979132805,506.2186037953006,850.9322050415128,570.125018222935,485.4374278535398,553.7568849773461,662.9279343886759,473.5987386003587,645.4168101701816,412.8291800009238,799.1885824146827,629.7801650632216,810.493588271669,706.2767300731668,558.2734512292022,499.9480851864801,567.4976552618705,715.8425968220723,403.1020758976169,689.1009560264431,830.3121531583523,592.335482606105,539.8258918531593,574.6604505305182,442.6064851757864,537.1154386089283,430.1256653447426,654.2122865055755,608.9214132796719,685.199582471904,754.7577702339538,594.4207217479262,1087.55266862745,726.824729238045,601.712039119007,1119.562485636144,850.9408824964572,806.542983363224,761.0090892638788,853.0976072423288,1182.058480526012,626.384756540436,805.9288805350664,852.4623341348195,804.9082230942544,799.3933144882558,1160.269441906844,900.3782432654197,1097.769087423257,403.2196269394399,524.5125927957681,511.170110968595,347.5275051078409,254.746938961242,497.6734380222133,510.5848397564556,413.2987926769375,496.0372747386631,540.4245453414823,279.8689540074275,233.1219886695448,263.3374344889244,520.6245505455504,377.8709732590796,536.6447672231521,467.9518416754894,484.5778056968863,336.8517188953477,230.3479243786962,437.541556709724,463.2537616141417,387.3896313123353,316.8226862696004,343.1510804664519,359.2233156008657,239.8822957210837,584.9406498511705,271.3903590687785,425.7666840410275,267.9448206803686,556.4717672651486,367.0640008852011,171.0988964684712,418.2429909935345,183.7635909282391,517.1546596922527
97,334.9628512018691,382.2662559972477,466.4353700298413,240.2208116983744,79.97630368193606,167.1725794644694,118.3095068233929,421.9011685494978,271.8883483537651,57.80625824798765,359.7425919040538,386.5204901923279,306.0816020095249,101.4742334404278,112.431721268132,57.66478618325875,502.5957584303535,437.4351592025072,349.7371857656302,84.5304350755458,413.3093396024074,314.0927209058356,92.942781977929,340.9491185835615,99.50919549475664,407.0980009428924,169.6238737836058,253.776443129263,323.9269732275334,94.49642903932828,118.240370231952,134.2338424798836,75.74213446197682,152.0988755920657,109.462779900134,234.9138391644225,377.060182291929,101.9114032167081,44.93240547157524,0.0,434.2064438926856,383.8870339298542,479.7408088055877,306.168745925021,436.7847278291262,242.0482310944871,298.4334321924926,371.3944795460816,265.0099758612517,348.6295336257553,295.3839500262742,275.7725777661148,464.4817048059565,347.4995432336025,253.7364260261396,315.7959627035013,66.37649476489331,348.1537756327768,286.393752357123,322.641018679745,212.3819781721733,99.42976030324452,390.3717137202207,267.4712906106141,231.9901747207621,161.3415458478821,191.0419321156032,206.6214313767989,398.041528440996,361.3192233672642,295.7427176052804,262.9433065297256,484.1094912754288,283.1120622027188,311.9892321779258,58.62992103274085,210.6805414500608,345.2441711569184,401.1992366286925,643.401565872703,558.6434837796511,601.6930748209248,663.7475027730744,778.2663580277098,652.188783207731,726.049116701643,714.9261983069758,678.0783176413244,704.8863889491557,819.684763432923,658.3515276705083,811.813494697277,585.0313503776982,468.8948131727735,747.358916791614,630.6087327232151,461.3963376620744,569.8152925128184,560.372986343191,405.4369614416231,834.409457709734,801.1008782499732,624.0377733995263,676.357986031558,694.0086158135149,625.2920998581538,672.920041425932,668.4977144172157,718.9522608609793,642.0135702991154,763.0125956476411,438.5463556968123,687.2784468585575,495.57098496962,456.1945308560497,499.6797958207172,533.254228705413,546.0956865057432,892.8764480788044,609.9157238763795,527.5302923446498,596.9797678734651,707.5454966536762,514.4318355401174,682.4849205790441,457.4433424760343,841.156308060886,665.7758362258787,851.3021401871647,748.5762490821597,599.8268707979046,543.020623784744,604.892559006337,756.8923348376653,448.0254486739608,728.2799985804263,871.725752205272,634.9440891751251,583.812149569962,612.9412429750286,484.3991021333399,577.7684643096405,473.7979293470457,696.553722100637,653.8312196377144,729.5235367173144,770.0966100444625,619.9809189320617,1108.864384137174,752.358629943974,629.6711869151491,1140.837527388194,876.6997639908196,828.2971403430341,782.8648425426953,880.3923115550472,1200.110161554566,649.7533344962885,831.9916123829616,874.1251913286104,829.2936285951636,817.442334524447,1186.291363874005,921.145856464846,1124.118661043091,441.2565043811009,538.4939515591451,532.4906539047977,377.049816037634,241.1652134017655,529.5565278612196,534.6746443028965,445.8550906265712,509.6602830953663,572.8448483361109,257.5817462862273,255.8717011006479,286.4545863633955,556.3552240927581,408.3386621845855,548.0770534941591,492.3919054155722,511.6382542920438,376.118152690801,263.8268827728402,472.0802248866827,497.1158329696153,423.4405101952624,355.1837063266591,362.9695148718332,383.4916288087591,217.0753256414464,619.2199271438304,246.2783321388429,450.6162579943929,303.8938830973923,585.304062138421,399.7906530478519,199.3633858547065,447.8164594266773,165.6364837928712,534.1136951048744
98,217.8821928581868,54.46027068750254,32.25095969956796,218.4674964224182,354.279438093427,279.8855601586687,348.6798807181468,95.05654490997429,196.6497786769372,423.6197367295077,187.0789928541541,137.7811823225659,211.0590645334494,450.7003802169633,335.4755346859385,401.3063396724103,68.91763432638093,122.8979057763395,184.9067309826924,381.3614981199846,44.84523121048979,146.7868926080753,346.6644782484447,94.15844230460513,509.892449806656,93.0910674408813,282.1062354599476,227.2460477310453,116.2263204408493,413.2245186742854,504.4453593247293,410.616781389911,369.2099059341421,373.1140638450701,474.56749342928,256.8112713361731,120.1918459283586,375.9729717480047,389.6963553163026,434.2064438926856,0.0,149.3937794495561,83.1975941477976,129.5654600529967,410.1960043424355,439.4638865968134,244.2121748628937,405.8340082497598,342.7711514482203,312.2169167332414,322.9675951305144,456.1780309979865,404.2946400412154,410.0913215039952,271.970535157363,480.99897581721,426.978743591376,377.9149660683428,400.2808391286492,344.4561426228898,454.3645081670795,400.9663952462981,214.5251770021972,376.5992040057146,388.1085115100898,459.5530368647082,369.8566672763353,323.5990590776383,230.4328204451833,445.3529625397511,434.6092307509788,421.7259291403179,405.6359998025289,299.0767280834174,359.057807407829,452.3520637403469,291.4618211806199,463.257745287054,405.4671500540878,390.1500304590083,188.4741466770149,222.8150297642025,345.0728222841005,448.4721890438759,271.3849601059834,402.6308745420342,412.7886162947637,431.5894240826295,316.2082894058461,491.7277903668678,254.2073295456372,461.3654766561233,163.9163110717786,60.67956855603151,454.0166779166593,344.818629633745,243.1564660251966,349.0653452573503,153.1360737384542,145.4053658261736,474.3554189832254,434.5163802286166,213.4161130653555,307.6172385406895,385.5528919789476,259.8439643992764,384.9687375181878,323.592619197008,344.4018321693183,285.0769103737375,496.1684322706453,167.271011303487,274.9623939902143,71.1624811206627,190.6899753046541,203.4362170492214,155.2062251210405,304.0508455574893,548.1639647974168,349.1692936100634,242.384880107028,258.0337474380118,304.8920280601048,265.1862778607655,453.0382745091271,110.4480013330893,499.8291183512329,457.0642345527374,531.9103019825595,409.0446879061959,304.1670311970821,224.123442478804,389.0079566714625,443.0097943596002,67.03463575767456,454.1395826232211,539.0310205099765,305.0783362781426,221.9946034549686,379.5097614328875,227.2974375300423,308.6766155672798,165.275974223753,362.8114907820008,235.6306764597593,336.9371030147121,786.0997459246215,558.4659572969675,1028.367246894208,664.2055822626171,538.1359416222682,1058.458834249403,768.2236494292542,770.7978461071533,730.6773111888945,753.3684061488564,1148.170385235841,605.3347309767925,725.7158054854419,811.8288552982482,742.63263271207,800.131636466868,1047.609265196057,863.16604929328,985.7721265838912,285.0687142032434,610.8715654935019,539.2877398663711,370.0420428814525,564.1874839088251,419.8207840333127,512.907500661758,364.7902193519935,592.6129180472594,441.0992727155157,613.528823462986,389.3838651413764,394.7277449547811,382.7504444505997,372.4468504352368,639.7828694237224,481.4239775711956,465.9269910708921,248.5852442576773,314.1380879319113,351.4936532645643,374.166373973202,308.9866959304674,260.5970882002118,449.7459317663988,422.482357477051,581.5279912745519,447.871494762604,615.1564335781017,452.0849658297061,289.3921060018375,495.2139772975789,343.4165965033285,353.0602943838369,400.9543729492238,524.5214980856904,581.3754702844626
99,303.1562097779409,116.8099897294977,166.5727693169455,144.0354499534624,310.9668485315042,216.8849850487304,273.9610774614384,63.21290926652038,112.2201640207041,393.6801330600142,284.9996063481923,250.8217138883901,87.66676698790103,433.2089136967181,272.0481399858415,370.0305189932236,198.5899440035014,59.51528893119104,44.76487513378636,310.9118117904588,104.5611701061442,80.80492363113667,315.0322643759765,120.5173060371144,476.0983368396546,219.1717903167553,278.0264214269243,267.0254887817067,166.535649033866,396.7181832265752,480.7764547859303,408.5667567914062,309.1488026178545,378.6950353751164,455.4699571289544,157.1117127170105,228.0196831374663,360.6488821229663,344.5748175331158,383.8870339298542,149.3937794495561,0.0,126.7383728821943,126.429827304821,260.8873474130546,316.3527039656674,114.4345614661061,258.9262963676395,213.5188507755324,165.6109428926336,186.4493504928191,326.4832581538693,256.4131278874766,265.9322041775383,156.0389328395253,345.3350486125786,354.8611274492381,232.6212640811452,265.9706698646655,202.165904899636,339.26691516237,320.3444790285827,65.86231203614541,246.1102847854172,266.5912348855372,358.5274773387195,261.3755940017956,216.0152541246065,82.4775783294897,300.9849408444011,299.7929392699094,293.1145737105722,259.5504667305167,167.2093948890105,218.8773890392905,382.7772819634213,190.803779711307,321.8579597083623,256.5713213810988,534.9300262435122,337.7324316748441,370.6988070656564,494.3316770411962,597.5286351119706,417.6755669777442,552.0056703272921,561.8982555392704,576.592830933623,459.3860807687225,640.6484334387001,394.3421087501285,608.7659024315299,299.8488176936398,210.0366003541215,603.0351181126789,492.0363676188929,371.6304604986192,487.303025458667,297.5437778524453,266.8606617304531,620.3219812534942,579.9876789610325,352.6098493130609,454.9985965752874,534.7235541925816,408.4331376906862,533.0561530933919,472.7510356755479,490.1006953828106,433.9601471589731,644.0755293832973,298.6918457923956,409.912490888754,214.8402710387371,324.5060064904516,346.0075112298669,304.5034228526156,443.5680386918549,695.3530995170233,493.6733056434271,385.712104276308,407.3449992296473,443.5528337030923,403.381830821008,596.4735137588772,254.2104459710928,647.7781559396195,597.7376982529104,681.0183752649752,557.8578767689672,451.3978004016121,371.3829897733984,528.3290215845656,592.4035631982217,213.1303626387391,602.1074164414093,687.389483937323,454.4141465645778,371.2628766797235,521.2304838108577,363.6899815713672,452.834741989645,306.7354638904724,512.1175660632604,368.6617891745961,478.3130071813887,893.9300073603507,675.3283419397328,1159.857220625719,790.5189502411408,660.5517570396196,1190.584413980437,900.6090668873464,893.9320915730892,851.7444834551665,888.5071746262627,1276.038130566013,720.512194121605,856.8734284338657,936.7879413634678,870.6584574927322,915.729327615156,1187.844229145937,988.2970748613695,1125.454221541121,402.1908575222649,697.5506636145805,638.7012536055244,455.6786608971416,569.3739042719598,539.3118381973973,617.7716890640197,471.5796468175517,675.3251909826946,566.9671574479382,609.2469988829866,432.3320754146094,447.4838364411203,513.8210555552307,467.251958420843,722.8433843595955,581.1722668231349,573.3648397998753,348.9264594679952,365.7347833532289,467.4233918446387,493.006108532558,417.5354329087043,351.9194388474482,518.4083151062063,501.9500803446176,572.0592703489461,581.9784994328905,605.5291481276014,545.8236218646773,358.4018431910411,615.1371927271032,439.9278140474488,377.5963420663403,502.5589647196742,513.1940937148935,672.9752973788848
101,299.7286377510536,108.7256854191862,72.15248628754807,245.5605325818104,401.390683661762,315.814193650611,380.9279384096507,65.41546547095372,216.8878420082385,477.6062875753761,269.8850568150013,220.9778424904606,210.4407892703335,509.8493750785709,372.9855336210738,454.3869519404096,86.88652442421186,73.05407314217916,171.1282634669115,416.4476964460047,71.44075469992,168.2677974049798,398.4721626788889,146.8853404354578,563.4462261293005,176.063371386043,342.5147791252957,299.6983669292872,184.3620103755958,472.1901963690199,561.924106910462,474.6237641680335,409.1073662984568,439.017308890069,533.4251305326295,272.7352702903223,203.0313402105723,434.7195989770964,436.7728267191612,479.7408088055877,83.1975941477976,126.7383728821943,0.0,177.6132869791661,370.7435234648581,442.2690053238934,240.0539745172016,380.1346835775119,339.9341074474141,288.594753541141,313.1507052036675,453.1715301183326,358.4599490459213,389.7939239393488,278.3876463432119,471.8111999010442,461.9726196001031,355.9203393511045,392.6787522830924,327.6006983953345,463.5421445043877,431.1096472409589,179.982999402714,372.74177569963,391.9612529943998,478.4650129057492,382.963550982097,336.5903301813261,192.557495587138,424.4145751761574,426.4309303537016,419.6858269966944,355.8241930297418,293.7212649238378,344.8978619004004,488.9838534716464,307.9892145625588,446.8924170200842,373.2873527461422,456.0299298248855,239.8417706695297,264.8422505347862,398.5784580278834,492.5172836030623,306.7835679005762,451.0800347643168,466.7035952668998,496.6658385191273,343.1818837670521,534.419384527222,276.3195003479529,497.5718613095864,181.5558627709199,124.8917966168222,508.1194053783276,406.7863233616816,322.8685107682473,422.2778024164247,187.9112661193177,228.1256638720556,506.1779477828474,465.3855116750834,234.8397847339691,345.6986044976193,439.3204322448286,303.9738585757734,443.9500634621,370.1479044320395,376.8724629864392,330.3066574459052,554.5391328221166,247.3791102573659,288.0864525308041,113.1997033794591,269.2798435804394,275.6558680925383,208.756557529011,376.8900347206744,583.0368100348007,415.9929516091709,312.7242575552965,312.6657724793467,323.5287476294295,339.6946763765139,520.0940700358676,185.4449578734958,537.7162161924032,527.0995577330322,575.6657055705522,451.8680273487237,366.8034288687538,288.6162375410924,460.9024798077843,492.1570544537479,142.8412024913432,512.7100170173804,578.3567939465314,358.2554821093456,272.2029383230399,449.291672368914,303.7261076280055,376.617652422128,239.8254442622492,410.4136275069683,246.5555760959202,360.0113229773633,868.0209086252638,639.2176107969287,1102.669215941782,741.7827848529779,617.5170323898865,1132.357683835035,842.6358855284412,849.2302271166432,809.8622960237175,826.1649130270409,1224.075526121324,686.3134950523055,800.9175485859246,889.5187176945996,819.264190902299,880.6082441969454,1115.599251655191,940.6800746985195,1054.41264376241,367.064605022493,694.0221784737103,622.3062074091599,452.862077304376,632.1503109478952,500.5282761528168,595.5847008115999,447.6252631115602,675.6143527645623,519.8430231341157,678.8250523192869,465.8043524625934,473.2552359660629,459.8296530738933,455.6337793353915,722.8342579325649,564.4835899445412,548.4497817220845,331.7598162801111,391.518113864138,433.2803381425128,455.2694790178285,391.8523519333955,343.3985177500141,531.1922283143016,504.9865204215496,644.8511657172767,522.8400407991705,678.6669483620279,535.282232480977,369.7560000643199,575.4652999807569,426.6089606827339,424.3276225887384,484.027002616853,586.7153080267741,664.5725629865179
102,181.9906109385012,76.25276470197392,161.4557925058021,96.01226758493888,226.5936302761096,150.6953847913046,219.800758641581,130.2233031368397,84.92859784849377,300.3354212293312,170.3572544199257,150.2948580139215,124.5938258204405,332.3304955865726,205.9258297886909,277.28077715516,198.4826541352927,155.5388905037959,128.3117693889816,251.906131285102,108.0487555353886,54.64872217927678,221.5729691004954,35.41385281975305,386.4046260849681,137.8357908699017,165.980339766405,140.9192477920081,51.11331311587256,294.6907961925165,384.3155267719174,298.7880005968649,239.7445606636576,264.7677569316018,355.8595373927421,141.1598470926005,128.4397783594638,257.2467011315707,262.1275132416234,306.168745925021,129.5654600529967,126.429827304821,177.6132869791661,0.0,351.9540036794524,326.3947511158344,154.8266302554442,327.2675831391612,239.8870095080781,239.4705543085646,230.1144191682271,348.0110292110654,357.1472420250768,323.9358076879872,164.9283809290877,378.3382227861758,297.4695155710604,296.2711302947483,299.244882000239,258.7156124650587,335.727761743505,272.2861526020552,179.1407862690969,272.7085560343086,275.8761318459071,334.7030077230875,250.4547111660747,206.113360362273,195.7012782825612,358.0491701719398,332.6004213973854,313.8291199298873,365.405935745335,203.0958861558663,268.5501436920103,322.7873826315113,172.6808232905077,369.4163479073212,336.2931989600771,451.0047135573687,289.2385597656266,329.8421144976717,430.7396429020011,542.5097656248072,381.1241655512085,492.6908401773239,494.6829069041517,492.203477585452,430.4667926266998,586.192390044194,373.6952205272655,563.6451302894443,289.2647076067506,174.2746088280236,534.0621770039941,416.383736104285,271.3490637894553,393.0928599402229,271.4880096035192,170.4481476234553,580.5026542685946,542.396999616012,334.9381613638999,413.2498922583551,468.840639836307,362.1979914790006,459.7903090214029,419.539352053587,453.5018914924162,384.6736355637403,567.633706678371,207.6322814800255,398.1138182577066,196.2611179881383,233.4830046644724,266.0223113659056,257.8501397374555,352.8056794140095,649.9578063619182,410.2983835424664,304.4939466673265,347.8794791181263,424.6169157630836,312.5308130025714,508.1722102929476,187.552485271575,599.4834768789785,504.4227635262604,624.1290785610993,505.7664728165373,377.2316699037199,301.3050247766787,434.4955586809714,530.6835218213554,160.5418830678007,526.7102144136921,636.2888456957638,393.5490157725123,320.6491964425563,431.4601719144711,272.7497327065818,370.1295955486848,228.3912142979716,455.6062562175729,360.6565986925236,453.1682330776454,772.4229633738249,559.0097268220419,1050.732484209376,679.1542895480238,547.6872077593165,1081.926487536989,793.5646541227267,779.7000457189766,736.4805994690786,784.3720678380781,1163.603554548283,602.9487916885731,748.9840970756371,823.5333219744923,760.0301516847918,797.2607732203172,1088.617965907357,874.9132740709628,1025.682629424726,291.3817647649992,571.9377026526655,515.8201359151001,331.1077916332783,458.136457391391,426.303767233985,496.7417011211091,353.2041556653091,549.3412287819557,457.9283260389838,502.8705190233604,307.7423033866276,321.6660298096636,410.4856795847337,344.6909198294637,596.8092511215244,458.8056281518146,453.7368668619727,231.3715877807429,239.5770287902239,353.7894170647286,380.5341643873081,301.2960005731268,230.7722237653693,391.9800333253401,376.1523658993995,468.1058722141001,480.2861961920815,501.9281812005729,422.1594826748436,232.4520071048137,501.2355405881655,318.3091278164349,256.6153551221388,381.6421078352311,409.7086650716141,548.1719466879953
104,530.0161796000361,374.3227679059702,425.0993539290143,289.5089321518782,400.2432626584266,322.7042129753727,326.5015144022281,318.8111415575374,276.6725791186096,477.3338864403638,522.1022296629048,499.1346004946139,227.9927892106226,526.3884582010445,345.8377978437483,458.1298446427012,453.5885633126125,298.870319964102,231.3333376508631,353.6629739574775,365.4058337815222,298.3729569431413,420.233746839911,364.7877075932386,534.6189810989005,474.7099631017084,431.5187165718994,466.4546403265631,402.5437124708589,499.6592635120867,554.8642563190747,528.9133601948996,371.6129197842781,515.5039352102962,541.6044233093768,250.6779296173169,476.3392553163509,474.5355261037479,418.7962265744441,436.7847278291262,410.1960043424355,260.8873474130546,370.7435234648581,351.9540036794524,0.0,222.0937726785133,201.6594065678761,70.36628788418801,173.4696601899768,114.7481111564086,150.3395944822603,201.6539003789233,35.60545557065556,97.92990978082484,218.0700662428978,185.4588143645558,376.6571056406627,88.6527557256058,157.2717557563245,118.0300272705632,261.0722015664587,338.5837391491876,195.8437078127019,170.3794207472412,208.1516652165617,312.7411720886232,245.8845470118199,237.3140148804149,180.5782038898226,108.0258618462402,165.9178871076512,190.8111161463787,57.65635820207445,173.0954795348095,125.2216749750487,400.0658751841013,249.8523222222244,140.1145368371626,37.72631340857488,793.2897705914094,598.2149379360487,629.806287802104,755.2150611680566,857.4967947241831,675.1436102655508,812.6154509359885,822.7756754555635,834.9641769810086,713.7057761730389,900.3702486134683,647.0316278855748,866.5422121925468,552.1610716362895,470.7526614333188,863.8888604961991,752.0621609588516,621.4989837348927,741.3615393282296,554.868465496685,517.725788030088,876.368423777029,835.6684201119933,605.4748840201207,713.2820258589454,795.6094313447899,668.0743311538299,793.5132246888743,732.9753533779378,746.54127402075,693.8730035631761,904.3450306828603,552.6041458273043,658.1031240071574,473.40775048252,578.7944105995215,604.2660965512905,565.0657298332932,699.0143969557348,952.6357476749956,752.0184707040554,644.0021682801007,668.212308339491,694.1018209378456,658.5160862269614,853.59471693471,513.8963895517155,906.1470022603227,852.6672203049446,941.0171756104338,817.5101036028519,711.5025687960933,631.6658630392576,782.7563921994836,853.1259474512611,473.6952316556237,862.4448791050683,946.2425328927603,715.2699654773219,631.7301057943558,777.4927608605872,618.4462563060217,711.1632720442595,564.9533646178434,772.5666755485946,616.6143498451614,730.753576623587,1111.171272561338,907.1617012385984,1401.970205980656,1030.0171456409,898.2130959336939,1433.285706560424,1145.405731472403,1128.696315171856,1084.780714279823,1136.29982035547,1513.147980903676,949.5778278548206,1100.730509375886,1173.104039426106,1111.044515894961,1141.643968438312,1439.901758580888,1224.287032591717,1377.069582153724,643.2443410548157,896.0531503391192,853.6619554353629,667.2888586717345,673.4762927501339,777.1968793180778,839.1650761899876,701.0768693552013,870.2825313239719,809.7563764875607,694.3490687473102,603.2446345014457,627.0566144361333,762.0338860492114,686.431714147297,916.0461565945294,798.882868451318,798.9699394760731,581.4232098128693,555.660341835469,704.7573487576402,731.7943327995757,651.3671667080123,577.5718430424996,707.7854703394581,703.9416930733786,653.8456162505572,831.6173571007259,682.781867139181,759.2720534052467,565.2947093240919,851.3984830753667,662.4604944659104,537.1612022777422,725.8529106138917,600.7800439153101,878.0820918366586
105,460.0738384643925,387.344686796215,466.4360485128109,230.9397723147938,237.1558598084821,206.6963861752417,164.0652464895919,377.0544098987564,244.7663823504825,293.871135378771,467.8507605351432,467.6597252249691,232.6343532013249,341.9419494072134,191.004178662853,280.6720274897737,502.9678008306916,374.9074722484286,271.5943463436206,172.36820251206,400.1789404170949,293.0034020561313,263.1693260913303,356.4897333389732,331.6103672288148,463.6574179112233,309.5473250389904,377.5440124199599,371.8406365820751,324.8207021283914,357.3713094714298,361.3497338417209,198.1813201167056,361.7642627661798,351.5105107949273,185.4831022428815,448.5737997614212,311.3910906614206,240.4125905682754,242.0482310944871,439.4638865968134,316.3527039656674,442.2690053238934,326.3947511158344,222.0937726785133,0.0,202.2209736189463,151.7369867217159,103.4867311331577,183.1498571905869,136.0087209866152,34.18823813825822,255.8982213253985,124.1803014299474,167.5648860912929,75.07780272811779,175.921853991664,141.6897946638346,68.7263637256957,139.4304494443462,39.00253347353983,145.6740457844105,280.4367478904796,74.06890753005105,51.35542397989901,93.11088381774448,82.2318987185452,120.8921002533848,277.2439363997116,125.7663491598191,58.43196790950211,32.22427862268395,277.91472065341,149.6890770233473,120.2639773694683,193.0318280448566,154.3366708026897,104.4508044350553,184.3987540476916,765.7940714038845,615.1834026428618,654.996962123312,755.5810770793846,868.3644014852467,705.856955523706,818.0414463267814,817.868529173188,805.630183319669,753.6741687268433,911.995225197534,693.4421959551306,890.0226540874256,602.885471268744,494.6477917117072,856.1666237862893,737.0777229984967,578.5794387305007,700.353107439649,591.5749970584159,488.8858696241308,906.5658312621996,868.0949231953626,652.8639725938358,739.0631971227283,792.7192691959857,688.2955402582276,780.9130728065709,745.8697702246104,778.6950741044345,711.0262949942531,885.4187411104026,526.8816321044804,714.2112051059784,510.6237155721205,551.3008467623873,588.2971107068463,583.2556463166103,665.1345811690007,976.3515544532559,726.5426781312311,625.0508762657659,673.9703704882986,744.2521487744506,626.52206454657,817.692772312248,513.9375677213651,925.8299794406097,808.6300762163893,949.3798348994898,832.0146609791344,699.318639442902,626.0236935386231,740.5183181662974,855.2675578809402,485.1028087570498,845.7214889126803,962.3916962575696,719.2020196168013,646.926868333865,741.8120002791492,588.5674886499964,687.9243544753826,552.3419992621979,781.5653806864656,674.2829874926812,775.3784072516439,988.8350783364156,812.0808984031331,1310.759276144236,942.8018128939538,812.938231368305,1342.714561718563,1065.065160518137,1030.368322062498,984.966261212594,1062.839676753375,1411.003561592315,848.5417441933305,1019.664513414852,1076.164635897067,1022.95012611552,1029.70888003288,1371.439685131882,1125.558322068998,1308.351362144361,580.7215411640956,760.9679848993012,738.596937424864,561.5162514002993,482.7239289211737,698.8106892512031,732.8676145861012,615.1441042498369,732.9365638342636,738.2506086841863,493.4328292678625,464.4304901551131,493.1229785064173,704.6019071609684,587.9643601937001,774.9271529473092,690.2810051325744,700.6121614294631,512.0090616172129,440.5090125139043,630.5670493729536,658.0103244512313,576.271232504304,499.1673633564916,575.3137600543168,584.3369290080894,453.4210843013955,773.649454108746,479.0778198002524,648.1424212335941,466.152905394818,766.0486266200359,570.4628139033457,397.8111616832212,629.4130104119067,406.3511909640632,750.6623552740908
106,328.8056702967808,196.217772848934,268.490099027089,90.459540017707,236.9781713440231,143.4097403812098,180.9421309790935,174.9056268588582,75.08207328520147,321.4339295883623,322.7965782248292,304.979837021524,33.34468601483329,366.8669603476487,187.7331720045492,298.7728259434474,303.9275856752194,173.5780396083796,69.7355739065526,217.3986313141313,202.0888497342721,105.5812192308531,249.4111279144702,174.7798367695976,396.3617916569539,287.627634217678,240.1580332586088,265.5093645910664,205.9236235401976,333.8025641751753,407.4547870981648,355.1893456680673,223.0100852250797,333.78370173542,386.6148298753,65.4102631344371,282.8298379331544,301.97390067253,265.7096092600903,298.4334321924926,244.2121748628937,114.4345614661061,240.0539745172016,154.8266302554442,201.6594065678761,202.2209736189463,0.0,172.4626053851828,100.3782639507251,86.98770400030264,79.08761389204524,214.282460349073,212.8274622700059,170.4836178197586,46.87458733445019,236.9372852275207,257.3916808623325,141.6074454612686,156.2813636504024,104.5371844260204,224.9586389170359,219.7413265385421,93.8901550382552,133.8234905243211,152.1775283023201,247.0690306200499,149.3601442956706,106.3472246213887,99.78169328407195,205.2638281861248,190.6068929004116,180.2934640058631,225.3440152445551,55.06605376434352,116.4389732124705,285.419502060607,88.90865818412078,220.1383107965174,182.4407651043159,604.8501170481707,428.5205971878996,465.6590154978355,578.553957371867,687.3659279125259,515.1531679857173,639.1506889039193,644.2087836531877,646.2237335507688,560.4078299968065,730.998110970955,497.6983611911865,703.8035328530259,405.0196012258549,302.7733156030637,684.3572595588618,568.197471027144,426.1343022192335,547.9038257695802,397.3150872641022,324.8424334022507,717.8962306951985,678.3324792460083,456.4149942804348,550.5529539025672,617.7560447589279,501.3649240700858,611.1223486179866,562.7662973075147,588.2585221841813,525.6591096300781,720.2076129041042,361.5275560490789,516.2881489853065,314.741945437632,387.5768296586361,417.9459806361353,395.5249463818535,507.3454286577296,790.6435846590732,563.9194725989786,457.0907839634573,493.265528895738,548.0109728393894,466.9725873097587,662.7224842032336,333.1271202833314,741.4264111477127,659.2467279510468,770.1590634946753,649.0704486537974,528.3831385113901,450.4209720836557,589.313338783988,678.3207524407493,298.0704805759204,678.8982777548051,779.7461603060242,539.975090639138,461.5213027276732,586.0476513802245,427.0512614100314,523.4565675204984,379.3408183130666,600.6222747445457,475.6760881449935,580.9159103116131,910.4746070100001,705.5789423775789,1201.146879354166,829.0746268107838,697.1772356944598,1232.555126242371,945.4613006533275,927.1612594500081,883.1753014377102,937.3806078351482,1311.646607149776,747.9185843433863,900.5963236660522,971.6599375813072,910.1559144409163,940.1232216271118,1242.601072949047,1022.794510543472,1179.59250029017,443.8461202314533,698.3890124381039,652.8365859659953,466.3199595861001,511.7073771579294,576.454943531127,637.7062210486865,499.5603460270024,673.3706195794136,610.0095446582882,543.6228826485585,410.7803794819255,432.3245245633773,564.5427760440377,484.9013093283557,719.8066542300328,597.651658759192,597.3176933111712,380.6119305877637,357.377446365626,504.1560797906377,531.3720654746256,450.4099031835771,376.0710755052238,511.2504802386834,504.5799782408694,504.2770372261924,634.4777305361647,536.47849328928,558.3943075984714,364.3528327128037,650.2505374597754,460.8056180178867,347.1573227588699,524.2132362778233,446.6195005376532,678.9148050232471
107,497.4401920405796,363.1817666661332,425.3403540947209,251.1056212688574,340.8861506931295,271.3274929897289,265.3305919493471,321.2567245093178,245.276286620895,414.6745111879023,493.9901604486234,477.439748308334,203.9629566376659,463.9270505505925,286.8161086399946,396.5754155158274,457.3645237842324,307.1081164472706,220.9862474185295,289.7040053482409,361.3861807106538,277.1789956271307,362.6073307293868,346.1989287167159,468.0918534258277,458.8426403810214,382.545140621883,427.1191910117066,378.3432157430876,439.1516467252633,489.633342314464,470.4053237097887,309.5215922324538,460.1788098529566,477.9662131658026,206.9196778137884,455.2517957019338,416.4197175382702,356.5267477653945,371.3944795460816,405.8340082497598,258.9262963676395,380.1346835775119,327.2675831391612,70.36628788418801,151.7369867217159,172.4626053851828,0.0,114.5720852111987,93.63597347199929,102.2506547126078,132.3890805557423,104.4681017389054,27.65652157459686,174.4072222445079,121.3363709919041,309.5952417432644,31.5895185892547,87.65360024108465,69.8426447298532,190.7089110467863,272.3343666785231,200.1864473267627,103.9608253064536,140.2525654216443,242.5796368589165,180.6025553651866,179.453995935484,188.7115720324267,48.76672667862801,96.12877221464394,120.4768943575207,126.625282846119,129.1201359215314,67.23200364098786,332.0958069979418,198.0685204437739,79.31381808366524,32.66248327375918,776.9430315282967,593.8037691211358,628.5435937023723,747.3087647721628,853.8135929294315,676.2622510655509,806.8365942535698,813.7804588374073,818.3890429447378,718.3047810378542,897.2290058831799,653.057998159586,867.0042763359589,558.3366300545534,466.2267612453229,854.3156144411073,739.2538703096915,598.4911610662213,720.3585125880297,556.3292842796161,497.2506041584483,879.08774971443,838.8282974438872,611.303215240291,713.1901250645054,787.0298538525849,665.6594671812921,781.8369251007821,728.8829422491814,748.8705867666832,690.7525228747334,891.5216374309321,533.7796436371195,667.5349900831114,473.4531217437767,559.8751512629203,589.357324699196,560.5317603012999,679.7584810620566,953.7249056590273,735.9223188266316,628.7197438616267,661.1009752752148,701.9068277003214,639.3595254240525,835.126278202117,502.4844516988508,905.6441816769881,831.6874096253705,937.0861581430479,814.6942146436234,699.1622445522495,620.4266704904967,761.7631330664108,846.6118956245883,465.0868396876485,850.020211577223,944.84695986875,708.1048740336869,627.2141029892744,758.4696771990124,599.4013840390555,695.3459689878044,550.4674986701622,767.59194967481,626.0843012765146,737.068587023525,1068.193914970131,871.2403344415316,1369.027222326025,997.0451536219829,865.124629859536,1400.608933388178,1114.966480526459,1092.824170338806,1048.304557968328,1107.900150461097,1477.155844867739,912.1426440180795,1069.899309453159,1137.798447427493,1078.150701575462,1101.802933003097,1413.95697566653,1188.612404064565,1350.886008920249,614.6298336881971,848.5956862543653,811.6476416739486,626.4440578670948,610.3089263065256,745.279830473739,799.5742266648765,666.2499981368037,822.0701790093317,780.1426793200833,628.7864642925696,552.7309574683069,578.0784600843311,736.233674730084,647.851442649018,866.9871212336761,758.3612949551791,761.3925223457946,549.8937794812803,510.8465489778991,673.4019512328879,700.8287609288392,619.1445662234735,543.3675749289804,659.916519121407,659.581276903233,588.2951474156806,806.2364277685022,616.5280188452889,717.7400580451605,525.0172896177014,817.9878285517449,625.4731778733008,485.7224783229426,688.2305382230451,536.4493263566236,832.6948055103022
108,395.6442189244034,292.6792339482342,368.1178604920051,150.586299518117,227.3546021730947,157.8841669101793,153.0360337563707,275.0266036955641,155.0523702770399,303.9106421451415,396.8428292995716,388.0174295043092,132.3980830920796,352.9300779201408,173.0264610988858,284.6774414386191,403.9292685542485,271.6891705465531,168.8575085826144,181.017019948352,301.640611268086,198.8288250944127,248.3921224419463,266.08353307742,363.8861475946262,377.3307738530549,269.4541516875161,320.1180357511719,289.0281644457131,326.429087868882,382.5603019681636,356.6014230357217,198.1703308600185,345.6320150965293,368.380077769978,102.9456617481783,367.1754732166427,302.4190771958887,245.3493904486213,265.0099758612517,342.7711514482203,213.5188507755324,339.9341074474141,239.8870095080781,173.4696601899768,103.4867311331577,100.3782639507251,114.5720852111987,0.0,90.91250687924963,36.32052379978097,113.9622278352239,199.6131955447308,97.98035830154231,74.98491128615966,139.2320935799766,208.2135722485909,86.30103791783095,59.35841604823568,57.69019971882857,131.3444966982817,169.0256644519997,177.6636856090359,33.83113321648018,57.10582479411124,165.8313687510832,77.31440200536638,64.95037758026069,175.6911561942024,126.543098420202,93.02046825228933,79.91837208784317,219.0996033330466,46.35499494786499,48.59021010899647,233.7463288096186,85.6608471357703,131.2745407299402,140.1155059117269,689.1994453519478,523.9920456362848,562.3483359185054,670.20336080971,780.9766683256568,612.4769032287171,731.7655258561227,734.5279514255411,730.01345700161,658.7547291538654,824.6773959113897,596.8508484215092,799.5973611357874,504.7675251658587,400.1027074586752,773.9487205002396,656.1077299493102,505.2659419631174,627.9223236156736,495.8256752133736,408.8230352799106,814.6717254644677,775.4893505333565,555.764287541147,647.0573425525624,708.5893295798809,597.1286267203645,699.5983724151992,657.0373501504786,685.5761587609411,620.8152938620968,806.9117115820748,446.5416057450541,616.1175998220056,413.7167207335833,472.0031404857777,505.8373484231969,491.3624164609167,589.7085467476967,886.3282549918706,648.8857872577393,544.0618490267115,586.3074579423144,647.3609886071337,549.9358557056405,744.4925346837589,425.5272663252264,836.5313225385705,738.3567158402112,863.1464299785575,743.4386601794149,617.0935671216652,540.9738371757137,668.9597906499831,770.1700640289617,393.2105352363381,766.222968482744,874.1778832683003,632.4966422518569,556.5396654725852,667.860820051879,510.6967287248519,609.1083510093956,468.2688655959322,694.0448624332006,575.666595408139,679.702266560978,956.4133643862186,764.136257317077,1263.13417179104,891.8252681603458,760.221670166072,1294.872562836195,1011.486214193364,985.247808335215,940.3912709312101,1006.165731723889,1369.010893400562,803.85868846092,966.2081513335446,1030.541534672506,972.7942247049939,991.6666765201036,1313.705788771573,1081.01717858348,1250.540719984934,515.306355804608,735.1477511464701,700.7285117164301,516.7859436491966,500.0706574686993,641.8933251982974,690.1444277491648,560.8619986725762,708.3975615206434,678.6060004192739,522.110734373095,438.6579404375814,464.4241564146557,638.6290713665051,539.6601982315434,753.0437957836824,648.454100150193,653.4480770103121,448.4340805252313,399.2685531789426,570.9668474610768,598.5549020809614,516.347094222232,439.4853960823041,546.5262397263458,547.7414541506189,481.6514985690276,708.5600190571653,511.2799883640111,607.3278985009741,416.314946434571,713.0055892883554,518.6000839675742,371.5064135781151,580.548169240121,427.798796306325,720.0629361838206
111,415.6963153393502,270.2515091746423,331.8218697194439,175.1662272410524,300.1231005965956,214.7169456613202,231.809048341852,228.3155613128767,162.062828416767,381.7065191584481,408.8728776499378,388.5062883355823,114.8778209121768,429.653737333812,246.5919041606962,360.6623859768823,364.1913201417046,215.8867472374073,127.4398510635596,264.1320689447625,267.7504734788342,187.1915605544246,317.2185961673623,255.431122284087,448.1302182045475,367.4360195279565,320.2665991900487,351.8252879301223,290.4651616199161,399.74574448763,464.1723219719362,425.6930397262591,277.1776053309105,408.6612860200431,447.1510255862471,138.9111414336588,365.9664509509858,371.388720070227,323.4923072366078,348.6295336257553,312.2169167332414,165.6109428926336,288.594753541141,239.4705543085646,114.7481111564086,183.1498571905869,86.98770400030264,93.63597347199929,90.91250687924963,0.0,55.27509915869033,180.8049038651925,128.5979140529577,101.2334689522392,107.4102014706858,189.2457973965312,295.9042754378734,67.33984544394126,118.0358570988015,44.70245383062905,216.8300015027598,256.4656090103413,109.9046619122291,110.1004301391451,145.2596879486931,256.0755666293921,167.2477511162195,142.0125525359229,101.2313435370296,135.8531960474048,147.5434199907473,152.8686086799215,143.7252614093133,66.62443778228658,64.3535948319807,322.3428205095897,144.8953233246874,159.1016243330126,97.01756489821584,686.1693129919704,500.2838717278327,534.9085142089787,654.2959531465914,760.3272457392738,582.6626937230391,713.547023644074,721.0025543104827,727.7333220875297,624.9498809405464,803.7115502674255,559.9408325322685,773.3696348099523,465.3654965392353,372.6476953118574,761.6765564833764,647.3185196325495,510.4593028612468,631.4733078940185,462.7927348307074,407.7772098731174,785.5217676878834,745.2978128495682,518.2016141247068,619.5560686066191,694.1581514271868,572.0537951509989,689.6359873915205,635.3928522975708,655.3119428949881,597.1850811672776,799.7008166327372,443.6539959827527,575.0374577238146,379.8807360125863,469.8367769279308,497.8802737242132,467.0043385021015,590.0358669165834,860.0943671027097,645.0209140375383,537.4185816587341,567.9107110651182,609.0347680567828,549.5432351365233,745.222027235242,409.9117920627232,812.0138826140093,742.8935722170462,843.6408719956128,721.138672135279,607.063993785898,527.9734179177575,672.914803314037,753.4354572846565,371.9232753291852,758.0628551512241,851.2428098049326,614.9525072494465,533.7176398848599,668.731271510033,509.4804030089555,604.3051461761612,458.7976077954899,674.1964128211773,533.6640996742078,643.9203339450357,996.6895299885123,792.566641101062,1287.953942794252,915.9092210449023,784.0364339793988,1319.333039470538,1031.949482822085,1014.146954458867,970.1615854456608,1023.47221122969,1398.629492045344,834.870775382514,987.1516905817949,1058.63302909821,996.9759875533682,1026.901874966042,1328.08328010489,1109.775577978873,1265.138008612078,530.0270559112588,782.8171322668653,739.1186600650467,552.6824260761501,576.7427910584179,663.2056905872016,724.4317852291817,586.5418191386806,757.3693749852931,696.381195830422,603.1509927345586,492.0405963011792,514.9171884190354,649.9438809308012,571.6861760809422,803.4523705424717,684.2051733807161,684.2404410240562,467.3627178500789,441.9965325676787,590.8461836848102,617.9974557564756,537.2251973579473,463.0479169365746,594.9509708168024,589.9313155325722,562.9564832687032,719.7567500058142,593.7084624457793,644.7035695184574,450.6843983013709,737.1427963324294,547.735790784029,426.8523746939245,611.1147207397497,507.2530381739326,764.1949382195163
114,395.8832795338626,275.3011923240765,346.494536968502,149.1624160108049,251.4061458946213,172.6452051613942,180.0811328737599,249.1777706018592,146.0153348693434,331.0044255428778,393.7473622979676,380.2022719504205,112.4319059837199,379.5436201618373,197.1582818450289,310.7232782939243,381.331568351651,243.0206355667055,142.6534856638314,210.8820497676233,280.3092556051537,183.7994578418584,270.4407189848976,252.7395791359875,394.7542087805705,365.393630725206,282.592219955259,324.8690623213506,280.7091060938835,351.1606735908857,411.9177178874985,379.2242672248383,225.6092393548833,365.1696197192547,396.1349013107322,104.7111587733611,358.5424343346399,324.7966686448362,272.4723955543275,295.3839500262742,322.9675951305144,186.4493504928191,313.1507052036675,230.1144191682271,150.3395944822603,136.0087209866152,79.08761389204524,102.2506547126078,36.32052379978097,55.27509915869033,0.0,140.9329812556335,172.538347108328,94.22436157299589,72.1586513264374,159.2751314549858,241.1504160921964,70.80559218916008,79.52837876949945,33.34994676722744,166.3927673704067,201.7374419917384,144.6717495484934,62.18265946883496,92.7530835230058,202.1518925508645,111.9726655375842,89.63301056771323,141.2748127989741,127.945105075616,113.4078188223208,108.8455172022364,190.6051954125801,27.40395023646397,38.46200516100871,267.3565118514332,99.54417591841495,141.1135491045821,121.2584456250776,681.1188071127609,507.5991500159605,544.7113318595103,657.1213779999885,766.3131184804683,594.1102749589552,717.932411393913,722.4782833938859,722.3076796940873,639.052208295914,809.9597058490999,575.9091451550688,782.88894741561,482.6979388742761,381.7916750177924,762.4457991023819,645.714735227605,499.9211410354212,622.3025160082176,475.9613623350944,400.5315057187381,796.9111592883502,757.293152959842,534.488398308762,629.6113526776342,696.1460601819466,580.452485967613,688.8469018352312,641.7733421857253,667.202583828222,604.7311987213872,797.4113497846832,437.7318112043126,593.7573231736687,393.2137672162888,463.5969211642948,495.3166015468025,474.6114571590183,582.7061626896598,869.7297952992409,640.3887711610153,534.1876330005219,572.0810179947212,626.0291724233768,542.5271168026964,737.9994608381721,411.7170254989931,820.5063144656042,733.3660522043881,849.0280859741783,728.0977125393999,606.1275911182137,528.6465985243385,663.5978344351104,756.9626675029256,377.1012716343136,756.2897320210079,858.7891895253866,618.710739955716,540.5788621692114,661.2704361241427,502.8241662058898,600.1448761520799,457.0071905385278,679.5285491355315,552.8951480270531,659.3336631494049,966.5987848770225,769.0178427387104,1266.966431631087,895.0471651426916,763.1531666477587,1298.57321402951,1013.326452819516,990.5877848993404,946.0565983394077,1006.700200595285,1374.907654242588,809.8935456798608,968.203636024642,1035.580939167101,976.1426895995576,999.7068510123872,1313.267824555495,1086.377897799124,1250.154757823943,513.8738562620392,748.3575619068885,709.7902166427499,524.3507123131188,526.8662226875718,643.5553819788225,697.4089106569071,564.1565218490218,722.1561638043219,678.8775790475734,551.2693661788546,453.8803505549504,478.383573611019,636.1628908572634,545.6095747614103,767.5060895710477,656.2748948521141,659.1419648213736,448.4763748621885,409.4373459398225,571.8514058762628,599.3327449902476,517.4776855539379,441.4398706879573,559.7530891360863,558.1688832746208,510.9275874098103,706.1960000384995,541.2035728409392,615.7715200872367,422.8313654729268,715.9927539515352,523.240620414616,387.4140617548017,585.9801260478843,456.0062720704363,731.6774951527867
118,488.5623293645041,405.2918229281697,481.934735079968,253.8860750584646,270.9683851305798,236.1717912666336,197.1936685038169,388.5554348415056,264.5591466572351,327.9613100605484,494.8493687321275,492.2124406929655,246.3246641806173,375.92805020125,223.9431773601235,314.8582071093259,517.8553552995062,383.7776497436186,282.0758303204762,206.5072394590612,415.4619670125694,310.9722251245672,296.8433937563979,376.5780653671591,364.1283135443722,485.8020508212393,341.2903792898691,407.0863578468488,395.0199798254023,359.0061979230616,390.4691424913197,395.5216086765997,232.2034016156801,395.6362859616171,385.2101265873171,206.9879065284206,472.4968670731483,345.4349906084176,274.5992338249951,275.7725777661148,456.1780309979865,326.4832581538693,453.1715301183326,348.0110292110654,201.6539003789233,34.18823813825822,214.282460349073,132.3890805557423,113.9622278352239,180.8049038651925,140.9329812556335,0.0,236.567495312877,104.9935455503023,185.1325147502271,40.93850126127161,209.51544057403,129.0681112297034,63.0143967964125,136.1031373629116,67.02611658306083,179.8332946939562,284.6728415268405,80.52442258170682,73.64231580428971,122.9639782908612,112.3465649029326,145.814102054342,279.4698603470082,98.79563943140296,36.70477012906264,34.49955518088589,258.7787190332075,159.6381130661822,116.4625059056122,225.6932723779622,178.5117385029956,73.47693846664025,164.5698359715587,791.7656315496416,635.3460594234307,674.4130343832684,778.5034887904516,890.5171131047094,724.8872751900436,840.6409142289874,841.6307000012602,831.9261950144972,771.7777632248027,934.2020354308818,710.3707584101801,910.7532460468694,618.5952672258613,512.8189631902372,880.3688346932427,761.6212098737232,605.232373408978,727.4202568756415,609.0513955711565,513.355704267297,926.5302724470433,887.6479100473754,669.3993540893223,758.8874759390469,816.1626165020281,708.5311433307697,805.3774015154088,767.2910500253239,797.9150027745625,731.7616645188015,910.8987428165211,551.3434632072314,729.963719098338,527.2391916314705,576.1488642113353,612.1386242657485,603.0218474306652,691.334585822701,997.3198387295727,752.1523827891672,649.4582364942985,695.8603878963688,760.9720016410124,652.3300973666237,844.6753965031301,535.298700599492,947.1325028022299,836.3613197360643,972.0723539999457,853.6104204198656,723.3842946897231,648.9467903610431,767.8580589007836,878.3744502199874,504.7504801699195,870.8520359426075,984.2197297083978,741.5456051905978,667.5235152509111,768.5170240606406,613.9285875433751,713.1277491795389,575.5354861152675,803.6053393694499,689.5760815709718,792.9835514812858,1022.289966908523,843.9082918847278,1342.859199495202,974.3066525018039,844.0990225047497,1374.796225671293,1096.253018773011,1062.670156754092,1017.309966213169,1093.532789538312,1443.761497877668,880.796203737645,1050.848526053615,1108.427213034387,1054.612272856557,1062.733903894451,1402.071060416607,1157.964525720942,1338.950038328648,609.2825431667009,794.7332690668546,771.4835708963144,593.4688383550434,516.1343597836221,729.1848883841151,765.2566870600566,645.8412996539012,766.7532772591579,768.1860020242943,525.7990931033295,497.9593269829297,526.4980208549084,733.2260764008789,619.4994544806568,808.8753673277142,722.7289891608358,732.440502104403,540.8149383780595,472.6256899246322,660.3737102090279,687.8830068015345,605.9279268272436,528.705307817999,608.7797774759856,617.1924048972577,485.9365005304495,802.5409472619347,511.0682360328591,680.6551722201862,497.2274780096079,797.1188787568808,601.4620336757918,431.1854758705529,660.9318230877303,439.6114484285389,784.1381391121107
119,537.6590948607139,372.2862867234356,416.7356644668566,302.7828079936947,423.9428412994089,342.3447881378229,351.7987048296051,310.7948131320026,286.6453867569233,502.9089351304999,527.4162478494789,501.2470219103801,235.6414763701659,551.6840284745084,369.6695165651859,483.0073853636204,443.201974711864,288.3164586033985,232.0427866922968,380.6282854709121,359.8950933811157,302.7187171187355,442.7445490843524,366.6735371580092,563.0230910248915,474.0114004103409,448.8509429864915,478.1783898350538,406.8376586078911,523.6876770573056,582.1672454974862,551.5260189919562,397.226730547333,536.1493428877832,567.7152541614896,267.4621872513716,478.3142660674025,497.0971914852844,444.3108545212485,464.4817048059565,404.2946400412154,256.4131278874766,358.4599490459213,357.1472420250768,35.60545557065556,255.8982213253985,212.8274622700059,104.4681017389054,199.6131955447308,128.5979140529577,172.538347108328,236.567495312877,0.0,132.1189743998302,235.6304799229666,221.0586957203826,405.8653458005912,118.3911023725639,189.7566192895761,142.3262406378435,294.7784319276078,367.2769770893498,190.5508166506173,200.4777411075198,238.8322637926983,345.4980094584518,274.4399237604902,261.6341620507855,174.1112976586027,143.6313174168963,200.5364594599549,224.2514978146478,22.21797443804396,192.4044448236577,152.7166501861561,430.011386185993,270.7510506685996,175.7108633930281,72.00761577299828,791.2484333993974,590.9061166404938,620.7821867806161,749.0049865482383,848.8933369569288,664.7565180939963,805.1690662606633,816.9090781055958,832.9226138272714,701.486059269378,891.3978787554455,634.3764186042507,855.8861021875866,539.898435173686,464.3451666937025,858.204874353314,748.3387947651285,623.5690343998085,741.9013006294559,544.8941286623109,519.072295497491,864.5962285848738,823.7821782308059,593.1008441685414,703.3439480066301,789.6115830273412,659.4521444177021,789.0842464070857,724.939092106488,735.3104933486306,685.4972796185525,900.2090409604797,552.86935169928,643.7708488844244,464.6990154858094,578.9557018835336,602.2267456400391,558.0004537239803,698.79581196452,941.4884002780386,749.9778584527593,641.9623118063204,661.9257780534633,680.4116052873504,658.4099995088408,852.4837174842315,510.6235729805521,895.869674575523,852.8681546063394,932.34579761047,808.5837855375754,707.683536339011,627.6218150516686,783.1587246284352,845.9371423526518,469.3155150042766,858.2068809669513,936.316125394054,708.8266255804214,624.308844342125,776.8839072601169,618.4658210238189,709.1226010681402,562.9143506783456,764.8388421640512,602.4370296200325,717.6517921838421,1123.036377558147,915.3096155767566,1407.790493739102,1036.30079685236,904.8069433750801,1438.930460140185,1150.123548414547,1136.453750088959,1092.93877921555,1139.917989748951,1520.593042755353,958.4947176801793,1105.725857467146,1180.48607984783,1117.16226955644,1151.645921345018,1441.85588082787,1231.816499640137,1379.210376488775,648.1835782558134,910.8957711854893,865.3807328037216,678.8443367064827,698.991615117853,783.4481605495969,849.5274937317681,709.1612904279348,885.6255131809783,814.6655351000329,721.7198486723246,620.636940775252,643.4526818476995,765.0361411946236,696.6480967887292,931.8263313871189,809.8700076328375,808.2921746128407,588.2161403662028,569.9181243194124,710.9331971635487,737.6672981110131,658.2149573521523,585.829914499693,723.2802905497513,717.3901196241495,681.2554758218695,834.1968203977251,710.7519605655551,770.9375506905295,576.9520166068507,858.2751272027775,671.8756816586483,555.3587038062959,735.4059589779803,627.2971904401556,891.7223893132218
120,489.3645766275973,365.1332641481106,431.2271440812119,242.5549129490775,320.5518717251087,255.8459676809836,244.3666768189333,328.962902681506,240.1812116569012,392.2647385650153,487.8846692428567,474.1656555217175,203.2522237372731,441.5268144397997,266.9676355660353,374.8255368419242,464.3795224545952,317.1201059399496,225.5783690043628,266.9169738607225,366.1769997682089,276.0647650500825,343.1212369169551,345.2619033208146,443.3800188652111,458.1069835155747,367.4238963097396,416.3562348705233,374.7007589940474,417.8626498074207,465.652216053986,450.09774636761,287.7701382069843,441.5357971555403,454.8950314731874,196.5443503487253,452.3652318884952,396.4691855706226,334.4942314792254,347.4995432336025,410.0913215039952,265.9322041775383,389.7939239393488,323.9358076879872,97.92990978082484,124.1803014299474,170.4836178197586,27.65652157459686,97.98035830154231,101.2334689522392,94.22436157299589,104.9935455503023,132.1189743998302,0.0,164.9979981932918,96.95324451627616,284.7799279320614,34.17596237785595,61.69072021282958,66.16165561440754,163.1717627972119,248.1553199822303,210.9211418580749,81.33559629181788,115.5749056882029,215.4459991590446,157.6283356349566,161.5438144690453,201.1225759007765,35.26177790149855,68.57237337558426,93.14520096735859,154.2662580346995,121.6040152578528,55.92071285260123,306.6349289443947,183.4633242742296,59.10871339936383,60.28276354188038,774.8316737559499,597.0032606981382,632.846572668301,748.6635752683733,856.6093514871013,681.33626137876,808.9002688176795,814.5547271363897,816.0982437564808,724.5978149648577,900.1606133185009,660.0743212826309,871.3912631418289,565.7449891283491,469.9963883987073,854.7807490253463,738.6657866712152,594.1215708682878,716.4636038252122,561.9560657616006,494.3814393319286,884.324904266721,844.3072278227353,618.3802185501733,717.6949496718277,788.0259541391149,669.3959434455132,781.6059646052614,731.7886346579025,754.220226770755,694.1404817335841,890.6179090395462,531.4197569909245,675.7895986584319,478.951334503205,557.3619185037855,588.3756523346722,563.8168669048777,676.6947497371838,958.214231096867,734.0081940718009,627.4447176006772,663.0060184655295,709.45689623266,636.4581553828598,832.0287121968711,503.3115513400187,909.5908914147165,827.5619500685433,939.6441202657309,817.9052978357314,698.8667551922906,620.8176035187483,757.77477723379,848.3065730994336,467.2512225797682,849.3505264324772,948.3846430259536,709.8535091887796,630.2522595894984,755.3026230732283,596.6823243298358,693.6506661336199,549.8173921212882,770.0578870135693,634.4790255722924,743.9675951024182,1054.366715795418,860.720286291718,1359.312811570777,987.6321748881843,855.8374998042663,1390.98798630767,1106.505290126687,1082.069108926734,1037.331943627676,1100.304666617998,1466.087130012821,900.9083528265884,1061.317183929247,1127.246524680761,1068.684251007656,1089.322455999396,1407.144376771352,1177.860729564017,1344.015625371543,607.8231080471112,832.9796858673634,798.5349211828942,614.219829070928,587.3347292490824,736.7122153703513,787.5566215504298,656.600300840559,806.1412279691534,772.4915191615896,604.4987668860558,536.201840128884,562.218127496382,730.2935897027196,636.5888352276983,850.6181211684942,746.0003747505239,750.3289123811754,542.0535429889686,497.1488677201923,665.2446252434253,692.7710354022998,610.7635091316802,534.376005715888,644.3976399004526,645.6813714706078,564.0423154552167,800.3255040131517,591.8604975074559,705.0025673499142,513.3657790761345,808.638293312209,614.9786782818943,468.9374444730299,677.2969708157218,512.9205125457204,818.0381206789228
125,324.3665791577876,220.333628290388,298.9050125606132,77.5768584001421,196.4450636638495,107.4937007200851,135.6056668589334,213.0040301138235,80.1994918951885,280.0368729346814,323.5730541516922,313.2075995419228,68.50942642304884,326.7184681591893,144.9042367025748,257.9763262931601,335.5481508580602,215.5418739932766,112.5698316396564,171.5614322857883,232.7320517348008,125.9318494439508,211.5227970607096,191.8029627829037,352.3915944148831,302.4951098514111,213.6054047579082,252.7189910416735,214.0933657876049,295.1403552403399,365.0021873894626,319.3698265716567,178.9119690807545,301.3511048825193,345.5396293553692,32.84456773428866,292.2512221671583,265.3007906307834,223.0852180861533,253.7364260261396,271.970535157363,156.0389328395253,278.3876463432119,164.9283809290877,218.0700662428978,167.5648860912929,46.87458733445019,174.4072222445079,74.98491128615966,107.4102014706858,72.1586513264374,185.1325147502271,235.6304799229666,164.9979981932918,0.0,213.6310383222353,210.7637319761784,142.9274253307812,134.3314871425327,105.0252060475588,185.4155636870754,172.922945439974,140.7296306565774,107.8819941585743,116.2313020484851,202.5912710544687,105.3456329206237,60.39775396737437,145.9319470664514,197.2140393498554,167.7179782723604,150.6481043394608,251.1342936258866,45.73955531649616,109.2550535311171,238.7479689175093,43.0758370356428,205.4786756768415,192.0161624271168,614.4455582850634,450.3443628444513,489.2825466588758,595.4227716846061,706.517399213866,539.7696696651133,657.1148834417631,659.6011478473524,655.3380055749301,586.881407494083,750.2195624227058,526.0771689160673,725.8605238022216,435.3209433498661,327.8356980605857,698.9809354131452,581.1251551945393,431.1524756546158,553.7728169751047,424.3989788360097,333.9548088195739,741.4336378754579,702.51700021193,485.3866133187727,573.7863334628028,633.7074800800559,523.5266511614934,624.6135159234932,582.8183852715621,612.7870716229005,546.9306006613479,731.9859764669278,371.6272239927127,546.6477043938668,343.1323492364996,397.143675747037,430.8532069767357,417.9365022376471,515.1519366809399,812.5039733218124,574.0575923580968,469.0889819158396,511.8129156616006,576.8344576604651,475.2744676160088,670.1115922542785,351.0491643661982,762.4980419552483,664.4636222537049,788.5269724041303,669.2012044277154,542.1134809886635,466.1148115929582,594.9118870691232,695.3881895672416,319.6720284673846,691.2627646652222,799.9072020721909,557.8695115894001,482.6636251737813,593.4333287540163,435.932515451239,534.2134249480523,393.3192555235759,619.5769610992508,506.7367747668433,608.3067463667182,895.0874792030826,696.8682045534232,1194.916767390203,823.0504366110611,691.1827065298526,1226.54025461818,941.5932309030313,918.431388890329,873.8981508950516,935.3076023123155,1302.749287176504,737.7447503651108,896.4312773008237,963.4331663922068,904.135911113796,927.7258990113125,1242.229424369058,1014.222140599568,1179.091905328637,443.0306022197711,678.1490018696447,638.0629602905826,452.4001264252012,472.9377841529672,571.796754706706,625.3660629252437,492.1025943747421,652.2640477775024,607.4974752780043,502.4595987984301,385.430686296548,408.9959476870613,565.836091890433,473.475278747416,697.9785572212205,584.3195356329293,586.9885827278027,377.0601959494888,338.3052824740314,500.2582597070605,527.7788027143606,445.7984246468083,369.5451963991453,489.7679960616657,486.9302884064279,462.7286709842034,635.8466327876766,494.4597998882422,543.9444363366524,350.7795523220777,644.0068640941997,451.0867065382875,319.7990248065277,513.823828820315,405.7281114417136,660.751316460259
126,524.970198498287,431.646402169384,505.3590716519258,286.1446563468188,311.8287966708266,274.0475839797605,237.7266261631979,408.2839064910641,293.8207473200256,368.5218673849576,529.846747599102,524.8506811323273,269.954869125944,416.2942715743312,264.3377261182598,355.6724192435578,540.4761990968202,400.7010284264454,301.8731115702159,247.4363325470299,439.0058800091447,338.0184503768176,337.6332393815325,405.2469021981397,402.5477097486201,516.0683117239618,380.7100302617432,444.571467859664,426.6257941417758,399.8134416157973,429.5858267140645,436.4259554909881,273.1358742248847,436.5131572870754,425.1377655076016,238.5297062271434,504.5676377147794,386.3694930510151,315.4660367687965,315.7959627035013,480.99897581721,345.3350486125786,471.8111999010442,378.3382227861758,185.4588143645558,75.07780272811779,236.9372852275207,121.3363709919041,139.2320935799766,189.2457973965312,159.2751314549858,40.93850126127161,221.0586957203826,96.95324451627616,213.6310383222353,0.0,249.4418748704049,128.0184360525267,80.72058357612161,145.9703073316017,104.6066490094239,220.5717908542611,297.7029993152518,105.7676285090723,109.9656884267844,159.9609470158628,151.5277498273203,181.1315641416116,290.3400161108057,77.4812085897682,46.40751383624222,67.91848223195538,243.0787179837912,181.942873012397,127.4774615784539,264.5317216218608,212.7022091139544,45.91245537415852,150.7621079489176,825.3929898318027,663.2019204173429,701.4044305443017,809.0138429156736,920.1023349324398,751.3761201868608,870.7458065993287,872.947889006643,865.8505244693142,797.1954761227375,963.8045696770688,734.6337158005044,938.8082284211686,641.7616123731153,538.9280893109626,912.10883018592,793.8233228302321,639.7304008069523,762.1993833613976,634.1348410105693,545.8635911771854,953.748423464374,914.4661329607085,693.3267247547016,786.1657122060095,847.1734756443973,736.3257601995166,837.4545596538674,796.2454988520641,824.4909503185797,760.0454731647684,943.9354372166387,583.7641664045497,752.9129348504429,551.6622371544548,608.9081544408572,643.8263686166135,630.5351076199075,725.2854029940679,1025.549320250657,785.4491006186297,681.6597849915763,725.4087030273541,784.9132882154063,685.9343416524157,879.2833222215529,564.6308670963963,975.7629246660065,871.7225447414893,1002.157502340992,882.6447343341682,755.1403548451639,679.6375411164465,802.8755934988579,908.9743717900318,532.4176457420582,903.558394282602,1013.378233086658,771.4997627842496,695.770280117843,802.9015057096008,647.1388069650684,746.0537753863526,606.6357641776218,833.1640986391768,712.1122650477429,817.8296829088889,1062.888107189463,883.170659588595,1382.30889953273,1013.253816105042,882.7574956179586,1414.227203524345,1134.886590866457,1102.322829414907,1057.003778105576,1131.699062422122,1483.7874347866,920.4285271734265,1089.485782179084,1148.041022413171,1093.69127843483,1102.999562698077,1440.132951707329,1197.700722731942,1376.987966785594,645.6196968782384,835.5422314323072,811.6600801233787,632.9053481647557,555.6031880308591,767.153763793738,805.0224003092276,684.1464791903728,807.5916852024587,805.7255318791757,563.8805900676726,538.637226836145,567.0703968725894,769.527696200909,658.5655336993681,849.7768825501239,762.5518028617271,771.728245800745,577.4525696662527,512.2489394962724,697.8483449980188,725.4034359829302,643.2994383231805,566.033476235247,649.4061866185026,657.3656680882514,524.2363316507464,839.0618038389669,548.6860132659286,720.5398048440073,535.956895111112,835.7070845846188,640.0620449680599,471.7714358291846,699.968143419045,478.9089263694304,824.7603336476321
128,361.9079724541854,373.0648231205211,458.6793383794118,216.5180784501116,95.79663922416694,147.4884987059932,81.33507721248111,400.3386100686932,246.3852432000609,121.2665453847612,381.776282344819,400.6712991022777,271.1171804407646,167.4776761881969,91.62287370748824,113.1118678735906,495.8843017712754,411.7429710050876,316.3650519712564,45.75861541618326,400.1343861384634,293.7105349419671,120.4665022219464,332.8779256588012,158.6006809143976,414.2319406119634,192.7446098678976,276.8029229411985,324.9259731106065,155.6989297778686,182.0905162555024,194.7251861613136,61.93355345990928,205.1697516544674,175.7147211543754,198.8445935966057,387.8397992930105,152.5486539023236,78.06632930008722,66.37649476489331,426.978743591376,354.8611274492381,461.9726196001031,297.4695155710604,376.6571056406627,175.921853991664,257.3916808623325,309.5952417432644,208.2135722485909,295.9042754378734,241.1504160921964,209.51544057403,405.8653458005912,284.7799279320614,210.7637319761784,249.4418748704049,0.0,288.1467185230641,223.2123089391557,265.6938112338981,146.074253698602,39.43924056820745,351.2107861494379,206.3287496990004,169.3731076066395,96.42199541556928,131.5489395611041,156.2403112062174,356.6521061090748,296.7075899946053,230.4593289919269,197.8620289869363,426.1880052023931,232.8416869790993,253.2404378777701,28.1053016832124,168.6747035463752,279.5587311808312,340.2783751160783,674.8546224013791,569.3215819760729,612.1072811571227,686.2797762878953,801.3287152638769,663.4012843861536,749.2306228878454,741.2300424719347,711.3868088366784,715.311407594544,843.6949224114996,664.2907863346313,831.6900263890093,584.9528860950912,468.6190557511923,775.6548552188458,657.1460683737746,488.8352166439087,602.9892111364705,563.6861297698232,420.8968055728462,852.71235596737,817.6653504396542,627.7095628122931,690.4850752931173,718.8751672651769,638.8754133231425,700.3406780461057,686.8198617404586,732.681874637455,657.5729597667687,795.4266660220494,456.4179084714035,691.2565744056229,492.8721124940709,476.5859771552263,518.9390353378221,541.5459840401599,575.440283051526,914.8189055995764,639.288966258123,549.9977809266159,614.3020333893354,714.541710716507,541.1760953898072,718.1240546992293,465.9989823985543,863.1079801382467,703.588280695961,877.1918395120136,769.4565201353319,623.9122378806806,561.3302756786287,639.9910159596767,782.2015827771231,450.5127071580965,758.9770050213403,895.6040179414813,654.910212877278,596.8357213504061,646.0601634003244,508.1772584900738,604.8032752366256,489.4484241329837,717.4117262516443,655.5407124011294,739.3701646703522,830.8578930852194,672.4762825602955,1165.382761954204,804.8731801770542,679.5227460087691,1197.38967439511,928.9697136786887,884.4065756375994,838.8799912613167,930.960337811908,1259.182634447922,704.3952746180161,883.9394061799859,930.3192649638644,882.9731552680623,876.4467569122515,1238.260474230125,978.0984476052854,1175.73089131449,475.4658330455707,599.91216749036,588.8938058096559,425.1913640162995,306.842282171598,574.3810151030021,588.6254177479038,489.8236763087293,571.2493710858341,616.8300203421677,319.9820903211574,310.8529775216471,341.170596286568,594.8611714395225,455.2525152897236,610.8025531792407,546.0028735216696,562.5493822098042,407.8432414230251,306.9921578432138,512.8748335500289,538.9732967995742,461.7073969108093,389.1306395843744,420.4253328332278,437.2434345944672,279.60909900987,660.1904988623651,307.0811136064724,503.8264938222463,342.8910124895179,634.1284897247752,443.6019739761218,249.148145272802,495.8206906986911,230.6652031019563,593.7343927551957
129,465.8606952913486,334.0518209849561,398.4081306546924,219.5231925428483,313.6384234325619,241.2222664047614,238.9265873232527,295.5044509410267,213.8915054502083,389.3400269804698,462.5605682966207,446.5233801020332,173.5664117970884,438.4920248908757,259.3252503730294,370.5464879336948,431.1911395871506,283.1590096030615,193.0743819351856,265.2154682965368,333.7471283177434,246.7589279580575,334.6240521470107,315.898989101878,445.9831630426818,428.6734346130658,352.1257835249793,395.6452751719489,347.3037157030167,412.5764011522143,466.266645624254,442.8998101946638,283.7372899631062,431.4555074259723,453.3316427927533,175.5162454367524,424.4255033164914,388.6998374291928,330.9005396437613,348.1537756327768,377.9149660683428,232.6212640811452,355.9203393511045,296.2711302947483,88.6527557256058,141.6897946638346,141.6074454612686,31.5895185892547,86.30103791783095,67.33984544394126,70.80559218916008,129.0681112297034,118.3911023725639,34.17596237785595,142.9274253307812,128.0184360525267,288.1467185230641,0.0,73.30757307322804,38.25846255905829,179.7462226750437,249.9568193902862,176.812631912835,82.14888941250369,120.4411784261688,228.2208903992864,157.232281212496,151.1194736192687,166.9488585554392,68.51443183585585,92.66370876213865,109.4692312887814,139.5518582347921,97.5529480991045,37.76529661311892,311.870239550803,167.8296208161552,93.0304336442288,53.85492502170811,746.4028772247533,565.3862943914612,600.7299774195911,718.0429977889688,825.2397208938781,648.9051981740125,777.902114029573,784.2765672541633,787.8011649954863,691.7129014490537,868.7286429895498,626.9357199278284,839.2781179938887,532.4657574816256,438.0676557125163,824.6904218066722,709.2097879794815,567.3592025949667,689.3451522939005,529.2805565340255,466.4424650700682,851.8585013923724,811.7407994807566,585.2143495703375,685.5081342446781,757.6153572861838,637.5421649648496,751.9307345321907,700.3451364313484,721.6918244269774,662.4552470378378,861.3860369904822,503.1208118790738,642.2937324581712,446.2977946046242,529.1799639034649,559.1448316932668,532.1492449508725,648.9393940522405,926.0663723535913,705.4359621635897,598.4175943414347,632.0667565201722,676.1624738475871,608.5759306070445,804.3184278612138,472.9316994103316,877.6779724447953,800.6354493451796,908.4047465474173,786.3257318556047,669.2183514350947,590.7309732320128,730.733956524756,817.5127689265831,436.113501325887,819.9624357966646,916.6650912678765,679.0083930508189,598.7223628789973,727.6352055317565,568.6586902528378,664.9209883108864,520.3602756408794,738.8433146696538,600.9404450753435,710.8803367114438,1037.173763934649,839.7049806017883,1337.444762133847,965.4583572227941,833.5367910356684,1369.024130404373,1083.386879186514,1061.300502743316,1016.800959478892,1076.363842362398,1445.651935238119,880.6705748757728,1038.316054945922,1106.258508148253,1046.564359470847,1070.496076178913,1382.495614983552,1157.086354796107,1319.417409716556,583.1386187622463,818.1598604615295,780.4862452478177,595.136550067473,585.3871894565202,713.6939027025642,768.2123033316183,634.6739671272425,791.7603794761384,748.5943638096566,605.7286864614089,522.7706280523877,547.8171231511834,704.8529898926489,616.4010993524897,836.8493877446865,727.0597671108484,729.9106207536431,518.3256914638757,479.8910708710676,641.8257244139489,669.2570813535671,587.5605383006049,511.7791046808233,629.4908242669188,628.6357347306727,565.2236093489246,774.8649526729528,594.1292703917818,686.5135385266841,493.6364278524604,786.401252545642,593.9482932980787,455.926224257917,656.7405105758752,512.3485339564863,801.9343309623658
132,452.5091904844332,351.0196189449834,424.7585778300563,209.1720011440477,263.4832011868546,207.8038927844055,186.9296875488245,328.6241269788878,214.4053377797891,332.4007277112466,454.9555155788577,447.1759236714872,189.2456988475522,381.6002076065946,211.0220096870546,315.7194932400073,460.0255719596237,322.3980845095982,222.0468249483205,206.9635218345695,358.3699425223929,257.5984277576617,287.1587331207569,325.2471718953486,381.8062549011297,436.6664684331287,318.4648242716307,374.9722738308194,348.3031744694838,359.1983869667666,404.4204241868848,392.5837327299027,228.9585907872596,386.3644104358473,394.3343662581597,161.3674522299226,426.4336949365662,339.5962421868947,275.1694570295722,286.393752357123,400.2808391286492,265.9706698646655,392.6787522830924,299.244882000239,157.2717557563245,68.7263637256957,156.2813636504024,87.65360024108465,59.35841604823568,118.0358570988015,79.52837876949945,63.0143967964125,189.7566192895761,61.69072021282958,134.3314871425327,80.72058357612161,223.2123089391557,73.30757307322804,0.0,73.37309215842359,106.4506064840064,186.9690857751082,221.9661025137158,27.98605558630582,54.50926188685285,155.7414360744803,98.25021798812597,111.730438072271,216.4909569238059,77.76384661028851,34.33319176636279,36.60596769741189,211.4715285189565,101.248419983782,53.71986958723208,244.9447949804274,139.6854633114156,74.20795673829103,119.725150871219,748.2798729892548,582.763442793976,620.7943659006141,729.5116593356686,840.1313365322702,670.701304277031,791.0157288924465,793.883291647651,789.0225016396345,716.4752167797542,883.8290454508847,653.971315855611,858.3570545501749,561.2345772375149,458.2458040352329,833.3060006560856,715.434368663582,563.8790884157298,686.5255758248657,553.4169010987296,468.0271641186652,873.1405987010944,833.8110616711554,612.6962588257505,705.5861591149043,767.9334283593541,655.8537575009641,758.9388652521747,716.0786020469383,743.8181458507737,679.6864267455036,866.1548016758769,505.7848454370105,672.4467949940803,470.9676558682077,531.1936823233965,565.1822525957922,550.0314155778855,648.634611813075,945.1270398087185,708.0357566604966,603.3699010305149,645.4927099728471,704.2914755445925,608.9516810525199,803.2558151779788,484.7235970097709,895.4534888471491,796.7382318447924,922.3776331740564,802.4806483604102,676.4449636417793,600.312659399175,727.4759079857206,829.4770018603579,451.9861482216453,825.5093776197947,933.2276801267138,691.7402619791392,615.420304074222,726.6722389397869,569.8017588782675,668.324132572928,527.6272305870069,753.2091243863601,631.7254945216871,737.1281378886647,1005.405955410316,817.690023271237,1317.017096007981,946.3415350269306,815.0458183713436,1348.829778612354,1066.755395846633,1038.24695961183,993.1917784559096,1062.162553501599,1421.352906054065,856.5350284385787,1021.415046985694,1083.721723137124,1027.166036644133,1042.53791112344,1370.08209497696,1133.927628356967,1306.910305881171,572.6420919418082,781.4674631307826,751.1377659286162,568.8851390591019,526.7695573792843,697.5929857311439,742.0569981885944,615.7626771375199,754.1862370697866,734.9816526515734,543.0691364401288,483.92274086487,510.9171746655299,696.2333750227177,592.8827367928316,797.9334955820057,700.0081423759885,706.6025730227561,505.2608572195484,449.7653307655893,627.1744249250463,654.7758788471209,572.5232566888985,495.4127212767281,593.4040302438974,597.3431537959714,502.6360840603643,766.0708495859249,530.2829246635816,658.4705548019392,469.5541209204774,767.8516436884802,572.7595739506075,416.5119069945751,634.0327008461652,451.9655640091234,768.0628702621615
136,427.6022623589641,299.0243941376019,366.2384027435992,181.316969150004,282.4215020828175,205.7302968755245,209.5222849001253,265.3771316868134,175.852731167871,360.6248498465476,424.4328081772304,409.0100837774199,137.1346425977859,409.4673434627688,228.0314392127021,340.9001024830109,399.9580816815395,255.67463582439,160.5396774678813,238.5162934750655,300.7944161453378,210.0733120723889,302.2070185733338,279.2793130455569,421.5715571206662,392.1279253243109,315.9025383646058,357.6604184857409,309.6665588291067,381.9976510734738,440.0472876856915,410.9045624099511,254.9173599780501,397.7052390607219,425.3894420840766,137.754691402873,387.0328294992357,356.5166234004597,302.0249546065069,322.641018679745,344.4561426228898,202.165904899636,327.6006983953345,258.7156124650587,118.0300272705632,139.4304494443462,104.5371844260204,69.8426447298532,57.69019971882857,44.70245383062905,33.34994676722744,136.1031373629116,142.3262406378435,66.16165561440754,105.0252060475588,145.9703073316017,265.6938112338981,38.25846255905829,73.37309215842359,0.0,174.3324415464022,226.6021297090074,151.740747265761,68.054407563235,105.433113268345,216.7221869298431,134.3483285817029,119.6099381634924,144.6659235060024,101.2618383127824,103.1601420925848,108.5974862874637,161.5024491724178,59.44019726142261,19.65869580141479,290.9185784617164,132.4490710252503,119.7230381352675,87.95109861620817,709.2891527715044,531.0067620784512,567.0955113963934,682.5027848254109,790.5201636668917,615.8130590963686,742.7521544288687,748.4200526579044,750.6244816625729,659.5574345898751,834.0850550949117,595.4421059563144,805.6060379278276,501.4261005232328,404.171716290873,788.674616443101,672.7077598564954,529.5624623222034,651.6752768497529,496.7122419986775,429.059024445648,818.7992915227669,778.8791516340558,553.8144433353314,651.9759480629302,721.8770361586411,603.4910228547586,715.5876817908247,665.7242108124002,688.7708514461576,628.1591917503439,824.7423314793515,465.9134249201267,611.9090974565404,413.7229845261455,491.9198874414928,522.4788931348634,497.8446455148525,611.5046726365687,892.4431888697907,668.3939453578216,561.6265649506391,596.8555127215208,645.098237461005,571.190425922855,766.8790059731461,437.1583863493625,843.6920987440087,762.9123655211615,873.5258242153054,751.8766800312043,632.851124857451,554.7037003214749,693.042098387783,782.1458999310861,401.1382944160874,783.4199507376748,882.3989128577161,643.6957826126064,564.221694926949,690.1721683323439,531.3307118108318,627.9616594841108,483.8435160647108,703.9401165006026,570.7355644400026,679.2200792555941,999.8531659732662,801.5894527396338,1299.228343558542,927.228910746889,795.3033606389808,1330.800875525991,1045.128423325401,1023.203895704976,978.7399653474832,1038.128366839219,1407.586805468361,842.6653601818755,1000.058016747762,1068.132034446752,1008.336436096073,1032.748197083656,1344.323502069668,1118.984730076404,1281.238857132949,544.9447304533016,781.7035991141302,742.9736410413528,557.4133374301583,556.7460784660198,675.4372369056281,730.3900647396475,596.4765490549681,755.48916417398,710.350927508272,579.579713580614,487.1049214239077,511.6936957388808,666.7683346668696,578.4412605995982,800.812743244468,689.3352979044416,691.8923780153182,480.070774895945,442.7445956998566,603.5677455671794,631.0004701137309,549.3027399175023,473.5434657513774,593.0940671621631,591.468135351851,539.1404989025782,736.7882028724083,568.8904136729265,648.9092443334404,455.8036435400335,748.1729791387205,555.8570825485741,420.5550767938036,618.7104115005384,484.9850551696076,765.0129070661001
138,456.4145104286435,401.0751177343356,482.6288251038816,239.753869939035,218.1097235812906,203.7413813149589,150.5510496292658,398.1266794011797,257.8168750576339,266.6200797771049,467.1487887746696,471.317388923285,253.1163125113539,313.5222502619014,177.622717648037,255.5646935948289,519.689044892653,398.5312090449943,294.6694151676072,150.8028971311144,417.0195108503935,307.6524989404764,244.7763390223064,367.6717270239395,297.9532554298899,471.1309361165227,298.7462679255748,372.0584183291718,378.3738772451621,299.4271849789371,325.0709070701481,337.2315118609883,177.8259044424897,341.2691367942914,321.3638730293725,197.6233667878058,453.3742864132498,289.61221215827,216.3037454769741,212.3819781721733,454.3645081670795,339.26691516237,463.5421445043877,335.727761743505,261.0722015664587,39.00253347353983,224.9586389170359,190.7089110467863,131.3444966982817,216.8300015027598,166.3927673704067,67.02611658306083,294.7784319276078,163.1717627972119,185.4155636870754,104.6066490094239,146.074253698602,179.7462226750437,106.4506064840064,174.3324415464022,0.0,121.188670104717,308.7228986806167,106.7469754286459,74.38113381051421,55.94116084310429,85.28126754251012,130.8311805597114,307.0324869910382,163.7994156412262,96.95852157550009,70.62024393073814,316.7589541203261,175.8144349994594,155.7925288410155,159.9802046283733,163.6060953060378,140.3799658428431,223.3676523486084,766.0089945888413,624.8544291017564,665.5640036695764,760.860505777455,874.5986263768843,716.8049113228163,823.6906072277434,821.7068559544671,805.1848414395101,765.7218305025357,918.0804802088139,707.1063904976929,898.2852763296088,618.2744584505969,507.4394955329267,859.228001849919,739.8080506455224,578.052507376724,698.6949289640532,604.8536546938609,492.5699921356507,915.8694302482381,878.0193184022357,667.1155664662413,748.8660303450714,797.1109864251662,697.6552383124596,783.6818127201694,753.412671189732,789.2292509569979,719.630643178626,886.2863300960507,530.4016549980332,729.2479648694144,525.2775461825349,554.073707515828,592.5899785218546,593.5773855708627,665.1740545601405,984.1539344839798,727.4810685324125,628.3011407903721,681.0034140408736,758.0556150045842,627.3736284745845,815.9555649149765,522.3058993578455,933.2226468162715,805.461715085522,954.67841522892,839.1326991136492,702.9216232263138,631.6374440695438,738.247236154982,860.0719438456753,496.0023366701284,847.25374933728,968.9676165405652,725.4447258349317,655.8969297908598,740.7416207665498,590.32509536361,689.6592992602137,557.7956661196826,788.1253232220907,689.9572949741291,788.015885494346,969.6576428111133,799.1417073249685,1296.555929152627,930.6511957208153,801.9101501280688,1328.552237325829,1053.680186603897,1015.698052894578,970.1959458112776,1052.757603291542,1394.527581619307,834.209270148872,1008.330590178595,1061.587212121567,1010.267227857477,1012.413663326314,1361.300165978935,1110.46907968715,1298.329679437507,576.4035052998414,740.2681924874222,722.1561595972732,548.6950568881995,451.2495133070417,690.0305403394842,718.2468228369531,605.7417723268818,711.9309768016255,730.4566201991664,459.3805920405744,445.6895067078979,475.0809211059504,699.8122474745586,576.3333958337807,752.8979877397708,675.5304342765744,687.8505496263899,507.4228577195157,427.6060154968999,623.3219482977308,650.5392944937018,569.5365065774919,492.9960748492318,556.6025233708773,568.3084339680156,419.6720081812783,768.1476741842162,444.387482701947,633.2460629003346,456.2609952625454,755.3398994799155,560.3877751816177,380.1391191406429,617.7229380564283,374.4669864867759,731.6091045048742
144,355.3979065813405,346.62234935067,432.1854837660509,185.896940311025,99.03290800945615,121.8370068786133,52.57083924542398,368.3172844468299,214.3564044985906,148.3666194493491,371.968153563774,386.0175335951138,235.1832641076011,196.8590358851165,72.37788461814642,135.1742668302273,469.6358284420047,378.0942359851485,280.6206333207447,31.40760268209095,371.6292287322867,263.1660044758875,125.8120287973649,307.4542813760376,196.0390879669125,395.5593229619777,188.9000523755682,269.6119979258936,304.1965091957532,179.2855550180695,217.4988599659224,216.4186243268076,58.54361962248548,220.3496944512982,207.9725169913761,163.3874172770603,371.4571225451566,168.4709949857087,95.31781040101309,99.42976030324452,400.9663952462981,320.3444790285827,431.1096472409589,272.2861526020552,338.5837391491876,145.6740457844105,219.7413265385421,272.3343666785231,169.0256644519997,256.4656090103413,201.7374419917384,179.8332946939562,367.2769770893498,248.1553199822303,172.922945439974,220.5717908542611,39.43924056820745,249.9568193902862,186.9690857751082,226.6021297090074,121.188670104717,0.0,313.6309684465111,168.5816981162658,132.6000409269654,81.95023707017536,92.84587385672971,117.147140767309,318.5341960673895,262.1087878922097,197.1427884728041,164.222629222632,387.4211218615228,193.5427204232363,214.5654593074059,66.50264529117702,131.6146864006053,247.0956940406791,302.545231358356,668.6853952356599,551.3557133087742,593.7765060065608,674.4835707582902,789.4466089406891,645.2713316470722,737.5873663680363,731.5220412048468,706.2962450769377,696.562783641823,832.2635902167186,643.3866355553133,817.8389841290468,561.3816080186091,445.6368507785216,767.0790256710868,647.9193968028701,481.2021280861064,598.2984752477574,541.9028158372273,406.7550076551981,837.8979618614649,801.9587357060634,605.803349046421,673.8373467359177,708.3631701619094,622.1438261450485,691.482892657278,672.5518465451075,715.6613936137179,641.8578540561804,789.4543012372735,443.303676582325,669.2595999098061,468.5364687488593,464.7654005032419,506.1189396167962,522.4658447268579,568.4077189105316,901.9721329366678,631.934913026889,538.8648291879631,599.787532073586,693.9986462963492,532.7177565400623,714.585316164977,447.6000467073646,850.3918074562621,701.6140986514084,866.8223107912694,756.3774956993478,613.3357577020745,547.6771304394787,636.4092775851886,771.742539198358,429.0654408849434,751.9958531674782,883.9606631942469,641.7308740019756,579.9998096193937,641.1183385013433,498.1294826175376,596.1445444714709,474.7740977724521,704.500190094718,632.5475703068851,720.2334310013271,848.7366365069048,682.1546458986908,1178.025691622175,814.1942491854234,686.8735702742969,1210.036439787938,937.8129034876706,897.0035875501445,851.4663864630485,938.2843157468357,1274.54905671847,715.9578035024158,892.5765529165953,942.9254656962574,893.2040767773909,892.1579811963973,1246.410699486813,991.4177422463046,1183.625027991203,472.3308968465542,619.1132221108868,602.5578791186266,432.5938158908626,340.2315165011876,578.1440614487782,599.9449751357133,493.4712623756966,590.7547162684511,619.738379860054,356.4621361315276,325.2604918795868,354.9470110835256,593.8668872436376,461.4267443697457,631.7385401769869,557.2062238182084,571.2930443958978,403.7549033990654,312.2388075908388,514.0181345218916,540.7161372247878,461.4633202612311,386.73331645909,436.026399156707,449.2422315604531,315.9782354698199,660.6565125103434,344.3188352650664,514.8962852765239,344.579079859152,640.7931409686071,447.5129487432022,260.5373482565873,502.5522838115537,265.0437256516136,610.7920496639643
147,360.5543616702032,182.1798351174537,229.519727027482,162.5271650390753,324.7783865598319,229.1538963715069,273.8948943131903,123.4144582105555,133.8390296262341,409.3870820858046,345.3417127745904,314.2243540281306,86.157690184597,452.8824364475541,278.4851413432195,386.1790557946208,259.2579599254993,106.9355772920247,52.62030839969043,310.6510529306847,169.8372196353603,125.8560180489417,334.0027565314425,181.0458286546312,487.17063469112,284.3591700768874,310.8772139261963,314.9134574779379,224.8869599913976,418.1640315415836,496.2792848785095,435.4769722249227,314.6554738480457,409.7142579324658,473.7247221916604,155.4608179350997,291.2950826218137,384.1694026575443,355.5244143732861,390.3717137202207,214.5251770021972,65.86231203614541,179.982999402714,179.1407862690969,195.8437078127019,280.4367478904796,93.8901550382552,200.1864473267627,177.6636856090359,109.9046619122291,144.6717495484934,284.6728415268405,190.5508166506173,210.9211418580749,140.7296306565774,297.7029993152518,351.2107861494379,176.812631912835,221.9661025137158,151.740747265761,308.7228986806167,313.6309684465111,0.0,206.8472016486757,234.3459141177378,337.1066338339587,239.9305089118041,199.2735679494636,17.08389345584079,245.0937648380803,254.1068856039659,253.4082982772204,194.0098216338181,133.1748609264195,170.4163817029914,379.2593119977276,182.5768698613235,269.0057105301289,194.1675217265109,600.7600587029586,402.373483397623,434.2346495996348,559.5970409483633,661.7279914223791,480.212559899444,616.7795072218971,627.2926715995275,642.4271674627228,520.271213644464,704.6708353725418,454.2991672778956,671.5819285007574,359.3631047785785,274.9871114642602,668.4885689417926,557.8608461454668,435.8447493057885,552.5383351168292,359.8736289436608,331.0271256286806,682.223164518542,641.677237526242,412.5626123553936,518.0432626720636,600.0715882782096,472.3603856747883,598.7887495521877,537.1492257893619,552.1203613254191,498.098689642687,709.8472840021943,363.6795792357434,467.7391904454665,277.8848194328778,389.6175242485496,411.7966412371782,369.2345676409298,509.0115365010702,757.9314426723554,559.4979814760328,451.514601665284,472.5491578583859,502.5721332376117,468.7435059606801,662.202163675209,320.0727579996288,710.944664745663,663.1755640157633,745.2473412286197,621.8204686553124,517.2156740232581,437.1814201620076,593.6538620646471,657.3153537094892,278.8945837845312,667.8667558552855,750.8528796710183,519.5765751298583,435.8871387302664,586.8338642863405,428.9447932651743,518.6527875777518,372.5064678268544,576.7232289737284,426.2401993215117,538.2985105738766,951.4560573356586,735.9149018061671,1223.209864354359,853.0547221685612,722.4885714654598,1254.066821732751,964.3548158191933,955.5369483547113,912.9091652326168,952.8304536209013,1338.434983267039,780.5298085757527,920.3984742217393,998.7794357947128,933.4675543017313,975.3448311879345,1252.996386554955,1050.264844177194,1190.525457826424,464.3012198657617,749.7877281233626,694.9607646490496,510.0287053984337,594.8824370199067,601.0461681999643,675.6054453387139,530.9362168291444,726.5296082879195,629.9257772745086,630.1652509482577,474.654786079782,492.5562675782311,577.91207086231,523.7905834809707,773.8144712731024,637.9105913158086,632.1185868947388,408.4114432405898,412.657732883105,528.8085368832067,554.8379402028788,477.7968345896744,409.4380750305788,567.0505068587063,553.971664730086,591.5038198973233,646.4479407033955,624.2728326852067,601.2624201251374,410.3792134004233,676.6559255340284,497.2192364926563,415.4909255239947,560.4097742899944,533.1612267501172,726.8228980667465
151,424.547547045583,326.4671846290111,401.8724037688445,181.6791601330727,239.4747479634445,180.323032232978,163.1387897154715,308.0506558409701,188.0808506806397,311.1023782558491,427.1853263264597,420.0127040307933,166.1102220576342,360.3692049602062,186.2284340153189,293.5039016063781,437.6056476565249,303.7495011087673,201.619000021107,185.8960470202119,335.3977565073951,232.5265173243743,262.4587900672603,299.4964035829761,364.5497541195941,410.3651650647232,291.3046366682976,347.0221253209244,321.3666787974176,336.5307242888901,385.7112714414456,368.9537497198238,206.439997109732,361.3071879178503,374.0939748735017,133.8698852225369,399.4376507388282,315.4959772839575,253.2102335163183,267.4712906106141,376.5992040057146,246.1102847854172,372.74177569963,272.7085560343086,170.3794207472412,74.06890753005105,133.8234905243211,103.9608253064536,33.83113321648018,110.1004301391451,62.18265946883496,80.52442258170682,200.4777411075198,81.33559629181788,107.8819941585743,105.7676285090723,206.3287496990004,82.14888941250369,27.98605558630582,68.054407563235,106.7469754286459,168.5816981162658,206.8472016486757,0.0,38.63228117645479,149.1267534350393,76.66891279050775,84.24562151634942,203.2459952035977,103.3348984815986,59.9134135901278,47.09550583170837,221.4245704355553,79.1156573742506,50.65102654694237,229.7580367658749,111.7040724350942,102.1556556773314,133.9936217831446,720.9877845435566,557.6372516031543,596.0964184237467,703.3006636502971,814.3361383348426,646.2651728921901,764.9903492336769,767.3838527497076,761.6585279454068,692.5839287847817,858.0384298624206,630.6656210386424,833.2344296279925,538.5110820060828,433.9094240690328,806.6634607095307,688.5861467458833,536.2775335169815,658.9084974530668,529.6567441078064,440.9255746762192,848.4060922174191,809.2570698336573,589.5632179550026,680.7808310405854,741.541156173976,630.7886258750704,732.1510694110403,690.5132183723815,719.3598171174444,654.4059181749508,839.0796135078527,478.7436478999254,649.8487232344917,447.5347957993679,504.0606636543413,538.4387167316231,525.0501351283184,621.2126652661346,919.9449284087018,680.8275390264511,576.4679203600632,619.6413089450492,681.1624213587164,581.6082781738556,775.7149016130808,458.8640963846212,870.0830219860612,769.0241360573327,896.3975311369995,776.9093832763895,649.7375781560396,573.9685841949901,699.8175177417651,803.2651741331998,426.8659078219395,798.5295789155736,907.6368549038149,665.739561451403,590.1291824474785,699.1650289805787,542.5531442981143,641.21473257298,501.0762794111259,727.3975240831704,609.3541499670603,713.5317947989141,978.471866261196,789.9059913806326,1289.208693954413,918.4530405582667,787.1254443993655,1321.012793210657,1038.807050856825,1010.551382459614,965.5240194447805,1034.180611976288,1393.775468960081,828.8780687888049,993.4702455971654,1056.001530390469,999.2944510691872,1015.21171678988,1342.096041105944,1106.249349066467,1278.924251875388,544.7159873939131,755.1376311661335,723.8723418941146,541.2856185996391,506.4822045259709,669.616826280157,714.5133080019425,587.8283148711442,727.9850128537781,706.99619300954,524.9423874678545,457.744097502577,484.450939671189,668.3375049375026,565.1226662454919,771.9784972407567,672.5210018785497,678.8637135434741,477.2942720351124,422.4089042555133,599.1883697188389,626.7898236335394,544.5372013552987,467.4278957962736,566.8816342705414,570.2104000501137,484.4428802111242,738.1589975425882,512.8950220972225,631.0507057033402,441.7728206727212,739.9279001777978,544.8874658539983,390.3463375057414,606.2434017022889,432.4928970898708,741.3220418751451
157,415.3644704986176,336.0298135927463,415.1276674070063,180.9442237797631,210.6820789144037,164.1389791473619,134.2916571534475,326.6345737023896,193.6347737184213,277.9991440905187,421.2421563309833,418.8312095045463,181.8593824567065,327.1712079636471,159.4503677975681,261.6031621279049,451.7095401536067,325.5429945183371,221.8473279236172,152.6001728196646,348.9059542673198,241.6689929715106,235.0665591838107,305.5051808235408,327.9324182549976,413.4324662989495,271.9758498335439,334.6130571116195,322.0942844032237,305.2486444452872,350.097455548198,339.2062471701461,175.1195445422361,334.5019746146242,339.825216904828,134.7442736828031,399.3085274667153,286.6999021266685,220.9936778297223,231.9901747207621,388.1085115100898,266.5912348855372,391.9612529943998,275.8761318459071,208.1516652165617,51.35542397989901,152.1775283023201,140.2525654216443,57.10582479411124,145.2596879486931,92.7530835230058,73.64231580428971,238.8322637926983,115.5749056882029,116.2313020484851,109.9656884267844,169.3731076066395,120.4411784261688,54.50926188685285,105.433113268345,74.38113381051421,132.6000409269654,234.3459141177378,38.63228117645479,0.0,111.3261060383866,44.95514177523034,72.17220558243085,232.7553372430767,131.2796085130032,71.86831030125796,42.10638831052654,259.9058259316603,101.5657605028653,88.99054671960724,192.0105430174879,105.0116276122213,121.6472210583673,171.2814686865239,718.1516001201679,564.3006327606437,603.9435193327893,705.799135866593,818.2245886698983,654.7350503637587,768.1043317890619,768.5700396814015,758.2902948632043,702.4194165384342,861.884146882261,642.0960259466425,839.3443285407674,551.5490847568014,443.3724458140001,807.152308609391,688.285849034918,531.5931344662417,653.8030210088065,540.250990806633,440.0028830860725,855.6689974672223,817.0957230281045,601.5089080531715,688.1135666238648,743.2283464369343,637.4451744664295,732.0700056430356,695.4139278766587,727.6170652688339,660.3272911507838,837.3557142033035,478.0012429558272,662.8676670396953,459.2682915922671,502.7078381681171,539.0149834187764,532.2673270960647,617.7005456615411,925.759282812579,678.5803032328381,576.1494149146473,623.6896684320769,692.9011227106841,578.7264016590905,771.047235770511,463.4104353796013,875.3511965274084,762.8401139011512,899.5021948867644,781.637398542378,650.1977560522827,576.2207516135057,694.2711818987837,805.5956318393072,434.0646491736542,797.3753366782569,912.1216849497299,669.1294331317864,596.1739997551903,694.8767679826177,540.3854746388772,639.6239228709879,502.6687062491748,731.3654902367947,622.9660885258248,724.0754833113515,956.9776357820072,773.8863432358592,1273.175854436717,903.6614816097813,772.9968207339502,1305.067795935248,1025.095656605245,993.5188708616845,948.2772841521643,1021.760780801195,1375.655755435437,811.6333405975945,979.699079330837,1039.167466072492,984.1963185196705,995.6257431989497,1330.177139472619,1089.020401809782,1267.030269558228,536.0680029933907,731.4767516444164,704.1350569639752,523.9256112024669,472.2613237813623,657.1967683146439,696.5027422768422,574.2603442541953,703.9222786165795,695.7748328606667,488.9314229928222,433.8773988045403,461.5224795655638,660.0070420330559,549.1407444134124,747.1412859485388,654.1654727876959,662.5003790455665,467.7446596200786,403.6674134606985,587.9028198383581,615.4529676193647,533.3675385884136,456.1046294647499,544.0460364968368,549.9526556472913,448.4708025621851,729.4323215786454,476.4014407279341,612.3094836671524,426.3049453999839,725.9160607392793,530.304123551504,366.5654093172863,590.5031290041782,397.5140599163126,719.1585172518327
161,434.9143884131699,405.2569523788545,489.4517152463902,241.1264950935197,180.6372883189966,190.1791713178415,125.7213850859151,413.5457215585851,264.5391815044948,217.5567205033157,449.5979815575561,459.841100598112,270.8662635442871,262.7960591650277,150.562064070007,209.1598602691264,526.9498408122735,417.9758060064246,315.1230394959425,113.3521164466189,425.6448273219465,315.125350746412,207.3156622017087,368.6694935240997,242.9095729088117,465.132322439687,270.1772866037642,349.2556553183881,372.3971585957302,252.0902942990054,270.8674104014956,290.9654937048587,140.3505583572083,299.2547600592452,268.9409323778962,206.0198374795947,443.7478293908796,246.7395305874811,172.0044956257653,161.3415458478821,459.5530368647082,358.5274773387195,478.4650129057492,334.7030077230875,312.7411720886232,93.11088381774448,247.0690306200499,242.5796368589165,165.8313687510832,256.0755666293921,202.1518925508645,122.9639782908612,345.4980094584518,215.4459991590446,202.5912710544687,159.9609470158628,96.42199541556928,228.2208903992864,155.7414360744803,216.7221869298431,55.94116084310429,81.95023707017536,337.1066338339587,149.1267534350393,111.3261060383866,0.0,97.71024375269278,142.5482699562694,337.9304518337354,218.8672716228818,151.5216233481765,122.3856380093934,367.1860208186271,205.0702006281915,199.7731265438544,106.1154340270005,170.6433780013834,196.2525837699048,275.055733551015,747.6317941468373,620.6797313497601,662.451627719736,749.5802429328552,864.2346904831063,713.9737096638826,812.6756035453311,808.1356659400412,785.7486999337125,764.2946889315522,907.3621395237764,708.3957435455505,890.7671626632227,622.7141095787455,508.8649686180035,844.43158670632,725.02942883203,559.7129865346295,678.0736878977376,606.1830972207431,480.8915949279138,909.814067055908,872.9999867988878,669.5159255542856,744.1857889598759,784.4167580010746,692.5828095289284,768.7633941059751,745.4142830501122,785.4477950493501,713.3382271856301,868.3631760057663,518.112542026371,732.5162688455281,529.3321085834206,540.520462376023,580.8805940305176,590.5831428452896,647.0486558298894,975.7128400180065,710.2716830756259,614.8688005265259,672.6397903259654,759.308769993126,610.5966886990979,794.7299849575352,517.0564759863108,924.3351094363611,782.3571034771112,942.7313574154223,830.1644886735795,689.5495414550024,621.5369128307001,716.6127815643641,847.7234174215652,494.7346364639536,830.3755954746023,958.8018838390122,715.7081556329647,650.4948755939757,720.7201721660591,575.0629254869349,673.7437594532167,548.0162512284156,778.5565984269814,694.4046494283434,787.3766960756479,926.5995454251839,763.6080818888554,1258.699725194967,895.7520395949515,768.7078977789906,1290.712789752613,1019.47693108789,977.6504036001413,932.1072181448492,1020.147917879057,1354.00634343011,796.9144854490139,974.2690580767331,1023.577906730679,974.575015968105,971.3720800155293,1328.203043825999,1071.800346832944,1265.444986868214,552.9217205177614,695.9592723724458,682.6835893135028,514.3537092701013,397.3949006861063,660.0621735930426,680.9353835798244,575.3959103063977,667.3561184019941,701.5834141996241,403.9722888989266,404.8030745806159,434.8223867081282,674.9912547120879,543.3210371724755,707.1491778545833,638.2123336373121,652.9001077682683,484.136147094027,394.14488475989,595.6685861180206,622.4453889729753,542.888069215798,467.7139091896311,515.1038632220537,529.9198926970288,364.4330821440822,742.1008280556114,388.7299807140091,595.9198699242952,426.4126740889891,722.683124443789,529.4541156594022,341.1557362302511,584.41140318624,320.4516729064976,689.1288853662036
162,377.8661102262006,316.2838657228078,398.5829002517924,154.4729901787914,165.7579546716019,124.4746468613652,89.33684513147004,317.7210572240325,173.2097428209737,234.6467805170513,386.102333120812,387.6276027569522,173.8356930166509,283.9048844085466,114.6356204834314,217.5450753032943,435.8206812216519,320.8837678006086,217.6563203705647,109.2964999748568,333.4392470682456,223.4275714335161,190.1194989491522,282.4456913966209,288.7869561764922,386.1569451634897,229.1874017657417,295.3737227736339,293.5487406493428,260.9546592896529,309.2496959522224,294.4820776033594,130.7103556849401,289.560304314568,297.4315063211642,113.1115507349128,369.1822807800614,241.8072910008387,177.0590175192168,191.0419321156032,369.8566672763353,261.3755940017956,382.963550982097,250.4547111660747,245.8845470118199,82.2318987185452,149.3601442956706,180.6025553651866,77.31440200536638,167.2477511162195,111.9726655375842,112.3465649029326,274.4399237604902,157.6283356349566,105.3456329206237,151.5277498273203,131.5489395611041,157.232281212496,98.25021798812597,134.3483285817029,85.28126754251012,92.84587385672971,239.9305089118041,76.66891279050775,44.95514177523034,97.71024375269278,0.0,46.63632901270329,241.5379565378402,175.7644595174224,116.4539445477878,85.14119158343323,294.6577953066353,109.5551033338956,121.7415316994505,156.5745647552451,78.52359129544507,166.5065412072031,210.1575015146903,684.4411463838422,539.616316230421,580.2857282810712,676.6463782316929,790.0890797858881,631.5236462027681,739.3618281591475,738.1050081295139,724.0856730808943,680.4777072450762,833.6269281075527,622.0859584598066,813.2744408908704,533.7551764454155,422.3439371286386,776.0093609649093,656.7236013328287,496.9371636041099,618.4806971907101,519.7976314881772,408.8852885790951,830.7007377904462,792.7855143745612,582.2378692331373,663.6314733618528,713.2587005915985,612.455334268993,700.5917111698619,668.5240950541671,703.956265618596,634.5325293110636,804.3221499666666,446.821280309785,644.5506719861121,440.6036482835024,470.8807439412125,508.6993259599293,508.301961135094,583.6930444966567,899.2476923606733,645.4282655112422,544.9069308733172,596.2180655416245,673.0472171611298,545.3372781735732,735.8297546241654,437.1937009761826,848.4032558813952,726.5261690375834,870.5041859907096,754.3649059340222,619.3899126598072,547.2579956236606,658.5373926795352,776.0670155828547,410.7269825346871,764.8718426963817,884.3724128602763,640.8948443193907,570.7351952732121,660.0845760474896,507.7151856576,607.1079237363676,473.4358414262812,703.4981547029095,605.4848499822808,702.8227906776518,912.745570277517,731.717446791169,1230.79928801765,861.9948195457418,731.7524607356661,1262.722200725999,983.9064588432752,950.7975414835051,905.4839972112952,981.2577828750638,1332.41759084037,768.9024432067555,938.5019657223025,996.5134395650988,942.3413612785697,951.9488546282469,1289.8192507561,1046.187886262924,1226.707826337813,498.4988553425454,686.8125320163541,660.5087127831556,481.389528527734,429.8325558351764,617.0082198000904,653.525285837746,533.5505876652121,659.1958300127328,656.2379041427727,448.6125227678063,389.2673443214686,417.1016616577485,622.3727248944411,507.2130947134949,702.303605790312,611.0796404194613,620.2614863285668,429.7774604684961,360.728136735495,548.4999610604518,575.9686335956168,494.1531300616211,417.0116843919699,499.6027135716923,506.2455109867817,408.106118740335,691.420686533294,436.8974726945786,569.1044750838884,384.8809143875524,684.774652988507,489.1196871548629,322.0199098198113,548.6373076634279,355.8527688716694,674.8121590568915
163,343.8625008745286,270.243954725612,352.1198504346716,110.2733881388516,162.9315808768702,96.09332307014564,90.448327806027,271.4345995214323,126.9946913890797,241.4240457975432,349.1336666115103,346.9849397730753,128.348709876715,290.0758083216306,108.5266331461567,221.3751211778235,389.3103822093106,275.4387040073001,172.9004137030585,122.1490837558489,286.8570037524057,176.9969729087606,183.50500237541,237.2459742479019,306.1268271456039,342.9500336165347,207.1367221884285,264.300632210036,250.9628755461274,262.4056731490412,322.4845776423576,291.8780742182181,135.9766132417498,280.72579360962,306.5063013798218,66.80093040639336,327.7284625574043,237.6165480878019,182.8657636028443,206.6214313767989,323.5990590776383,216.0152541246065,336.5903301813261,206.113360362273,237.3140148804149,120.8921002533848,106.3472246213887,179.453995935484,64.95037758026069,142.0125525359229,89.63301056771323,145.814102054342,261.6341620507855,161.5438144690453,60.39775396737437,181.1315641416116,156.2403112062174,151.1194736192687,111.730438072271,119.6099381634924,130.8311805597114,117.147140767309,199.2735679494636,84.24562151634942,72.17220558243085,142.5482699562694,46.63632901270329,0.0,202.7544786636594,187.1201599437616,139.3051713516107,113.4039497843574,280.1147152611458,76.93956972313215,113.3545909300752,183.6492459458961,33.50350882512741,185.702621990223,204.8288426151857,646.003071649377,495.2985676789939,535.5879852102868,634.6917093424321,747.5549951965842,586.6877196215108,697.1716225841558,697.0368662609694,686.1213371585671,635.2437855021058,791.1722661327268,576.3119284093485,769.6716563087416,487.5153538443021,376.7135260901218,735.4377374489163,616.4490360243778,459.4297642611379,581.6731684014179,474.0850329321632,368.1877524509745,786.6091584747354,748.4143550406093,536.2855976671686,619.2882809360707,671.8446219955412,568.3018776183599,660.2605971386731,625.2815382732106,659.3095458698521,590.7450843987511,765.2796394666586,406.1898141866914,598.4354218720697,394.4648212057301,430.7684562858421,467.4592616628588,463.6798332272642,545.5333370409307,855.8765834053127,606.4765365164576,504.3590886206301,553.2536997117379,627.2540905196281,506.5902613251737,698.9005284592241,393.4917117727147,805.2402617039901,690.8353479802844,828.4975301056364,711.3477284451518,578.5393990463099,505.1384471595548,622.182657797391,734.3761644158258,365.7978280774627,725.3721191126424,841.6420375233865,598.3750415078938,526.7577236264592,622.7110142493648,468.3195345964871,567.597844067455,431.450028108025,660.7896972740223,559.2210727209686,657.3951144597436,894.3933264644721,706.0970626234435,1205.456167077764,835.0362721671531,703.922582071686,1237.286251042172,955.8204556100396,926.5468324980139,881.476331450745,951.7832025288058,1309.624074040851,744.8159144963478,910.4518122828324,972.0404417015191,915.7879882310331,930.9662568252891,1259.993426267666,1022.216497876239,1196.828466835535,464.4927125590568,671.7324328465639,639.6348783999712,457.1549805021195,437.3981530419001,587.129345814328,630.3336598070712,504.781432302876,644.7668957671617,625.1617180891038,461.7367025502949,374.7078962530803,400.9584073696612,588.3965042207449,481.26312096635,689.116044235497,588.3071079136088,594.9484142342484,396.3937422605155,338.1633123992783,517.2737956465579,544.8587950140325,462.6602328622585,385.4111250579563,483.277319594378,486.0248179304553,421.4314567293947,657.9473717005088,451.9046214680386,546.8130036324583,357.9847563312129,656.757647648068,461.431971090625,307.4110824709118,522.4601324949886,366.3754023066722,657.4297205031262
166,377.3044052581491,199.0504995380863,244.5222347665239,174.6149908037613,334.3738979626781,239.1373536742479,280.721586886816,138.2332480145751,147.0335844553688,419.0334005175519,362.3288526729669,331.305310288747,97.2141409413236,463.2427934903447,286.7702632568721,396.0004326448147,273.4328952123732,119.6608137976569,68.23039968797671,317.15653766667,185.8798423562135,142.0738819227687,344.626747111634,198.0988272134939,495.5741538883656,301.2907829042053,324.2258560701129,330.5944905671948,241.8019861962374,428.9857348217462,505.6427400651662,447.347677802238,322.4803788902344,422.4322068922841,483.7339385508389,163.6299444847308,308.3770829721557,395.5141209959712,364.3486278024412,398.041528440996,230.4328204451833,82.4775783294897,192.557495587138,195.7012782825612,180.5782038898226,277.2439363997116,99.78169328407195,188.7115720324267,175.6911561942024,101.2313435370296,141.2748127989741,279.4698603470082,174.1112976586027,201.1225759007765,145.9319470664514,290.3400161108057,356.6521061090748,166.9488585554392,216.4909569238059,144.6659235060024,307.0324869910382,318.5341960673895,17.08389345584079,203.2459952035977,232.7553372430767,337.9304518337354,241.5379565378402,202.7544786636594,0.0,234.6906499366812,247.7322002591906,249.164105843285,177.1329106564013,132.9231078227265,163.8594470210375,384.5945731883572,188.5839646953552,259.765606876332,180.7440467463392,617.3922154349948,417.8951240049541,449.2292177980359,575.4356064672352,676.9496125853229,494.768859239983,632.3104906300714,643.2129138690984,659.0510439471167,534.1734555828797,719.7972726577141,467.9233924973733,686.1733949923191,372.9566204375386,290.7435241104952,684.4494235722119,574.2277980029835,452.902400610568,569.4745495407136,374.4466109846704,348.0823234680169,696.4367070541809,655.8219824748273,426.2299432554295,532.7868534637485,615.9614629136513,487.5089056197588,615.015812930066,552.4999816060284,566.4335662912495,513.335298070127,726.1190623223556,380.6547121457832,480.6308398661437,292.8309173552971,406.5728835720118,428.4848821735285,384.8180643955289,525.8896742222242,772.4000394543277,576.1395096714325,468.1876075021643,488.3645338155616,515.8285301694873,485.645160463237,678.9447707497865,336.597529646555,725.6766116302599,680.058698002357,760.4687277955167,636.9363141686512,533.5722478150965,453.5115334441966,610.5690249193802,672.9184718550026,295.2054209815017,684.1234742480782,765.7085052883947,535.3553937687791,451.3862051929044,603.6505274444874,445.8721562786387,535.304790087665,389.2124934938847,592.1709461512875,439.1030873017638,551.8637656183394,968.1041065419518,752.8749056158623,1240.293419850782,870.1226487326048,739.5339230443047,1271.150712217195,981.4360770411885,972.5588320469445,929.9038058059759,969.8897533433345,1355.493605907861,797.4416279428599,937.4821056496359,1015.822095191079,950.5430120991662,992.2106092905648,1269.958824642411,1067.305562501061,1207.503087064471,481.3632525446639,765.7732651120934,711.4904714732774,526.3759110668448,606.1870758068359,618.0856580442899,692.3164649957754,547.8155727505934,742.3713410252852,647.0066384450249,640.4635291513725,489.2540741717058,507.5828015786306,594.9797020009629,540.3912028151873,789.6082277936819,654.5068143180894,648.9288448047747,425.3243606881267,428.055235163489,545.8335371546074,571.8841857260404,494.755199491581,426.1785511193364,582.5757858891935,569.9938313088747,601.5418060260301,663.493502445224,634.1119888396149,617.7133512079697,426.4834409312166,693.6807357919554,513.9084279824721,429.430765190355,577.1418376216711,543.4088522932744,743.0383836948238
170,521.1917350342297,400.2859049257493,466.4394913725659,274.7155873022552,341.2278421890732,282.8685244280204,264.6729171196467,363.9468871578816,273.8793984273763,409.0084053383169,520.7220590482538,508.1417897856074,238.182873321761,458.0880591599171,288.7493104348214,392.8734844948535,499.495039482891,351.6122426305698,260.8195328832951,283.7469158926337,401.4319731259272,310.8145700198245,364.9098451556289,379.9788666247478,454.673183736288,492.7956853989072,394.2218673499002,446.621117628114,408.6471023998873,436.5245138058634,478.7334017572497,470.2322277013974,306.3581353881758,464.0731592825087,470.0568650389797,227.955037526999,486.4829967278618,417.3395306875717,352.2513679482041,361.3192233672642,445.3529625397511,300.9849408444011,424.4145751761574,358.0491701719398,108.0258618462402,125.7663491598191,205.2638281861248,48.76672667862801,126.543098420202,135.8531960474048,127.945105075616,98.79563943140296,143.6313174168963,35.26177790149855,197.2140393498554,77.4812085897682,296.7075899946053,68.51443183585585,77.76384661028851,101.2618383127824,163.7994156412262,262.1087878922097,245.0937648380803,103.3348984815986,131.2796085130032,218.8672716228818,175.7644595174224,187.1201599437616,234.6906499366812,0.0,67.49142187572801,99.06104546383277,165.614483162746,155.1223956930485,89.49902769201348,316.459402542837,211.9599563434032,32.23996107112846,74.33635576341536,809.047898745365,632.2201986307385,668.1055081885263,783.6690205922644,891.7794646024865,716.5949354394014,843.9959983242047,849.4570688877899,850.2492309461373,759.8044319778345,935.3406094115953,695.2125640912061,906.6487396480553,600.8276034416303,505.247969366036,889.6209367317616,773.29937396688,627.6210059698888,750.0891989875106,597.1936872259299,528.4753264746562,919.5828790008912,879.5587671254463,653.5082517232323,752.9555853036422,822.9697821941902,704.6373450936833,816.3128135452754,766.9752936053974,789.4740151508305,729.3631320429367,925.1475073411508,565.6490856155082,710.7606544073022,514.1898373512455,591.5316486404483,622.9544384666924,599.0413198057822,710.6348243299778,993.4728523034571,768.2936956463728,661.9372401870631,698.0966686341167,744.5356766192637,670.4685137440035,865.908768432331,538.2800462053797,944.8345578443738,861.0603514267501,974.7870551295798,853.1107405342237,733.5750207862235,655.6818711585267,791.3494597315896,883.3511291993216,502.4001307557827,883.9446793317564,983.6069511805297,744.9188619331554,665.4559631449151,789.1801563463996,630.7690394473132,728.0100125725892,584.4871387784625,805.2015264391621,669.4214740548186,779.1236558310161,1081.502776367734,890.6770320029823,1389.667146958434,1018.295781391883,886.6410312522419,1421.399847290952,1137.737941455574,1111.756867374135,1066.874159193498,1132.05244947774,1495.434812511513,930.3145105508878,1092.488437339108,1157.068235143867,1099.283553714233,1117.640883711958,1439.264910487391,1207.519455825041,1376.11506149392,640.2143848406013,858.4699286079782,826.4691086499168,643.0744131903455,602.3376179390251,768.0340177102702,816.4187555925529,687.2950556715216,831.3181599610778,804.3285134391755,616.4552539657112,561.0724257538584,587.7701429592018,763.0387589764446,666.1668971383493,875.2709800122154,774.6147383323377,779.9573509069991,573.9522530887873,524.9291177897504,696.8577292120143,724.4229040032968,642.2886267181954,565.6108896193969,670.1848885451991,673.0537503474518,576.176171049651,833.0538768686636,602.8494596276591,733.3383129044284,542.8057476147653,839.4259107962249,645.1366427667102,493.671216059674,707.0803785108257,526.905749127405,844.5217234461661
172,482.6042311267552,385.2542082809513,459.0738968272613,241.3315001908938,281.5174340323739,234.3523704693424,205.5103771959868,362.5839781131562,247.9092713638166,345.1231489656768,486.2366038486226,479.8360842849795,223.5783892502023,393.9038240989552,231.087992672324,330.1173345959341,494.2959391027533,355.7795552010766,256.0549901934182,220.7204878153833,392.6935521072946,291.6956457205154,306.3449080303234,359.1039393372478,387.8550806812038,470.211564401551,343.4227314153861,403.6058030297081,381.2664124483933,374.1115674524538,412.5376683293505,409.1067733469571,244.7295094756529,405.7848215770362,404.9332606555841,193.5598371901285,459.3214353098105,357.2796508075525,289.4743434767942,295.7427176052804,434.6092307509788,299.7929392699094,426.4309303537016,332.6004213973854,165.9178871076512,58.43196790950211,190.6068929004116,96.12877221464394,93.02046825228933,147.5434199907473,113.4078188223208,36.70477012906264,200.5364594599549,68.57237337558426,167.7179782723604,46.40751383624222,230.4593289919269,92.66370876213865,34.33319176636279,103.1601420925848,96.95852157550009,197.1427884728041,254.1068856039659,59.9134135901278,71.86831030125796,151.5216233481765,116.4539445477878,139.3051713516107,247.7322002591906,67.49142187572801,0.0,32.9452769509661,222.720877117954,135.5807595594504,83.87737444072812,249.4297078890837,169.500218324215,50.44029692461525,128.5476040325243,780.7144273859498,616.8817777558611,655.01933315898,763.1294021631468,873.9960999266092,704.9725446356819,824.7532479108609,827.2817646590856,821.3237958457752,750.7997648778096,917.6970092957245,688.3011815045144,892.485505210154,595.530338292175,492.5227275095184,866.5755933189421,748.4908402400239,595.6679947236945,718.2560531992935,587.7452569007938,500.7738066848298,907.3649316653889,868.0677031831302,647.0198465414916,739.791609818239,801.4191764850881,689.9928214528072,792.0614684100228,750.0460065516967,778.087907332869,713.760133166185,898.9242784522113,538.6110401149255,706.7249109656298,505.3008111512294,563.8920708367547,598.3518989661103,584.1884040461367,680.8305828112377,979.2393375194567,740.6117186640454,636.3660439469605,679.3232575760086,738.6133763446054,641.3027040246101,835.1743054075586,518.5421889300903,929.5017586803154,828.1584724968269,956.1441598849891,836.4480374283099,709.6509903503162,633.832327119405,759.0824301618044,863.0959612318504,486.0979551344548,858.4068493341962,967.189566149474,725.4898989358004,649.4878465254609,758.676794344232,602.3200063521498,701.0503808684738,560.9781670705966,787.0635050787938,665.9774819267074,771.4611734552053,1028.841238524051,844.6882012395687,1344.051386597931,974.0380199227034,843.0708765610478,1375.916639993942,1095.0375953381,1064.673666546993,1019.486064431726,1091.088368397321,1447.116040675324,882.8206825600073,1049.660357220353,1110.270397044353,1054.705573643156,1067.329050488737,1399.284839208023,1160.240357809513,1336.118508641583,603.0482086086594,803.2523598600235,775.8323144031581,595.0657417751404,536.9069635484655,726.4345147801429,767.8654622521083,644.0152263082786,775.6491190556854,764.3898077799174,549.7097428224633,505.6801690773883,533.3819601967832,726.8308638533888,619.8573853568973,818.7235930951471,725.5988232669456,733.3873735988925,535.2581664165532,475.0955796295522,656.5095379626614,684.1006953576691,601.8809552887385,524.6508164367175,615.9031105176911,621.695128991144,509.5160331838492,796.5423886265351,535.8368018807146,683.8156620588202,496.7615682169192,795.9265181631307,600.4785481284293,438.3927253990306,661.15210207535,461.0518866269338,791.0263183709827
175,457.1347948523371,370.7927916988083,447.5918444688697,220.1241270602562,249.2076226129412,206.2453674461796,173.5335919122481,354.8818512867787,230.1769011171145,312.1784010227184,462.4379410635648,458.7004979285925,212.1024015778379,360.9617485111153,199.4797464001763,297.2370747521792,483.5946803623343,350.8411845502603,248.5594939538502,187.8541928723041,381.1272214597622,276.4735281610709,274.2826215313121,342.1743655433822,355.6268272694078,451.6526948584421,313.746544333486,376.6630416198527,361.151607725272,341.255318314562,379.9502882547819,376.4121625820382,212.0568835463997,373.6691783196328,372.0671016471945,172.9654763671992,438.7908823407067,324.8087035957703,256.6040126267548,262.9433065297256,421.7259291403179,293.1145737105722,419.6858269966944,313.8291199298873,190.8111161463787,32.22427862268395,180.2934640058631,120.4768943575207,79.91837208784317,152.8686086799215,108.8455172022364,34.49955518088589,224.2514978146478,93.14520096735859,150.6481043394608,67.91848223195538,197.8620289869363,109.4692312887814,36.60596769741189,108.5974862874637,70.62024393073814,164.222629222632,253.4082982772204,47.09550583170837,42.10638831052654,122.3856380093934,85.14119158343323,113.4039497843574,249.164105843285,99.06104546383277,32.9452769509661,0.0,246.1919440147009,125.966885978175,89.14689603723447,217.4077674848756,145.4579801294686,83.24160287735083,153.0848076557422,758.6961093242528,600.9086688912338,639.9306281841284,744.4476396256688,856.2989524400974,690.3922245227254,806.509793868482,807.7706989369386,798.9950940869743,737.2836366990113,899.9894544896633,675.926479433581,876.3470795642556,584.250600184974,478.3199443884368,846.6284048116019,728.009783924688,572.5599624354189,694.9169263816077,574.5722422750428,479.8037105474061,892.0659491335431,853.1649752646924,634.9812801687351,724.4209292361535,782.2233991270965,674.0940634436914,771.7311899252661,732.9731737640536,763.42306621956,697.3668448629461,877.5966653670575,517.7706186781877,695.6258025533705,492.8020940873619,542.6999936684433,578.350430080266,568.5602078308316,658.4005654910651,962.933289536483,718.9382868846079,615.8314632337028,661.6201008618747,726.5454431181395,619.2330246484588,812.0886862491969,501.0053661025029,912.7862659620617,804.2139066837776,937.946744359946,819.3089760586201,689.6321480885911,614.9143241815416,735.4956316257753,844.3465835329356,470.2900366501516,837.4233340094768,949.9426838864143,707.3779000257048,633.1205543900941,735.8056944422436,580.6596697699874,679.7629576769215,541.5858153667515,769.376598594037,655.288889728871,758.5057779034373,997.871742859755,815.8734086772799,1315.129439398998,945.7260440246597,815.0921012107724,1347.028834643481,1067.195750230193,1035.373991787832,990.1080003104366,1063.860486827812,1417.313760058063,853.480403883863,1021.798564775313,1081.044150673919,1026.23965180074,1037.024398784447,1372.267834277656,1130.840817553572,1309.119394628801,577.8088459758097,771.6730897564496,745.5621012647136,565.8145118938453,504.1051726918727,699.2875517498055,738.258663406821,616.3667321160656,743.9655274330582,737.8111175047662,517.4316752366724,474.2242939368935,502.1829676133571,701.7324068052355,591.159353615921,786.8135251794284,695.8756047538534,704.4689915568744,509.5834371730535,445.414259977036,629.9324175094337,657.4890784756278,575.3813558762258,498.1152512573015,584.6672741589406,591.3199818507406,477.1779113544038,771.2253051502698,503.7889239452163,653.964835367877,468.3758101472739,768.0154110078522,572.3974528187157,407.0424649267735,632.5333218751246,428.3488846224396,759.9110785489253
178,546.7949752960399,376.1767947690097,416.4492206255483,315.7460877920715,441.7776299170865,358.3877361598251,370.489676763022,311.2475560169183,297.9423469696356,521.5381071772323,535.2249469972727,507.2237081320226,246.0671738277943,570.1417296633939,387.6561297932171,501.327689432296,441.5024826806981,287.2578226062822,238.5767211813082,400.0176754081785,361.6769230465572,310.7781464477565,459.9804914619205,372.9573113180079,582.9024480143594,478.3616574372643,463.4698763162726,489.7319013882001,414.3781297618486,541.562718767058,601.5410698069745,568.682179809289,415.9898772654954,552.3357722493762,586.5459130219481,282.397099845965,484.2668680274561,514.2861921426573,462.9701104206843,484.1094912754288,405.6359998025289,259.5504667305167,355.8241930297418,365.405935745335,57.65635820207445,277.91472065341,225.3440152445551,126.625282846119,219.0996033330466,143.7252614093133,190.6051954125801,258.7787190332075,22.21797443804396,154.2662580346995,251.1342936258866,243.0787179837912,426.1880052023931,139.5518582347921,211.4715285189565,161.5024491724178,316.7589541203261,387.4211218615228,194.0098216338181,221.4245704355553,259.9058259316603,367.1860208186271,294.6577953066353,280.1147152611458,177.1329106564013,165.614483162746,222.720877117954,246.1919440147009,0.0,209.0495428813525,172.9556424846644,450.6198222430436,287.6486795256297,197.621993498078,94.21224180591952,794.2415239965155,590.853852431015,619.5711004248247,749.4276828503699,847.6820133752371,662.5894174689483,804.7428921376426,817.4792091615744,835.8754020364709,698.0615601168347,889.9125868336089,630.7537465077288,853.3339946156276,536.7053179519434,465.1618626510422,858.8531796568379,750.3311490452347,629.2821215597887,746.5314536882488,543.203601438411,524.5480603213903,861.3034165605452,820.4492097541732,589.7322895961771,701.4191624633703,790.1253990493241,658.4422174521178,790.5899942698427,724.2209882711285,732.4996387795492,684.6103755051402,901.7988139226089,557.6191145297894,639.0083207351797,464.0328072329926,583.5917495892348,605.4721297957751,558.1675857299115,703.0155464587975,938.5484664489425,753.0155212206769,645.1424656124683,662.4116447731651,676.0319588338937,662.7533275784957,855.9936207263129,513.2921148146344,893.5327188042968,857.182142119115,931.0239696278921,807.2007289975224,709.6649312874786,629.5769705349785,787.6608922003696,845.6379033615542,471.4010635613634,859.7673969336973,934.1777744934012,709.1490013728755,624.1270445850918,780.7744234959704,622.9469584057673,712.2089100532478,566.2330858076153,764.2735819462479,597.8422515766922,713.6205180240554,1134.063958284449,924.3093958514671,1415.202500882995,1044.136915267349,912.906876490436,1446.229037652006,1156.975088461417,1145.105948941853,1101.844709317975,1146.116774231599,1528.934310902675,967.9127726955028,1112.763538048112,1188.89966464556,1124.85963144902,1161.594871472862,1446.93676683641,1240.296275853916,1384.424227189079,655.5662368530086,923.6947278900392,876.4609780858233,689.9941209505702,717.4665222505142,791.4461941887685,859.8484421373348,718.3014631052589,898.7146296290151,821.8443395152138,741.063946681499,635.0401163380444,657.3001693907994,771.1274793540157,707.022425829972,945.13064273638,820.5766758801187,818.0498709243631,596.7723911176261,582.6982881865636,718.9623057852209,745.489396318217,666.7004082675958,595.2339352624911,736.5658130642273,729.5565496430552,700.6327714396833,839.9683546527444,730.3761326732579,782.0598236979406,588.2900429275668,866.5751972867816,681.8222421767116,570.2610116257581,745.3621191180421,646.2834147186326,903.8648224024594
181,368.6036219630093,250.3157179236833,323.5529911316742,122.0074983429705,233.5443470102322,150.0747106648775,165.6367410085455,228.9467769646343,118.7571886884465,315.1292421272678,366.3434120618223,353.0511947546248,88.01869397677355,363.0308164902676,179.9678912207197,294.0389775544954,358.9702276882614,225.3389170106048,122.5999826622481,198.8192168443998,257.1409070442999,157.816415022327,251.0117891005753,226.4522090188755,382.6005948727184,338.9009310351336,258.4611534452795,298.2271810977193,253.5576205624795,333.2176702002586,397.9505668123796,359.656395084978,210.8578769741239,343.7527735060353,380.6000792141566,78.57299940260515,331.4786020383345,305.2795946906163,256.9869900209399,283.1120622027188,299.0767280834174,167.2093948890105,293.7212649238378,203.0958861558663,173.0954795348095,149.6890770233473,55.06605376434352,129.1201359215314,46.35499494786499,66.62443778228658,27.40395023646397,159.6381130661822,192.4044448236577,121.6040152578528,45.73955531649616,181.942873012397,232.8416869790993,97.5529480991045,101.248419983782,59.44019726142261,175.8144349994594,193.5427204232363,133.1748609264195,79.1156573742506,101.5657605028653,205.0702006281915,109.5551033338956,76.93956972313215,132.9231078227265,155.1223956930485,135.5807595594504,125.966885978175,209.0495428813525,0.0,65.75511378473882,259.9687977707019,78.6170588166596,167.0297216956814,146.3027075253789,654.0749755860593,482.4442738798925,520.0321884787161,631.0218671023922,740.6749026522178,569.7425928550745,692.0458079371832,696.144718636825,695.2229064103476,615.283857947716,784.3457705579838,552.7251424115914,757.9271031929482,460.0846640633273,357.2932348476674,735.9989376726913,619.0248638979507,472.5931532778455,595.0073610795654,452.2085870069851,373.4443633945497,772.3485349179936,732.8975826497472,511.4636516682281,604.8872135342103,669.8985839495056,555.4267566485387,662.2335597426858,616.2906864725982,642.8592114007863,579.5065369120931,770.5917148038518,410.7270451723692,571.3467496753053,369.7220807738988,436.547246501274,468.6082047210891,449.5679432372373,555.5232454701228,844.7435959114998,613.3935991529465,507.3782712945569,546.2651536442356,603.0624316945991,515.3792129505392,710.7872919618184,385.7108904275761,795.3124071314966,706.0398860604403,823.2453261445518,702.6607831295304,579.5377317156783,502.3250689203648,636.2893018072741,730.9169295665946,351.7701117455394,729.5375549909785,833.3917856841539,592.7865153500918,515.2897030625306,634.0588964230749,475.7197329906348,573.2083079061074,430.425872403089,653.8277034438066,530.7121284575516,635.8871257319537,940.8236450836087,742.1668466061851,1239.916971237408,867.9539514830864,736.0430754091141,1271.506070928116,986.086427456496,963.774149573649,919.3019546713267,979.3694612842099,1348.149709949094,783.2262300963333,940.9797395298816,1008.715382043425,949.0562068559097,973.4019714227703,1285.88748540651,1059.556846684882,1222.776970152881,486.4879181864363,723.5897872756924,683.7997283601114,498.0975448041655,510.1225745240473,616.3352364871708,671.0099937598184,537.1312460161093,697.5979835154127,651.5510172985332,536.7534520940638,430.1512225640953,454.1106362475507,608.7589407062438,519.0108174436523,743.1864341471988,630.0117322822335,632.4525242680656,421.1683757731431,383.9744316709271,544.5787158976411,572.0479791054695,490.2351017286194,414.2993848422831,535.1178917810518,532.6286073406078,496.6144382059747,678.7920499006957,527.5446890163876,589.6710379952268,396.4281216236334,688.8962167928466,496.4245882824653,364.113197543828,559.2702312110132,440.7273919702537,706.3918972589217
182,433.5769251742165,312.4022172010194,381.6590278467187,186.7483938746446,275.9435777521749,204.1098204765575,201.4746607818725,282.0493266005319,184.4680679066661,352.1482131144399,431.9667540567926,418.6612024173245,149.6502968092318,401.2393179762245,221.6070887748207,333.124979323821,415.8655673980773,273.3876179443873,176.358200463166,228.5320403520573,315.831274623948,221.7405281360258,296.8594737843752,290.8113602011504,410.3378229734564,403.5567422089315,315.3172383598508,361.3101849576782,319.1689311549263,374.992192467492,429.9068172478131,405.157341132598,246.4558376652845,393.7502627213731,416.3846298461078,141.1447645772855,396.9844983290242,350.9439112690707,293.6379286207244,311.9892321779258,359.057807407829,218.8773890392905,344.8978619004004,268.5501436920103,125.2216749750487,120.2639773694683,116.4389732124705,67.23200364098786,48.59021010899647,64.3535948319807,38.46200516100871,116.4625059056122,152.7166501861561,55.92071285260123,109.2550535311171,127.4774615784539,253.2404378777701,37.76529661311892,53.71986958723208,19.65869580141479,155.7925288410155,214.5654593074059,170.4163817029914,50.65102654694237,88.99054671960724,199.7731265438544,121.7415316994505,113.3545909300752,163.8594470210375,89.49902769201348,83.87737444072812,89.14689603723447,172.9556424846644,65.75511378473882,0.0,277.7468174005426,130.8367758067494,104.2000144908797,91.53095127262729,719.5497494683864,544.672445736728,581.335458856263,694.958491127154,803.7514947691988,630.4170529395785,755.5893728534959,760.4884922317711,760.7508053152485,674.748950138391,847.3710785263225,611.0517176434063,819.7070552370961,517.3412809050841,418.3568825368464,800.5358624824295,683.9720762265047,538.3464902073289,660.7476082354925,511.7453474723399,438.978533342997,833.3420891376207,793.5702905710042,569.5004095046738,666.2445097474979,734.0937430389208,617.3825798350923,727.054198032704,679.0965600580752,703.456825624003,641.8341008745789,835.7389151970987,476.1534675009707,628.0871199963093,428.8318050074312,502.0326670715907,533.5937644027301,511.6005691026108,621.167435728329,906.5554513272892,678.802636501045,572.5182214755719,609.7026326898508,660.9158325204764,580.984746251882,776.46142238076,449.5293871283999,857.5353340903833,771.793049248438,886.5823721576355,765.3638534473864,644.3245033697602,566.6674332749506,702.0363084412878,794.7461244908543,414.3917265173039,794.580076140732,896.0000519107808,656.4126845909722,577.7587652744514,699.7323938774257,541.2739056913086,638.5351524871667,495.2116827947993,717.0340123828094,587.0217120117716,694.6949256234731,1001.216827439996,805.6708836400124,1304.003962678911,932.2094660822054,800.3675374943498,1335.650267396217,1050.848129156165,1027.135117418221,982.489178399761,1044.496240376614,1411.310064047169,846.1737183322315,1005.68401109334,1072.231458379769,1013.282962632843,1035.268262787411,1351.259370846179,1122.931267267024,1288.134264611727,551.9176299624371,781.3648345651949,744.8591162686479,559.9627942443191,548.2734241747054,681.0514726246969,733.2097866620654,601.2134760265137,754.8407987453326,716.6746945204861,569.44269362937,485.5654313981476,510.8513753525904,674.3741203406016,581.8312752617028,799.7819909986391,691.8442505493729,695.4978225376555,486.239844969555,443.8454094155484,609.4962594777885,637.0086096571212,555.0492503400885,478.7817501817606,592.6858236747352,592.5557000331185,528.9511389571596,744.4058276682019,558.1981249925352,651.0709057347535,458.7713572054814,753.1814432300035,559.8830927399173,418.6123219127765,622.3964682027555,475.6049518377674,765.541603936267
184,377.9653022631238,398.6815724924342,484.1974226856035,243.7508832166553,111.5853419074074,173.7274908648715,108.9741220048742,427.7079016893093,273.8934971513153,116.4361581240759,399.5927318810844,420.9795722023933,299.2051279843386,158.4339419970394,117.0252541744945,113.8414180743194,521.2680806010399,439.4846396312936,344.4349918174746,72.58353099476828,426.4443307852348,320.7834230287022,133.5146339689168,358.1942962423273,138.5827695417711,436.4706474502195,208.9675324553519,293.8232965240615,348.3635624569731,153.0100254837976,165.0971339957325,192.7326312392577,83.96718865453069,208.4434847718552,163.0807450273919,226.9180884719317,409.0538296908776,156.6776453268378,86.1172140724131,58.62992103274085,452.3520637403469,382.7772819634213,488.9838534716464,322.7873826315113,400.0658751841013,193.0318280448566,285.419502060607,332.0958069979418,233.7463288096186,322.3428205095897,267.3565118514332,225.6932723779622,430.011386185993,306.6349289443947,238.7479689175093,264.5317216218608,28.1053016832124,311.870239550803,244.9447949804274,290.9185784617164,159.9802046283733,66.50264529117702,379.2593119977276,229.7580367658749,192.0105430174879,106.1154340270005,156.5745647552451,183.6492459458961,384.5945731883572,316.459402542837,249.4297078890837,217.4077674848756,450.6198222430436,259.9687977707019,277.7468174005426,0.0,196.749646849951,297.437352375717,363.2918984592598,689.789053173611,590.9194330616984,633.8281040287906,704.4605702055941,819.4257502320274,684.9628897060605,767.2485497740206,758.1560273763358,725.6094337291026,737.1300360387261,861.4977435648076,687.199160467277,850.8496298072777,609.1444626922089,492.6956160045103,791.8808756479813,673.9114962627802,505.0402291953071,617.1600832811945,587.10533985187,440.8778241285082,872.3772972692923,837.8346654373022,651.117400909661,711.2650709143618,736.2898879655866,659.7582187545759,716.8279756634298,706.3522212331818,753.6111898297015,677.9071430753423,810.0744229471239,475.7574584484641,714.6514194814717,517.4884901573913,495.1766248713056,537.9672401287047,563.7291262178505,591.0761594932304,933.3587823128022,654.9903219291317,568.0370636320332,634.0631018558246,737.2355351950895,557.7212893956154,731.3777622890809,487.9880172961844,881.6154817227119,715.8799300669116,894.3584385086453,788.2508640974049,641.5019702261663,580.7201987581153,653.4050566239538,799.5117311788281,473.946376833763,774.2779748970834,913.4827317249495,673.8956142713854,617.827422532803,660.3001466022272,525.7069454259098,621.3306023766985,509.5229111553844,736.1709120151612,679.4158406073578,761.3601958776878,828.7257590667315,676.8893550707671,1167.018365421552,809.3228722539147,685.595054375387,1199.001174553534,933.6136016657138,886.3278631831582,840.8655866433367,936.691011758477,1258.672114441944,707.3575422957273,888.7823189314265,932.182365982238,886.6575456227712,875.9820962772216,1243.156096954748,979.3728775819084,1180.849802119534,489.0247789810171,597.1074947190791,590.5214621625148,432.0148951176246,291.4247354396073,583.1796297081074,592.0233376435929,498.9610675055671,568.2651283721605,626.1007727543263,300.4310626326149,313.2722772475764,343.8229868820122,606.7399640115037,462.797765061594,606.5196745061891,549.6077108729904,567.9032598400325,422.2487409385891,316.0937228633611,523.5950047094647,549.2203443758707,473.5028173115879,402.5973191637266,421.1602728993717,440.6672673564613,260.3892856412099,670.9874424358441,286.4140413816887,507.6694641174698,354.0599527575541,640.7799680071842,452.7454967032097,254.5638855113712,502.8180703015541,214.5526002144327,592.6899333192146
185,313.149123219477,237.785999290401,320.4464324942239,76.78093885746394,155.4787517091007,73.4079062147497,92.5315200752791,243.3198953803811,94.90329811514687,238.1980947771301,317.1452223157083,313.8269494335859,104.1212294798668,285.4780213544296,102.7610624804938,216.5408634202182,357.7808137151816,249.6526058971238,149.5757805522308,128.6156978304253,255.7209353650617,145.3557287330591,172.4038092375079,204.1020716761028,309.440266757886,309.4466656769664,184.4890206532393,235.4036384232733,217.5044358143026,254.9266868747392,322.5444287363639,281.0412040339668,136.0309300074657,265.7481389522711,303.751093074616,35.38655462322059,294.4097383906307,226.6626194807061,180.7414048333869,210.6805414500608,291.4618211806199,190.803779711307,307.9892145625588,172.6808232905077,249.8523222222244,154.3366708026897,88.90865818412078,198.0685204437739,85.6608471357703,144.8953233246874,99.54417591841495,178.5117385029956,270.7510506685996,183.4633242742296,43.0758370356428,212.7022091139544,168.6747035463752,167.8296208161552,139.6854633114156,132.4490710252503,163.6060953060378,131.6146864006053,182.5768698613235,111.7040724350942,105.0116276122213,170.6433780013834,78.52359129544507,33.50350882512741,188.5839646953552,211.9599563434032,169.500218324215,145.4579801294686,287.6486795256297,78.6170588166596,130.8367758067494,196.749646849951,0.0,213.8440974093048,220.2214810644202,613.3058786902507,461.9014397122791,502.2867299641545,601.2512082656483,714.0644434809792,553.4331700604325,663.7057400220555,663.7136539437677,653.5538637610102,602.1550294983235,757.6852793508036,543.5727690323058,736.1892602817976,455.3264039213543,343.853610906785,702.1997271358165,583.2881718576659,427.1201711665375,549.5273143131411,441.2929089730624,335.0062555690212,753.1831936252539,715.0391721160961,503.7156802999979,585.9026708880176,638.4698537173686,534.8788028281961,627.0804963997942,591.7799447048084,625.9995342750619,557.2748610175103,732.3875164355723,373.0066880044734,566.0571466081353,362.1283651799764,397.6964480834009,434.1383072928662,430.3520685376465,512.9575658425346,822.3812733670228,573.6450802974884,471.1635059710423,519.7512156393045,594.5319725054832,473.8544409279846,666.6615470811345,360.0060224416304,771.7381049450693,659.0369693225355,795.0438084627868,677.844238524011,545.268820965491,471.689556037012,590.1758658986762,700.9603981761403,332.5592206225421,692.3709844954625,808.1425279024252,564.8886485882285,493.3068152422887,590.3534431933655,435.4169886602144,534.6289829554148,398.0241205061316,627.292773057429,527.0675069203519,624.411713085788,870.9425252572315,678.8760589923302,1178.038252094513,807.0119853432316,675.5794577997003,1209.809548694358,927.16775304465,899.8374287653448,854.9286938235906,922.4771185239634,1283.475401447738,718.3578638709424,881.8415993328944,945.1844413382073,887.9096099316727,906.0062297471394,1230.418219771253,995.5899492107485,1167.246514765745,433.5493851261875,650.5286243692483,615.0972371277592,431.1624407252457,432.2486255683933,557.9157834211723,604.5188444659909,476.244610110597,624.0166402694401,595.3406947980548,460.473799563128,354.9600484369942,380.0378972320146,557.3347979452269,454.2564625004854,669.0295211503242,562.8012873125525,568.0459758897689,365.842014973075,313.6856053843031,487.5133726085184,515.1145303349172,432.8628009613896,355.7323251559634,461.8498890137326,462.245667827547,420.5917742303171,627.0429535739494,452.1022032828988,521.6675333838004,330.8811662530654,628.3725424814959,433.5484446286397,288.2184238614865,495.2352548998784,363.9560412621868,634.8794937016931
191,526.3862129933473,416.3359021476629,485.693620399588,281.8506294187477,331.8681339023587,281.6461843846544,255.7369721983667,385.0612916602299,284.5510563935084,395.2734612563661,528.1099728170677,518.591069774418,253.4624014552416,443.9456090493146,281.0945332625156,380.4772962996091,519.6282721620366,374.5596319982888,280.1277201872865,271.0956376455561,419.9780756639205,324.7575162151226,356.5725203006666,393.4819291664325,436.0198029870568,505.8640300250316,391.791026470901,449.1752289747441,419.2944103129913,424.4963152456929,461.4440110675774,459.546994237662,295.1698025922209,456.0208494396221,454.59359116615,234.2132677175367,497.4328642197927,407.6815165915159,339.8455788850652,345.2441711569184,463.257745287054,321.8579597083623,446.8924170200842,369.4163479073212,140.1145368371626,104.4508044350553,220.1383107965174,79.31381808366524,131.2745407299402,159.1016243330126,141.1135491045821,73.47693846664025,175.7108633930281,59.10871339936383,205.4786756768415,45.91245537415852,279.5587311808312,93.0304336442288,74.20795673829103,119.7230381352675,140.3799658428431,247.0956940406791,269.0057105301289,102.1556556773314,121.6472210583673,196.2525837699048,166.5065412072031,185.702621990223,259.765606876332,32.23996107112846,50.44029692461525,83.24160287735083,197.621993498078,167.0297216956814,104.2000144908797,297.437352375717,213.8440974093048,0.0,106.5055327461535,819.8448542444769,648.6415448650383,685.488774267775,798.0402964956359,907.4240260518411,734.6151876809088,858.9808447596953,863.1539059463787,860.7874276134347,778.8832750979196,951.0723650274708,715.0150120931191,923.8089805382873,621.104724669364,522.5145696123317,902.9528211766357,785.7366462564596,636.4568489445617,759.106947616058,615.9096402878299,539.2512638637367,937.5334574508793,897.7701067536937,673.4187110138566,770.3985932252012,836.9259841745903,721.43114981567,829.0419534558768,782.8836161030378,807.6567516469095,745.7885786471687,937.0303971971066,576.8025213744083,731.6309783499756,532.9742606450047,602.4379110424832,635.3272904489272,615.6149250782148,720.6305623846551,1010.656311013374,779.3725193350559,673.9096590557668,713.1525117663052,764.7547585337412,680.7363835446179,875.5629306624377,552.6931401936216,961.539482771162,869.6112840444334,990.1148267355736,869.2014086763951,746.3835305503848,669.3429039200054,800.1789360164099,897.9229434433095,518.201513863806,896.1245057014522,999.8835279817811,759.7396635963763,681.6592889536921,798.8965954987879,641.3388301159187,739.3980060977331,597.3051797902336,820.6308270509234,690.4576308431461,798.7282164368426,1078.096095019046,891.7884885106714,1391.136807856462,1020.534531992726,889.2525897772094,1422.958651351069,1140.959738449146,1112.228639259473,1067.135966934386,1136.301730218606,1495.149596218967,930.4690958680669,1095.620853424672,1157.735669353999,1101.347225639342,1115.933150645902,1444.155591120288,1207.882845474852,1380.984201099356,646.3346675671304,853.0640635943143,824.4631833825061,642.7594330405317,586.3265680241791,771.7589348397424,815.8325944932461,689.9704951495747,825.5460909676056,809.0344613205181,597.8612678808022,555.4447421664014,582.9320591947671,769.783497526464,666.9610222966509,868.7864243290594,773.7015230500858,780.650993357834,579.1600564153857,523.3095230101362,701.2564463521977,728.8573401400298,646.6066621374842,569.5322758981305,665.46135211474,670.4794069554877,557.8164521448244,839.6813197250146,583.5232403184102,732.0642778923285,543.6617697649599,842.0590371076569,646.9442770445675,488.0976621604067,708.1417152352918,510.2175635324377,840.4458662939929
192,510.824961764473,365.8425084681526,422.8926056647067,266.5682164961621,367.4692383736667,293.5843918422617,292.7634925066931,317.3098431312672,257.144478200639,443.0576815850947,505.1999993596246,485.518756048447,211.7342121672543,492.2359323909711,313.1379829361768,424.3669062393784,453.3791183922246,300.3976675394313,222.2253127486191,318.6765000410806,360.6731672064844,284.2091252736886,388.3158209449473,352.3506639587762,498.5409071949118,464.0864832972737,403.8475974305302,443.6837916243373,387.3432210099755,466.4309997542317,519.4016164065068,496.6782815212342,337.5119083277735,484.8174839597971,506.89514469518,224.8604302051079,462.9840154532875,442.4437306678219,384.6603057343156,401.1992366286925,405.4671500540878,256.5713213810988,373.2873527461422,336.2931989600771,37.72631340857488,184.3987540476916,182.4407651043159,32.66248327375918,140.1155059117269,97.01756489821584,121.2584456250776,164.5698359715587,72.00761577299828,60.28276354188038,192.0161624271168,150.7621079489176,340.2783751160783,53.85492502170811,119.725150871219,87.95109861620817,223.3676523486084,302.545231358356,194.1675217265109,133.9936217831446,171.2814686865239,275.055733551015,210.1575015146903,204.8288426151857,180.7440467463392,74.33635576341536,128.5476040325243,153.0848076557422,94.21224180591952,146.3027075253789,91.53095127262729,363.2918984592598,220.2214810644202,106.5055327461535,0.0,782.9249988019307,593.9372537194583,627.2659476391792,749.2887459176745,853.9223187694687,673.947543887821,807.881373612456,816.3368632923718,824.5164235208241,714.4322745921023,897.1201748302433,648.4402672541713,865.1960156795166,553.4890260013204,466.1319236206168,857.1781730810585,743.5280112974002,607.4265300614375,728.490871795446,553.6581353695717,504.7899348495224,876.2428396047169,835.7455150058468,606.711993055816,711.4848957712379,789.3662079026582,664.9731110104957,785.6219419441269,729.0590057598495,746.083524008741,690.4286690213914,895.9394283195438,540.6059438593319,661.3702410956216,471.2444621498367,566.7952600409244,594.4227006799496,560.6614492665416,687.0144711056615,951.6908170486964,741.744541161993,634.0234215895272,662.602660006209,696.535462793937,646.5163986948118,842.1627999441056,505.7235603731382,904.3144918233933,839.9111355657406,937.374532041604,814.364158652618,703.1701351378922,623.8082541881412,769.9323668922568,848.0358447720664,466.9072433846643,854.2180602153918,943.9605675705593,709.6927128480162,627.4515345692331,765.7006708136339,606.4469617752424,700.9906503313283,555.2631473364673,768.2223258421814,619.8409676842441,732.4258411935059,1087.080737238439,886.6343981318207,1383.186196964251,1011.08868242011,879.1523011516839,1414.648963567547,1127.850826896712,1108.298076685903,1064.051089284253,1119.80991143601,1492.79437688378,928.2887007000219,1082.952066785245,1153.01709610993,1092.192439351542,1119.187432168767,1424.803051921501,1204.024791160626,1361.827664344504,626.2788611753044,869.5768171224569,829.9554556564068,644.0416963542344,639.0411660430339,758.6569189118636,816.6980973665904,680.9585698061156,843.4089470831043,792.4423854187355,658.7626094754249,575.0339001834086,599.6392965688639,746.669104672687,664.3647432773075,888.7602875603593,775.9098360654696,777.5147576523742,562.8588247380345,530.2676480857174,686.4405360905556,713.7073374772356,632.5405502083443,557.6223376068709,680.9932041558864,678.9311072243172,618.2568693973053,816.5332382612689,646.8634752475332,735.7514742437166,542.2171052557352,832.1393941536363,641.1878966830651,508.4219540913395,704.3156049164268,565.761127845408,852.6568899829084
195,313.3934614197111,419.1890884425994,385.6763878725785,539.3874440429944,579.2806763815532,562.2858791080197,621.9844638816598,485.1901840320085,535.5074967400656,599.8077903784296,298.8910554459879,301.2539048147853,572.980112637831,593.3798448660052,597.293101652747,588.09052587819,372.0614695265707,512.549338680846,562.0402171236935,638.8460626606268,433.0430450002222,499.7673080391232,556.274509650612,430.8722326508556,666.376552390856,318.8805917291848,482.1372935521646,399.1326957611489,400.623517107371,568.225106452646,641.9938461688885,538.4297838470977,614.6796301620932,503.634479254617,612.2157084077112,587.156741785786,322.597190512798,544.6260210387562,604.4522320494225,643.401565872703,390.1500304590083,534.9300262435122,456.0299298248855,451.0047135573687,793.2897705914094,765.7940714038845,604.8501170481707,776.9430315282967,689.1994453519478,686.1693129919704,681.1188071127609,791.7656315496416,791.2484333993974,774.8316737559499,614.4455582850634,825.3929898318027,674.8546224013791,746.4028772247533,748.2798729892548,709.2891527715044,766.0089945888413,668.6853952356599,600.7600587029586,720.9877845435566,718.1516001201679,747.6317941468373,684.4411463838422,646.003071649377,617.3922154349948,809.047898745365,780.7144273859498,758.6961093242528,794.2415239965155,654.0749755860593,719.5497494683864,689.789053173611,613.3058786902507,819.8448542444769,782.9249988019307,0.0,222.6334551065643,217.5986185520755,99.26301881445916,164.5430023767023,211.9732374136011,123.429042333972,91.16665078843556,41.6843140759553,233.9395318518183,195.3041795146361,264.4928865099063,214.0170366040694,312.6174010166162,333.4141388441195,109.1678613303086,55.67227123800517,188.0913523949754,75.09873883496552,284.5746302453087,280.658211752685,243.6996337725092,231.1388783596461,280.7838356188777,187.9919670518165,88.39816471016516,186.6149955497658,53.18847776059584,143.670943430238,207.3152426406244,167.7090131325501,120.7697282481042,243.4125564134727,291.0675975591659,343.2959976144864,217.5277816906415,189.0854307464904,249.4975467296909,100.8359151483303,272.9724010507227,41.28195427872765,149.3333683253615,154.1147550307289,268.5676391094139,139.4666594021769,64.45548163845821,280.9854459211178,225.8132278816029,79.55029586741936,216.8817143405098,158.0495539745025,90.79454725628469,167.4726319341609,54.72992505033222,132.3286957957455,323.4125497551945,85.05293738048432,244.2063223985804,123.0697124649829,196.2470710959257,34.93651312008957,178.513048491435,82.14933875624584,228.4163108281405,127.7154269341554,304.0734301729414,249.8563477394648,492.2714137358146,270.89559353628,655.2310190717857,320.4110177217024,232.1227281412099,683.6024243147355,398.7430385159985,428.6775891273388,398.5350307406779,377.1908210566984,781.1317076022765,313.0950138706585,361.5053045120456,461.6272713910328,387.0234571394305,479.7433676063284,659.5856206245461,510.0414254389386,598.560379140725,202.7472269868664,422.0467481787567,328.1211971097369,305.1476801101372,620.2562656521493,183.382044537542,290.8937384025296,230.0240073792154,422.6628415054327,157.5788986102646,678.5079994087359,429.0398420336511,406.501928658955,113.6070372143554,275.125841773518,455.261807269319,294.0290579006439,255.6401544979486,267.6009075715678,385.7415594595697,192.2686786407437,178.9456584112522,226.4070873366019,288.2533078081007,384.9984202343389,340.1390885415668,666.6813801496053,112.7259486857273,692.1878158635304,303.1027339678798,342.0002574370661,215.3383175479456,266.0065422691116,456.3403815723391,256.1357421981462,629.948672150458,384.3434788404892
200,243.9735450866628,232.3061285922498,174.4095940099029,385.2437204669169,481.7213345746277,431.2552211988611,499.3976168115801,280.1222233535166,370.8646969944365,531.3053866735314,209.8222048853558,172.6264405286863,395.184874843773,543.5402705570365,480.0044216237445,512.7815839480786,153.3191730456561,303.7772674985418,372.8449881442883,526.1729801926562,233.2943526231466,325.186691713963,465.7148750248695,258.8421392318183,612.9242168005538,155.8454944194405,389.6860058600413,308.8050598275803,248.2860059162811,509.5543516441843,598.0641086213797,492.8714777079927,507.6709102598212,453.2127521675339,566.4739651262173,429.7008330787022,181.9879983537537,476.2861626884822,514.3249455530158,558.6434837796511,188.4741466770149,337.7324316748441,239.8417706695297,289.2385597656266,598.2149379360487,615.1834026428618,428.5205971878996,593.8037691211358,523.9920456362848,500.2838717278327,507.5991500159605,635.3460594234307,590.9061166404938,597.0032606981382,450.3443628444513,663.2019204173429,569.3215819760729,565.3862943914612,582.763442793976,531.0067620784512,624.8544291017564,551.3557133087742,402.373483397623,557.6372516031543,564.3006327606437,620.6797313497601,539.616316230421,495.2985676789939,417.8951240049541,632.2201986307385,616.8817777558611,600.9086688912338,590.853852431015,482.4442738798925,544.672445736728,590.9194330616984,461.9014397122791,648.6415448650383,593.9372537194583,222.6334551065643,0.0,43.04963590836372,158.9937213929974,260.0666893024077,94.07975565885177,214.417046588801,227.1755143659662,261.4151242051113,146.3336237214485,303.4284694025259,106.9011926366828,275.6063715931172,95.6013218601135,127.8056766724543,268.6184498981821,169.8770678428687,162.8813521309546,207.8252844790409,62.76866154927404,155.2571486309095,291.3824363052229,253.1698417819272,88.37539038282944,124.0163859194521,199.7718255796598,73.18539689168273,204.6534941664526,135.1449578154428,164.7763721044961,97.1649086071226,314.7982582752182,129.345555976631,140.4893483770327,127.3660925911334,124.5352939513271,89.7018065234524,33.28734640679462,165.848534609721,362.3636911258804,185.4756011245304,104.1118275379395,72.88693344391095,151.4516691424074,142.2452837028061,287.010951434204,103.7897930209851,312.90743039458,299.0033713029793,343.4606433884197,220.9394914514684,131.842551330352,66.72081765822608,239.7462025018239,255.0597404779826,130.7844890319349,273.066553597419,351.3924523118719,118.6266914365416,33.53047095254383,223.3423046032753,127.5475508150907,150.8078295787588,91.61153361726063,174.3894991760492,122.6022019587535,170.8810233729002,682.3932602003505,449.4701963564526,877.3447002862536,530.6332357648344,419.113091989063,905.9641196788522,619.4472386963561,639.9460952597332,604.9883220452565,599.2838595456435,1002.349555718361,496.6219654422959,580.4070807886669,676.4648488089603,603.1399057020305,682.2585917057552,880.0171989208695,726.3354756383055,819.6789892827886,219.0009300527823,552.4193209759505,464.9999468075421,344.3647562519968,621.6390461621648,318.733951510017,431.10497930985,300.5724782420198,542.0722321797787,322.6658976651061,677.8543092032586,423.1267579485171,414.4022654601545,258.1609446759567,329.9758449008925,585.0801667068799,412.5869974336594,384.2997782168379,233.432611406689,353.2238477514405,270.2269955250995,281.6985906157352,254.928754990705,257.1176573560606,437.2685458245432,397.2559609484016,653.9578781846013,308.3168366072937,685.3110746199322,397.9499303565071,311.5087380879766,384.8885971059635,304.3064943662413,416.1946417441707,340.1881536884541,603.677052792572,517.0549647558225
201,285.2288973378017,269.7766247394057,204.7275706228587,425.8155960319226,524.7381584447371,473.3627499223811,541.7114559815083,310.9961596345895,410.317767358913,574.1748832495039,251.6750034811592,215.6032055132693,432.3269523121935,585.9154765615511,522.5862151018221,555.7423607787725,178.2373761990334,332.5170075416414,407.7022749471748,568.8176306863166,267.1590752007979,363.6075879160761,508.7640786266174,298.5269341938271,655.555299205465,198.2288727519442,432.7135976262724,351.6310076045405,290.20733147308,552.139024978314,640.352650606239,534.9201516871268,550.5065719914661,495.3134729030635,608.7558246341524,469.6140509450749,224.9881741689656,519.0608455629863,557.3715627468727,601.6930748209248,222.8150297642025,370.6988070656564,264.8422505347862,329.8421144976717,629.806287802104,654.996962123312,465.6590154978355,628.5435937023723,562.3483359185054,534.9085142089787,544.7113318595103,674.4130343832684,620.7821867806161,632.846572668301,489.2825466588758,701.4044305443017,612.1072811571227,600.7299774195911,620.7943659006141,567.0955113963934,665.5640036695764,593.7765060065608,434.2346495996348,596.0964184237467,603.9435193327893,662.451627719736,580.2857282810712,535.5879852102868,449.2292177980359,668.1055081885263,655.01933315898,639.9306281841284,619.5711004248247,520.0321884787161,581.335458856263,633.8281040287906,502.2867299641545,685.488774267775,627.2659476391792,217.5986185520755,43.04963590836372,0.0,138.4174819017647,228.1378275333736,51.54033119321097,186.4757668799055,205.1095227547387,253.0393825348649,103.328113830914,270.6641681592598,69.39671464371891,238.5542717227072,96.85959519402473,162.9788945349408,246.0457881880436,162.2146392847948,195.0744688111294,217.6370498617811,77.16803987181932,197.9769972853997,252.3463916489074,213.2349860153967,65.67084763378422,84.90982443404818,178.1684693145065,39.20561166881897,189.9667551907416,105.4699346315256,123.7255875919301,65.57903961789911,296.1784023878766,170.5746602782081,103.770177276482,156.3985421401926,162.9733268132444,123.7718005102268,72.01141475606038,180.3342345313515,325.3679681863733,185.0876454168828,126.9554372956881,64.43649855098656,109.696675844327,165.1727975422365,280.4981906853153,146.2270360292515,277.1424084932272,296.6147911333686,311.5645644766676,187.8186225429216,129.9172895835463,89.2479310752053,244.0714271520629,227.5807931529221,169.895093731933,255.535101986463,316.7043173242573,99.88744537478856,29.07501349328892,225.0277091036497,159.1494473763387,157.0023925727613,132.8109994598172,145.7759085941597,95.69934568164291,127.8315465681102,693.9508852924677,462.3609960433577,871.7386279463952,534.2513197156944,429.4788541151288,899.6345879893289,616.2771866164215,643.3921519498869,610.5202111476391,594.002897956626,998.3500609376215,508.8191094839082,579.0046191468613,678.0149789606903,603.7891580791794,689.6175330983395,866.7813510138878,726.9989770004601,807.4303629367478,250.0585933220796,576.310048029929,486.6734247556114,377.6668121230545,661.5069496617162,337.1287189599381,451.6240324126682,328.4002896444073,567.6903508392031,335.6935588991611,718.0806045465467,462.233063792468,452.2239966422031,271.6379140254759,360.9504698699623,609.3748065007351,436.4554027277352,405.8676436942179,271.427620317559,393.5738102352235,295.5304270847423,303.7805009803351,286.4461536352061,295.5770138052984,470.7806480414365,429.5254010077959,694.8756110424002,314.1333300596803,725.9687331725995,425.1591819307802,351.1143074083718,398.7243547626981,336.5821435571538,457.5890240901218,367.4832750902819,645.1902766264686,540.1546798855501
202,329.0747284612843,384.1285619483057,333.1661303631058,524.8570268509326,592.8879226320337,559.8986030305335,624.6375859727614,438.3119063083161,515.2241046058589,626.4385857507829,304.8778107700672,289.9592294014574,545.499105437706,627.6213465709124,602.1083682959954,611.617972116262,311.7990105693483,462.5968823952861,527.1978388604809,646.4603315932823,389.8188363685981,473.3245502636629,572.5584454225528,404.600628078515,700.3097809330862,292.9465816513749,495.8259994849755,410.8578986048448,383.7558286078471,598.372520885154,679.4237295612568,573.3058676910715,624.5776888551025,535.7096041043885,648.4417015953153,571.5189806247023,307.5004086259465,570.2474332605001,621.8167371221326,663.7475027730744,345.0728222841005,494.3316770411962,398.5784580278834,430.7396429020011,755.2150611680566,755.5810770793846,578.553957371867,747.3087647721628,670.20336080971,654.2959531465914,657.1213779999885,778.5034887904516,749.0049865482383,748.6635752683733,595.4227716846061,809.0138429156736,686.2797762878953,718.0429977889688,729.5116593356686,682.5027848254109,760.860505777455,674.4835707582902,559.5970409483633,703.3006636502971,705.799135866593,749.5802429328552,676.6463782316929,634.6917093424321,575.4356064672352,783.6690205922644,763.1294021631468,744.4476396256688,749.4276828503699,631.0218671023922,694.958491127154,704.4605702055941,601.2512082656483,798.0402964956359,749.2887459176745,99.26301881445916,158.9937213929974,138.4174819017647,0.0,115.0559801670471,118.5681668652781,63.11537083775368,68.18179297298859,123.9751962101375,134.7968508956876,157.81550055839,171.3021105237644,150.1830700396501,234.9187120742241,284.7053142917026,109.6247285310499,52.89171231534642,205.215458588412,142.1035184037354,213.9734166194409,268.8006108336791,176.0669699993948,151.3372827388288,194.4745181975568,89.72211884819254,40.77810430156828,100.9716581794854,55.24842097153095,45.07777722075994,108.9159193423429,76.77065149254813,157.7968494269891,231.472655283446,194.8221253170515,286.3598131077509,209.8226310300844,168.7086613791467,191.3047948743008,133.3268344937914,229.1364242462016,88.40955001987774,136.4346402233751,87.08143789487542,169.9259304808646,152.9291621422271,153.0417963254435,245.4293169313568,177.4090749000413,175.9884335012039,193.8592206621043,86.16204030803036,65.21907987934225,129.5784475534945,145.9498125848767,99.96701295628252,282.424426782719,117.1932599282323,209.4860049597636,40.3670308970026,126.3867766368549,123.1269164306767,179.3587099175704,95.67539836188034,203.2633692277752,36.9145770496419,212.7985941327375,150.748371164309,591.4894613204715,369.1405228977607,738.8182554240486,417.2598357654597,330.9732665925079,765.9657546958288,487.2272401852466,524.4772788468913,496.0319425295551,462.5037518160038,866.8095257834016,412.0370234405,452.7597088352451,555.4605679959182,480.4885087903257,577.7908743098353,728.8514238526619,602.6424464221049,669.8959529374105,242.4410995267321,512.9841893712216,419.1549887223682,364.0710109754576,674.6541320431153,268.9779817091558,381.976059520137,295.6207973594985,510.9408980401406,250.8367991488554,732.9737354307442,476.4280122312472,458.3248045341293,196.1504397406106,338.0766760983718,546.4614543752754,379.316550708959,342.5854858343038,294.0538121065761,421.0305255015879,257.1219251285028,252.3172300329726,274.7008621890192,317.9826269778365,452.032574468775,407.2243960505878,716.5476278501951,211.2204030036933,744.551082841216,381.4178415807911,375.8563751090832,311.4142278350579,321.9980233676902,491.2266528466091,328.562863045542,674.1367196979645,475.3157563725512
205,443.3597158725773,491.5007911885428,432.4780486994225,637.4343783168858,707.8443481191412,674.3669229205734,739.4604618744623,538.7649719140576,626.3976904500436,740.0367936412591,419.8337550469561,404.4197062450667,654.1039245966186,739.5989992598654,717.0688512686226,725.6784128703407,406.2254309471872,560.6524827222252,632.8877959070047,761.4927480774983,493.2494893424852,582.8888504609641,687.3415314146878,514.8958216826529,812.5083298033026,404.7935968943507,610.6976649366297,525.7296136581774,496.6761335805551,711.2397993300889,790.6435457632427,684.9844691272602,739.6329797877205,647.9834572296785,759.9377486778056,683.6254957852573,421.3490916139748,683.9101668795682,736.565917381648,778.2663580277098,448.4721890438759,597.5286351119706,492.5172836030623,542.5097656248072,857.4967947241831,868.3644014852467,687.3659279125259,853.8135929294315,780.9766683256568,760.3272457392738,766.3131184804683,890.5171131047094,848.8933369569288,856.6093514871013,706.517399213866,920.1023349324398,801.3287152638769,825.2397208938781,840.1313365322702,790.5201636668917,874.5986263768843,789.4466089406891,661.7279914223791,814.3361383348426,818.2245886698983,864.2346904831063,790.0890797858881,747.5549951965842,676.9496125853229,891.7794646024865,873.9960999266092,856.2989524400974,847.6820133752371,740.6749026522178,803.7514947691988,819.4257502320274,714.0644434809792,907.4240260518411,853.9223187694687,164.5430023767023,260.0666893024077,228.1378275333736,115.0559801670471,0.0,187.4383242378474,52.22161894759776,73.4801303557978,157.9605937554215,167.2935800552966,43.70235870127371,230.0333624215586,51.8016679000262,315.8678215291031,387.8388605139992,71.95413315745198,151.4776713463203,318.080911306921,233.4820796122344,304.6322241045914,383.3436099860412,81.65778031399576,84.11434552284939,266.0070051716593,148.0117149305285,86.20851174838192,189.4824249718614,115.6847567435272,124.9344199238019,127.7607395061315,163.6293053979902,121.873050823402,346.2557239515734,238.5601883353563,384.2901944799103,324.8675303166227,283.4306626796956,293.3537453285126,239.266017282647,115.1240467132581,180.5663890786553,251.3985452806822,194.7084744504868,201.8945534849763,265.112423961625,180.7004789593299,355.4726334673085,64.05454694833321,211.8063024191965,83.52048706446242,40.90157082865205,178.4730210815197,243.0245535648377,219.1410477589635,34.78017290354586,389.4034855085783,106.7193357919174,94.5682080065784,149.2023941103265,226.6100749171136,199.0070416710313,293.9606645562135,203.5426758155515,316.8464863419341,86.94053580923419,271.209714338729,165.7372251212589,618.9612472292181,417.6479495048696,706.8235763265021,430.8200533604166,376.4784901878899,731.1270175300017,472.4782241992543,529.7275869083052,509.8690509616515,441.9327039724281,837.2131515024371,453.9097116473181,446.3030172943305,552.8228154801269,479.1469862629127,592.7788636023673,673.3844130577216,594.9533204210501,618.5500813609602,350.2082860845728,581.1958848685864,487.9736975721322,464.855430332272,779.0937448396512,347.4529671393378,451.1015954020551,391.7700861143932,583.9807045734768,318.1513429459403,837.4886241408515,583.5124873144568,563.3550025278188,278.0953278221971,436.2753570436133,613.9141467715975,457.5152831338562,418.7513572896582,406.2849869380518,532.0118331130265,353.3067901629663,342.5123590466662,379.7381709958227,429.6896123788701,548.0450070959374,503.0430431863848,823.2701949044458,265.7633726605348,850.1501310801742,467.6452715902636,486.9604815808408,370.3593209576734,424.0135370788141,602.6370928704729,419.9817187863557,783.1095842869107,543.7470293316309
206,331.8804171342412,319.7984382168656,251.1145414215499,477.052299373171,575.5914307869896,524.9013060914508,593.2292272542758,356.8009449285498,461.1051923209969,623.6448658642404,299.4012848220879,265.7337891264375,481.8641624932092,634.0784899207167,574.0203866830551,605.56608446367,221.6620795942458,376.6408018986436,455.8482331086011,620.2191277135888,315.1784112956828,413.9376617032409,559.2460252741187,349.5025012503316,704.2963478417502,249.7124618029637,482.9423986199106,401.1015434056396,341.7474284675206,600.8146340270682,688.289784871463,582.4373981282488,601.7468039745191,542.9747229609596,656.6981168747951,520.5762885888595,275.9545135958444,568.2601569402854,607.9958151470114,652.188783207731,271.3849601059834,417.6755669777442,306.7835679005762,381.1241655512085,675.1436102655508,705.856955523706,515.1531679857173,676.2622510655509,612.4769032287171,582.6626937230391,594.1102749589552,724.8872751900436,664.7565180939963,681.33626137876,539.7696696651133,751.3761201868608,663.4012843861536,648.9051981740125,670.701304277031,615.8130590963686,716.8049113228163,645.2713316470722,480.212559899444,646.2651728921901,654.7350503637587,713.9737096638826,631.5236462027681,586.6877196215108,494.768859239983,716.5949354394014,704.9725446356819,690.3922245227254,662.5894174689483,569.7425928550745,630.4170529395785,684.9628897060605,553.4331700604325,734.6151876809088,673.947543887821,211.9732374136011,94.07975565885177,51.54033119321097,118.5681668652781,187.4383242378474,0.0,152.4545476288229,178.269817086417,241.7392463384123,53.00273567017216,228.2310397472403,52.8647063495317,191.4061301439822,128.4294974218025,212.4590992699526,217.0126482348028,157.1610666398728,232.0746786314945,229.5217991889623,120.3398936096565,247.4547222634071,202.9914117443126,163.1829018351632,79.90451007824828,39.42660943283383,153.4258753723605,34.79176661155409,173.7471803964842,75.87198072557801,73.11798899332211,44.36506726417721,270.8405685814549,217.9309778409589,80.18766361807852,202.8490700426813,207.2782734496475,165.2279405030032,123.4377357220682,199.4147680711425,277.745993652246,187.0434918516984,158.3420332288546,79.0860265485339,68.978214171479,193.940913857695,270.5588766369837,197.6827368676121,231.127608116441,291.2125193463709,269.7047865509265,146.5367534875277,135.501591596827,124.6730356783181,248.4500887095112,192.7027275372378,220.8909642539327,232.6618591470285,271.6027886955755,89.15677972247283,69.7350748006638,227.1260111673767,196.7532612630576,168.7864874401117,180.5915085907274,113.2097488755782,94.28807840149246,78.08746180165082,700.6133754175783,472.319194510429,857.1653189499681,532.3840553679222,436.7978051005135,884.1328111136479,605.6997047924289,640.5416665975456,610.3774951140305,581.0648283244243,985.3204475705547,517.4863320172465,570.7820672161246,672.7017101724064,597.8422751922316,691.2166541833076,843.3808787004451,720.3852637438691,785.3392697626167,284.5423998534513,598.7622525085068,507.0092821274297,413.2104354649523,705.0995171874758,355.3758361336706,470.8754073871585,357.8541267361076,592.3456171725595,347.6685756537898,762.1849711830042,505.063499828473,493.2621341126454,285.6919003713379,393.7796058647414,632.1552786882373,459.9084722395401,426.8729249971493,313.753628230713,438.4579376951583,322.5790694664077,326.9522158482916,320.8374015859946,338.2972285903249,505.9844484199422,463.3885666235748,740.1655645809356,318.0791254927136,770.7845411666478,452.7836961390794,395.0673218282761,410.5973023452049,371.2436990808447,504.0025492931755,395.8020455030081,691.585040059552,561.8461715529194
207,391.1537081090071,443.8602593843148,388.4522289108723,587.197952655933,655.664898336372,622.9500483838674,687.7520064079033,494.4523230116215,576.9287756883448,687.9518765910559,367.6628063332869,352.9911148067621,605.9783279289105,687.8999584978675,665.2133754430481,673.5113954038804,364.2744011770629,517.4880130832341,586.1960989771115,709.5260767772461,447.4760773143925,534.2380991366155,635.1253599841125,465.8321208654249,760.7600389118444,354.8581318096336,558.4949759188802,473.5286973043052,446.2095635618906,659.3125214649565,739.161855375615,633.3564282882471,687.563368348794,596.192898079156,708.3731429457687,633.6636365188916,370.3196005893017,631.8094137369387,684.3469117612545,726.049116701643,402.6308745420342,552.0056703272921,451.0800347643168,492.6908401773239,812.6154509359885,818.0414463267814,639.1506889039193,806.8365942535698,731.7655258561227,713.547023644074,717.932411393913,840.6409142289874,805.1690662606633,808.9002688176795,657.1148834417631,870.7458065993287,749.2306228878454,777.902114029573,791.0157288924465,742.7521544288687,823.6906072277434,737.5873663680363,616.7795072218971,764.9903492336769,768.1043317890619,812.6756035453311,739.3618281591475,697.1716225841558,632.3104906300714,843.9959983242047,824.7532479108609,806.509793868482,804.7428921376426,692.0458079371832,755.5893728534959,767.2485497740206,663.7057400220555,858.9808447596953,807.881373612456,123.429042333972,214.417046588801,186.4757668799055,63.11537083775368,52.22161894759776,152.4545476288229,0.0,38.28101906000487,127.9347854552358,146.1321298215069,94.70078157756,200.7730309196876,93.58063823390113,279.0447606909606,341.9695583653823,66.91612118503802,101.0708809216636,266.0576727843223,186.6787390112112,263.6438065784048,331.8537341167308,122.24372166309,107.8993084714189,232.355672493655,114.417546801109,36.8757704013281,147.2701554748259,70.80649868172094,81.00583260647458,108.8956723182063,120.8967278015879,123.1524667908403,294.5773261359976,215.912279754603,340.7103180544372,272.886144959394,231.7953822576338,247.5515092570924,188.5951517749783,167.1133642353297,132.4391300154799,199.2506221171051,145.9013478459212,182.9746740461412,213.1678529592254,154.9010691453817,306.3698542162521,115.6357164336681,184.1297346794771,131.4382735201879,34.79141071427949,126.283594650445,192.1061839923684,177.7534627496321,41.10502670325593,341.7932711397515,91.76496184310376,146.4128526437023,99.28077631073685,180.9277259237977,156.118162984291,241.7407831899305,152.2331720686712,265.9282366760311,40.69985833023953,243.1468914754224,152.4133173870355,600.1029330354717,388.6790567687669,715.3574430149687,416.8942469098478,348.3371654934778,741.0818196630913,471.8041020336929,520.2476386220476,496.4244978912015,443.76875772777,844.9398498819285,427.9765086263544,441.5760810244893,547.0528796870241,472.3255155610237,579.2811114502225,693.1717261154314,591.7084361237795,636.1513209032835,299.4391166162043,545.2014071619176,451.3523305712259,416.4555105641334,729.7817866128516,306.2612460310999,414.1613273500699,344.7038986612806,546.0894906716738,280.7402585710886,788.1778594297408,533.2124831621757,513.6975346580855,234.93370725549,388.6692683970979,578.329931498465,417.1448292094666,378.9326211091565,354.435935618617,480.5293092473709,306.0629988361068,297.1893159048678,329.8131860198462,377.9742295194072,501.4439361798806,456.4177916896779,773.2052808285333,232.2968255255733,800.4730568626165,424.3441728986589,435.425485093599,336.7592084327861,375.1250101579434,551.062407668348,374.6405975917841,732.3028861469119,507.5263636316064
208,380.375494952271,450.7514973625892,401.3037252910516,587.747225438809,646.6959979700251,619.3898248561542,682.6529718770355,506.3030913136934,579.4783921222283,674.6253766245167,359.7437490830263,350.4831383120221,611.3034180786549,672.0084176918718,659.2955820440864,661.2099412741446,379.8919700649562,530.7359199050419,594.1386020446902,702.7589109958764,457.4634145084374,538.7479837595962,625.1926009394929,469.7425093917573,745.0485181636338,357.3395733357886,549.2036131676867,464.5205637494021,446.623272129299,644.7570057795141,722.2460651480995,617.1857207004944,679.9498650928103,580.8936508191127,691.8359318316864,634.8286221550327,369.309300542141,618.7228926007356,674.1625511831376,714.9261983069758,412.7886162947637,561.8982555392704,466.7035952668998,494.6829069041517,822.7756754555635,817.868529173188,644.2087836531877,813.7804588374073,734.5279514255411,721.0025543104827,722.4782833938859,841.6307000012602,816.9090781055958,814.5547271363897,659.6011478473524,872.947889006643,741.2300424719347,784.2765672541633,793.883291647651,748.4200526579044,821.7068559544671,731.5220412048468,627.2926715995275,767.3838527497076,768.5700396814015,808.1356659400412,738.1050081295139,697.0368662609694,643.2129138690984,849.4570688877899,827.2817646590856,807.7706989369386,817.4792091615744,696.144718636825,760.4884922317711,758.1560273763358,663.7136539437677,863.1539059463787,816.3368632923718,91.16665078843556,227.1755143659662,205.1095227547387,68.18179297298859,73.4801303557978,178.269817086417,38.28101906000487,0.0,90.24221945800342,179.6297896599695,107.6671914631098,229.1625229654334,123.0484755106447,300.7024650238818,352.5642241211513,41.44293562538066,84.32515110803405,253.5387851144979,160.6792526582288,281.4571067859405,329.224087494832,152.8724812288748,143.9621535708669,257.2507299545883,142.8121707320983,27.40368902288499,166.6119690283554,43.46940831196613,102.7628007145959,144.2021769637169,140.9312340676052,92.57600407646599,291.3230068530324,247.4976562140845,354.5416059421253,267.8463188814064,229.5778938395952,259.4336471160548,170.5606185287151,184.9213220063966,109.105418773183,193.4861796841539,155.0681835276882,216.5817851859631,200.5666834596743,116.7401826663331,311.344881370706,135.9076919230626,146.2922904614383,136.3759844214271,71.85361946896657,118.7951699267579,193.8318670763018,145.856738334874,43.24388102281044,349.4604861654992,56.00849348158579,158.8707842339005,108.5488234334649,194.5012294945072,125.5305495908198,233.4004923555726,137.1660546340841,266.3134716485869,66.29161782401273,271.5577662692206,188.2419780318682,561.8324417606602,351.4814630993286,682.1393930091463,378.8092914751485,310.9172299635894,708.3764124971519,436.0264856904286,482.5838038327769,458.3369648083863,408.790689357696,811.279722740426,390.2382916566226,404.862807593509,509.980741816346,435.1414791743285,541.1599875353264,665.1398943503228,555.1139413385263,607.0944877244474,280.8905425358417,510.4819707908919,416.8642600824155,392.439607585464,707.1573268882114,274.3888347752514,379.7981548676792,318.754552161563,512.3074325466956,246.4452374100923,765.5276846178589,512.8472131791995,491.9019230015645,204.6417664672297,363.4453540029098,543.4449804906415,384.7773161416655,346.1738617828414,340.0923120280125,463.9554238287252,280.4092211283585,269.1037639197435,308.9215812027698,362.7734598087658,474.7937018230323,429.8142632668024,752.1071516762984,196.1271554335452,778.5336687769644,394.2400576853006,419.1811522613972,300.8609792206249,352.0114768478952,534.7621718834126,346.5480715147846,713.1046659510173,472.888332085351
209,350.9303473414272,460.8734025092286,426.6360862783815,579.9999243461781,615.6547290347603,601.4495756858649,660.2403414878269,526.6423002725954,576.5875072185354,633.0776692954446,338.1030549309061,342.2482055761623,614.4311654823364,624.5460891199739,635.2526705805468,622.1973487474169,412.1886131764273,553.8625294219412,603.7050229960228,676.2015521884374,474.5988665866576,541.2289126589185,592.1745779694345,472.3905088126541,697.3382474604397,360.5071136042175,518.8891934755211,436.7059635314724,441.6977218674827,600.6846350423288,671.9693783955856,569.6790476781578,651.6738006312543,535.8944012579606,642.694407735266,627.7957981681346,363.7663090178882,578.3969645517701,639.9408159653606,678.0783176413244,431.5894240826295,576.592830933623,496.6658385191273,492.203477585452,834.9641769810086,805.630183319669,646.2237335507688,818.3890429447378,730.01345700161,727.7333220875297,722.3076796940873,831.9261950144972,832.9226138272714,816.0982437564808,655.3380055749301,865.8505244693142,711.3868088366784,787.8011649954863,789.0225016396345,750.6244816625729,805.1848414395101,706.2962450769377,642.4271674627228,761.6585279454068,758.2902948632043,785.7486999337125,724.0856730808943,686.1213371585671,659.0510439471167,850.2492309461373,821.3237958457752,798.9950940869743,835.8754020364709,695.2229064103476,760.7508053152485,725.6094337291026,653.5538637610102,860.7874276134347,824.5164235208241,41.6843140759553,261.4151242051113,253.0393825348649,123.9751962101375,157.9605937554215,241.7392463384123,127.9347854552358,90.24221945800342,0.0,256.9310396581227,180.7541728931353,294.6039172079634,209.6096459087938,349.2032799421621,374.539848254226,91.07563836488814,91.72933781820029,227.1891160787395,108.4509037369436,322.6395555729893,321.7800447055095,239.5586931329478,234.0045802866359,314.399079016524,213.445340494505,99.65548373398859,219.6274255321412,69.24524190782898,168.9014002338921,226.0709677584929,198.3393832268387,85.31512103608844,284.7110569312188,318.7973126807782,383.7225922542261,258.7363743308407,230.7697447864187,289.3073029261541,140.5966173626582,256.872161803033,82.96626774829191,191.0176823635425,191.0278966609551,292.9499996604068,180.077681591702,29.13512104036053,322.5969272488828,213.7922869939113,56.2224617572985,195.1910627746863,162.0711677924289,130.1879114409651,208.3970595275308,75.24747205650422,123.3547055509865,364.9256272503882,58.58221453896374,225.6166578690779,155.0106692530684,233.5599069693305,65.33006334586774,219.5127345221136,123.833652817633,270.1006248905185,144.3506555486089,335.4529940491551,269.9345188524958,473.4234593691918,261.3443288555098,618.7072251871657,294.3589880659098,220.6907099204345,646.616834256232,364.4087510511824,400.8428555880166,373.5492176427036,341.110068389532,745.5981086611945,300.0590307505194,329.0438155951591,431.4856710178557,356.5141005551188,455.8543840474536,619.2357708954426,478.7565561709173,558.5171084685044,236.8426193449205,423.3919648019608,330.4408761338468,330.0416659609323,644.1053705129632,195.2352509317602,293.7711168872901,253.555596981772,426.8500033530703,161.8195292250979,702.0628026401016,456.9401033309887,432.9467557108774,132.9419709810152,298.7740991640477,456.024035294558,302.8197510969208,263.7367829052729,303.5547750038999,417.9841540793099,217.5055677222382,200.1540257265243,257.2125115748655,323.1388386096432,404.7424251382711,360.4842447376502,692.1606707521471,107.8670922573412,716.5625130209162,317.2485490147033,375.1151131947675,212.3989455965613,292.9456889723496,488.1032209829692,275.1742146124158,657.7059370527355,386.0232339596566
211,384.6565502810473,366.5479388456902,293.3732562646251,526.1274013561853,628.0545478645251,575.7869988266001,644.3746328501868,397.3156285976377,509.0000314198207,676.621580093107,352.3521490830134,318.5392650423374,527.2670510108093,687.0337077616505,625.5840597143856,658.4882043846571,261.1097606588662,414.8965508620924,499.0882448827223,671.8788924252653,358.9181689919274,460.9551136582741,611.946800087652,398.0549781613404,757.2943917116613,301.2029846654735,535.7455752988321,454.0678044222668,392.5843845230333,653.81160659365,741.2127013032992,635.3033841325259,653.7583230366007,595.8697974154373,709.6239431490667,568.8197019022897,328.3121752699591,621.2563173861569,660.6208703660301,704.8863889491557,316.2082894058461,459.3860807687225,343.1818837670521,430.4667926266998,713.7057761730389,753.6741687268433,560.4078299968065,718.3047810378542,658.7547291538654,624.9498809405464,639.052208295914,771.7777632248027,701.486059269378,724.5978149648577,586.881407494083,797.1954761227375,715.311407594544,691.7129014490537,716.4752167797542,659.5574345898751,765.7218305025357,696.562783641823,520.271213644464,692.5839287847817,702.4194165384342,764.2946889315522,680.4777072450762,635.2437855021058,534.1734555828797,759.8044319778345,750.7997648778096,737.2836366990113,698.0615601168347,615.283857947716,674.748950138391,737.1300360387261,602.1550294983235,778.8832750979196,714.4322745921023,233.9395318518183,146.3336237214485,103.328113830914,134.7968508956876,167.2935800552966,53.00273567017216,146.1321298215069,179.6297896599695,256.9310396581227,0.0,203.0397671952464,67.48510299220025,157.8402911152171,161.6267847589158,259.0676454168879,213.0192936147946,183.1026304366653,281.9160287242346,264.9344950480178,163.0973115977403,300.3980833945415,163.2585632374563,122.3954101703675,108.3854312514968,47.64523323253384,159.6338991361766,84.54297484840092,187.7732723149637,90.40893571669936,39.53694134652356,80.65409885996964,269.2710042342243,270.878385165963,71.33359933218603,245.9178434237944,259.71628141144,217.1576875371551,174.0994607190953,240.5286761665052,240.9270969370997,216.7457052881783,206.917447543786,125.6069457075807,36.9613360152234,240.5355121736336,286.035677530705,249.3200550441769,198.8014934293158,310.4461655605344,244.2708267808714,128.4496386152291,171.3226030877756,175.4795163461894,277.5409285204536,181.8282013175922,269.9249572730523,235.6284916184465,240.1542333586094,119.1943911911784,122.6523518539007,255.1054546892131,247.1622404669025,206.534699772377,233.5848066889546,114.4184836062498,105.4990424382946,25.18777368408676,726.2094205888659,502.2020337704928,861.2806193364665,551.2176024408094,464.8151720417494,887.1496817862053,615.3256238058416,657.6506435940868,630.2527728920819,588.4083303013606,990.6747397571943,545.9085576703849,583.0789028673836,687.2175367878217,612.2092878184227,712.2569976854859,837.6655251731679,733.3533300215666,781.37295268266,332.8050357797459,637.6761437340613,544.8031856733874,461.3359630189589,756.7136024412904,392.9182604567694,508.0949407950141,402.7933368705978,632.8847420317243,380.6146450927986,813.9818674128153,556.5042790777464,543.9447798786424,321.2772951581367,440.48056589404,671.1851529983876,500.2379002687823,465.7002742941705,365.3045873144508,490.7044962316708,366.3607326166061,368.224270162367,368.8005846842814,389.9351501319755,553.6303916759448,510.3945044605066,792.407436207129,345.0204997972801,822.8500926355453,495.9812361088028,447.0496230078495,442.6546934676663,419.0717925984129,556.6494969711335,439.7809670735836,744.1787291647308,600.3574966297155
212,484.7257006268051,535.0788824845255,475.2779032361423,681.0731144650103,749.9149455732141,717.5951119104647,782.4527711395174,581.5749798312966,670.0985842686847,780.6209556123938,461.994182848032,447.6298735888039,697.7276767760881,779.044176869061,759.8920072293565,766.658720336853,448.414011527416,603.0915769800556,676.273203661625,804.1469466297307,536.469409919959,626.5672304141339,729.118147691406,558.5958455535971,852.0456954632142,448.4586365044764,652.632400532499,567.6944083667626,540.2659231790946,751.2987714074668,829.5753391695708,724.2901424535896,782.0773633049464,687.6979929237218,799.0640028759825,727.2996719627738,464.7641824072237,724.5765246800272,778.2815193272858,819.684763432923,491.7277903668678,640.6484334387001,534.419384527222,586.192390044194,900.3702486134683,911.995225197534,730.998110970955,897.2290058831799,824.6773959113897,803.7115502674255,809.9597058490999,934.2020354308818,891.3978787554455,900.1606133185009,750.2195624227058,963.8045696770688,843.6949224114996,868.7286429895498,883.8290454508847,834.0850550949117,918.0804802088139,832.2635902167186,704.6708353725418,858.0384298624206,861.884146882261,907.3621395237764,833.6269281075527,791.1722661327268,719.7972726577141,935.3406094115953,917.6970092957245,899.9894544896633,889.9125868336089,784.3457705579838,847.3710785263225,861.4977435648076,757.6852793508036,951.0723650274708,897.1201748302433,195.3041795146361,303.4284694025259,270.6641681592598,157.81550055839,43.70235870127371,228.2310397472403,94.70078157756,107.6671914631098,180.7541728931353,203.0397671952464,0.0,268.1130469448236,55.29875149460282,356.4238020673736,431.1333037112049,89.67855766345087,190.3670813292945,358.7257987806216,267.6845076873556,346.7101638244436,426.5116501706896,76.69360048372153,98.95489357381616,305.5788296145057,188.9416238590497,125.7982918451881,232.3104555567772,151.1364943150638,168.385130472269,164.046814859907,206.6933358069982,124.0121014766493,389.2741888036149,273.4385742196875,427.0109880885361,367.5266260591477,326.4829297808606,336.7073002747411,277.7110070204091,77.69866144888093,216.7722378469627,293.7115620654025,238.4095332795603,235.6256148978998,305.6378610031703,199.0689254109585,399.1749885960792,34.47182190553988,230.3232278972846,41.57492806643954,82.86191119715673,220.0298872243961,286.4497120907621,248.6634074920203,64.42336041811136,432.9983641757123,123.65812219929,52.04102831324633,192.7973523270436,270.0226382635904,230.2397884102415,335.8019893572816,243.1012235556978,360.2896898406644,130.6426018606653,308.2893175569918,197.7229460520089,624.3164146080998,433.379658485962,688.9762178021842,433.3648847255412,391.9282921209571,712.076356834126,463.4753348651967,527.5997550511798,511.2598867771842,431.1588235398604,819.591191382193,466.6135508205479,440.9265460378296,547.4132709668172,475.2006479386084,593.6466367745196,647.002564038214,587.1756371013784,594.0183580287702,388.3565554175576,602.3383201401706,510.1819862509939,499.4813123174943,814.431961774439,375.0430925876933,473.8434032058569,425.0824770687512,606.9541677148998,342.557950553748,872.7764552252179,620.509363287054,599.4351721494008,308.2755677498761,470.0317344439015,634.5282181851571,483.5235522842734,444.4620586940003,446.3367691860856,571.1119161867241,387.0080901224916,374.226272132728,416.5867339580689,469.3966647033798,580.2928643218413,535.4431388072506,859.6845403030451,287.5714579188197,885.9602535289077,496.5603468564686,526.213630859528,390.7194419100662,459.3699393514324,641.8743140082078,451.2695359444456,820.7587864094234,565.2766029186656
213,350.5771176849757,306.2513289688965,229.4370112568071,468.3917205892237,580.0675428878166,521.8009650575334,590.8989843434774,331.8096894662609,449.4673039019967,633.9948581052594,315.9878279118697,275.7577713123389,464.779637179068,648.2963584381454,573.5121787619158,614.6984334790047,195.7521661112608,348.4243581350165,434.9092308149559,620.0074159285937,295.6445928541227,400.4538592756838,565.7513426025181,340.1028277833707,716.7793954488174,251.3386937336406,490.8844766235685,412.2703521333005,339.5178779090436,613.6952380131746,702.9972038084164,598.3791169260854,603.3434060343211,558.6608490007388,671.4462630818924,509.5913177433982,281.9006958819772,579.6443148120828,613.6367898397791,658.3515276705083,254.2073295456372,394.3421087501285,276.3195003479529,373.6952205272655,647.0316278855748,693.4421959551306,497.6983611911865,653.057998159586,596.8508484215092,559.9408325322685,575.9091451550688,710.3707584101801,634.3764186042507,660.0743212826309,526.0771689160673,734.6337158005044,664.2907863346313,626.9357199278284,653.971315855611,595.4421059563144,707.1063904976929,643.3866355553133,454.2991672778956,630.6656210386424,642.0960259466425,708.3957435455505,622.0859584598066,576.3119284093485,467.9233924973733,695.2125640912061,688.3011815045144,675.926479433581,630.7537465077288,552.7251424115914,611.0517176434063,687.199160467277,543.5727690323058,715.0150120931191,648.4402672541713,264.4928865099063,106.9011926366828,69.39671464371891,171.3021105237644,230.0333624215586,52.8647063495317,200.7730309196876,229.1625229654334,294.6039172079634,67.48510299220025,268.1130469448236,0.0,224.9205358857778,94.96677572930629,199.8221307049762,266.7239371155971,209.3772809487099,264.4711834548485,277.8761793497316,102.3274857079997,259.9638939093059,230.6765011245557,189.8105393327385,41.75852564287701,86.61369490650543,205.1449572808316,80.64845643202071,226.5255029779511,127.8615063278327,104.4181205779183,96.8050511445868,321.5063147631654,236.1154145357057,34.37346263276314,183.140470660167,230.9021408924092,192.9147144420787,125.9127651622475,244.3927091120379,308.4121655200967,238.1424387115859,195.3582297536546,123.3824063622773,50.97061136262968,233.1046921560109,323.4183072461739,201.1514883394811,265.8028671245405,343.8560194652485,309.6129669648247,189.6962360033877,185.0692410114304,158.2160926713695,299.285210070864,239.7648810455877,214.3313247248205,284.2268320153036,307.0957935931572,141.4530293199845,97.87650515355767,278.4168190619141,228.5461620200576,216.6788824324353,198.4574731579137,163.1881858797851,42.44850514411431,84.02283451536745,751.5214516550423,522.0419471846527,909.5334101702639,584.8500996882863,487.2935987302807,936.3504752650385,658.5071383449889,693.1550096406817,662.6498801792337,633.7139701487058,1037.86077095946,567.6779666364737,623.6467539468387,725.5015655535539,650.6604433235011,743.2426963181808,893.5954134441768,773.2364928165214,836.0340615911666,319.3763782821229,642.9013224104459,552.2647131711262,447.0635267667732,728.5396026497563,401.4590440789827,516.6605794205307,396.9951067981348,635.1107902299793,396.4481520153129,784.7189005370652,529.9267575433302,520.704349047232,333.4572708735586,430.1792310725572,676.1215451408269,503.3084531520631,471.6539027823247,339.735740689543,460.0956491011559,363.4072315419757,370.2834296050075,355.7804166697418,363.6498978169031,540.1773626851549,498.8739139405993,760.5840151178127,369.2425166824082,792.0546302721057,493.3961832967652,418.3839620926257,459.5492999805545,405.9523346260261,522.5683475982894,435.8447858261191,709.8551672870243,606.3996532772239
215,478.0008598035877,507.6404469747266,442.3034116934102,659.4096191248611,739.4747204351522,700.5880014318782,767.0173462456692,548.1675141252217,646.1982690704231,775.7866532297049,452.1246948104732,431.8242213660732,670.4589216896721,777.7135707924891,745.5695565365231,760.4941093656283,413.0033595946656,567.9480844731648,646.2346382031383,790.7093079760252,505.6336399081607,600.791876008343,719.9899185694783,534.1755875664185,850.3387727134351,427.154893543873,643.0210660070096,558.2197075015208,519.987653764736,748.1947947643895,829.5994264233506,723.4523570984946,769.7921641024831,685.75737072426,798.5995850422914,704.61760399078,447.0427931158849,719.5745782626137,769.3055505117712,811.813494697277,461.3654766561233,608.7659024315299,497.5718613095864,563.6451302894443,866.5422121925468,890.0226540874256,703.8035328530259,867.0042763359589,799.5973611357874,773.3696348099523,782.88894741561,910.7532460468694,855.8861021875866,871.3912631418289,725.8605238022216,938.8082284211686,831.6900263890093,839.2781179938887,858.3570545501749,805.6060379278276,898.2852763296088,817.8389841290468,671.5819285007574,833.2344296279925,839.3443285407674,890.7671626632227,813.2744408908704,769.6716563087416,686.1733949923191,906.6487396480553,892.485505210154,876.3470795642556,853.3339946156276,757.9271031929482,819.7070552370961,850.8496298072777,736.1892602817976,923.8089805382873,865.1960156795166,214.0170366040694,275.6063715931172,238.5542717227072,150.1830700396501,51.8016679000262,191.4061301439822,93.58063823390113,123.0484755106447,209.6096459087938,157.8402911152171,55.29875149460282,224.9205358857778,0.0,316.9626488306642,401.4360853991126,123.1923472434642,194.2730447389233,355.303809534858,280.1144761915526,311.7316749016387,411.1697274807781,29.97713817694643,43.98099134222496,264.5363155243813,153.8158678884757,130.3940970670921,202.5105171958737,163.0995108316366,145.3687563109853,121.0719282263292,179.0196272001842,169.5816847348634,375.2726883194929,225.8868044286515,393.9577829016372,355.8633338499886,312.8829811543816,308.3624897966257,281.2278445789154,86.84839612751358,226.0095538408583,284.622829310175,218.1653833641875,187.4028923333979,303.1111248106175,232.4945650012488,376.1849384850204,40.98394940009274,263.6079703192231,91.57257667605056,64.02115872780136,215.4018039795942,270.3863286313425,268.7468981788974,86.58184080357213,406.3905985915334,158.2233778825749,82.35161929555737,176.995796593917,243.2303378838138,247.9180602649398,328.2641879013029,244.2399648329076,343.0891069140362,115.4739689857482,263.063296633448,148.5777126347538,669.178940638242,469.4340114257473,744.0178558596729,479.994777369727,428.2467098284652,767.2545888679164,516.0907685077023,577.1005418561479,558.699799607884,484.3789845706394,874.6238834559142,505.494135929583,491.9776220918667,598.582222840669,525.5985977695158,641.4706515106116,701.8760598686474,639.4064870720579,649.179813941091,391.6802624959579,632.6173332853876,539.2558728504026,509.9682363789157,822.9220541771595,397.3741057443974,502.3052557264878,438.2517248697387,635.0457063387009,369.1445160777749,881.3076467683144,625.7103583150791,606.7087482744212,327.0700764442345,482.2499002398945,665.4043671758219,507.8253060931482,469.213086929776,444.1949475587657,571.2079026409616,399.620828218733,390.3241132299931,422.7789318974516,468.1617808264257,594.9576708380413,549.9288551615192,865.8202442944379,317.3186177736856,893.3818369966608,516.7291582425452,526.0347679541437,421.988228043402,468.5372049889824,641.4032849724861,467.8261902818309,824.0820090823933,595.1205570974639
216,302.4397269304553,217.6798578949438,136.6606014580881,381.6424306257152,505.4800068297899,439.5821204788252,508.8302271249622,237.0942015441003,360.5573105799804,566.2694661333779,266.154685059377,217.9160448833651,372.4041089684866,585.839110093739,493.4272260382688,545.5634876417112,101.4804742024586,253.4725938728039,341.0105063597322,539.8431833661323,203.1347680642516,310.6514296758252,493.8124781378987,254.4621561162998,651.1683261187165,182.6698935197282,421.9262769652601,349.6729474324366,261.4220851918718,549.7175274998,640.6824602955471,539.1316084505893,525.2385668278093,499.6268812333717,609.5110163513199,420.7262575300576,217.3458286018842,513.9951292639565,540.0990822788766,585.0313503776982,163.9163110717786,299.8488176936398,181.5558627709199,289.2647076067506,552.1610716362895,602.885471268744,405.0196012258549,558.3366300545534,504.7675251658587,465.3654965392353,482.6979388742761,618.5952672258613,539.898435173686,565.7449891283491,435.3209433498661,641.7616123731153,584.9528860950912,532.4657574816256,561.2345772375149,501.4261005232328,618.2744584505969,561.3816080186091,359.3631047785785,538.5110820060828,551.5490847568014,622.7141095787455,533.7551764454155,487.5153538443021,372.9566204375386,600.8276034416303,595.530338292175,584.250600184974,536.7053179519434,460.0846640633273,517.3412809050841,609.1444626922089,455.3264039213543,621.104724669364,553.4890260013204,312.6174010166162,95.6013218601135,96.85959519402473,234.9187120742241,315.8678215291031,128.4294974218025,279.0447606909606,300.7024650238818,349.2032799421621,161.6267847589158,356.4238020673736,94.96677572930629,316.9626488306642,0.0,116.4802442305235,341.1473804009643,257.8082292171374,248.9791797027309,303.280256895285,37.22448232571548,207.5007700965203,324.7049814193763,283.884135917405,53.3149362318594,167.8561068523222,274.1209957350934,134.1872046098332,286.8228112058627,198.9295558470736,195.936510028906,159.8070218953352,392.432861309792,196.0725374322498,111.3801989527717,93.38403533237198,201.609475725501,177.5500110764011,85.31365838073934,261.4288978912453,401.84782729559,277.8084486528527,198.7653203557993,158.5237802728962,143.7122274149489,236.1869597101589,376.2240570125439,140.8418201428289,357.4579646867734,390.8041881333858,397.9548949254164,274.9662507229079,222.8897224854531,162.1402690664524,334.1746098643843,319.8690007360564,137.4422125887251,352.1116976437854,398.4345300471857,196.7447147941524,116.5152350232406,316.7870831446197,215.8357811447854,245.3220659944826,163.5038292913605,238.7171142999971,71.75194281281263,178.9374782022598,777.9108664029283,544.9208911735223,967.6483784739282,625.2857657050141,514.7139897229877,995.7569167163049,711.2069087721483,734.6095423816247,700.1497766132421,689.705474464128,1093.745983385859,592.1268824170983,673.1018691641649,770.5144035494995,696.7937646969413,777.7279682972022,963.5870888149692,820.0586492917117,904.286285576981,304.875611704603,642.7922713294197,557.2533002724741,424.4853065429078,679.9573451848792,413.0872799790858,524.138964323274,388.8046573830441,630.934923935727,418.1839522359115,734.0227936699357,486.8996655664604,482.7614414832018,353.6971274513662,414.0222731899524,675.0149155567332,503.5142170842554,476.9094885087257,305.5014592447803,412.980752467416,361.0602622531272,374.5632996532763,339.4117879492057,326.9400218055554,515.8811366500864,478.5109708523373,706.5665076578287,403.2988276602758,739.1637910604156,485.9493831510547,375.5901963095709,480.2583685878457,386.774297105116,468.7547956922593,428.5613865197456,652.8789945902713,608.1602042519653
217,207.8518885071675,107.5271528042175,52.89211004691028,268.5746504969905,389.2172592600107,323.8013150256886,393.0660133917111,153.9240211288386,250.1014914472215,451.7504826213708,172.6899239764546,120.3399756338542,269.4604232589718,473.5941881262121,377.158937238091,430.5983511016646,55.99536070756663,179.7160944173377,245.2413877269926,423.6174430612647,105.5188840496615,201.9038898714898,378.1231097143307,140.3145040743911,537.2203993199639,76.1283809401343,307.561821412734,239.8592910847585,145.0499614697069,436.9028473373283,528.2532411185559,428.9831753823469,408.7756248015644,389.9744182643657,497.4130241863494,310.0915975072544,111.7664914720311,400.5735231716819,423.9718225816708,468.8948131727735,60.67956855603151,210.0366003541215,124.8917966168222,174.2746088280236,470.7526614333188,494.6477917117072,302.7733156030637,466.2267612453229,400.1027074586752,372.6476953118574,381.7916750177924,512.8189631902372,464.3451666937025,469.9963883987073,327.8356980605857,538.9280893109626,468.6190557511923,438.0676557125163,458.2458040352329,404.171716290873,507.4394955329267,445.6368507785216,274.9871114642602,433.9094240690328,443.3724458140001,508.8649686180035,422.3439371286386,376.7135260901218,290.7435241104952,505.247969366036,492.5227275095184,478.3199443884368,465.1618626510422,357.2932348476674,418.3568825368464,492.6956160045103,343.853610906785,522.5145696123317,466.1319236206168,333.4141388441195,127.8056766724543,162.9788945349408,284.7053142917026,387.8388605139992,212.4590992699526,341.9695583653823,352.5642241211513,374.539848254226,259.0676454168879,431.1333037112049,199.8221307049762,401.4360853991126,116.4802442305235,0.0,393.8655899963379,286.341565667394,201.4200408260863,297.394931566502,97.49504473430464,118.8294473798857,415.1237905614403,375.6043573355683,160.6693788015546,247.8876299914376,325.2744133552132,199.4773494100977,325.6806132006551,262.9394389090693,285.5770562674185,224.539666981634,436.8950247895876,128.0296154555195,223.8659445254273,30.98153510077101,147.2117666025076,150.7650434655878,94.53078283525068,252.0121433786948,488.2766274181434,292.8429288817126,188.1115402026971,197.6272729149415,250.7925046807778,214.9083651148047,397.0086630625826,62.36464518820737,439.6234512618877,402.8721625089025,471.2589495227245,348.5007973764581,245.816623407332,166.2076923153563,336.1771595040536,382.3888160539805,27.31602212302205,394.8613387635899,478.6390927822944,244.6130780697344,161.3207923261801,325.0586286933111,179.6495145914125,252.9017280843783,115.4045624953178,302.131933782419,186.9980746092434,280.787928698274,748.355697117554,517.6909825116018,977.790413608565,617.4585414430178,494.4423445348211,1007.507501433908,717.746125904916,725.2628243044453,686.4166486728587,701.4194572626172,1099.238620297497,565.0467797164808,676.0461250966242,765.176505183894,694.6044528197156,758.3752081782951,992.4263972755349,816.2538983095561,930.9463575887983,249.7500842266728,585.2331624855195,508.1418171834011,350.1825500166396,575.7079706030073,379.3320264333306,479.2459788887676,333.1613351524543,569.1786095135557,396.4237854324103,627.9177539235384,389.8190118456362,390.4399009867196,335.5650881492773,347.4721932761028,615.5601241836267,451.0411796136741,431.6112974420913,226.4305966750015,314.2199907138677,314.6802880979999,334.9719032545348,278.2516639066646,243.1477001183307,436.0514173306849,404.1481880300631,598.4741266580562,397.9924139026612,631.5971542562534,425.5180613137439,282.3764068614511,453.3965656052087,318.5176544749457,363.1375022316429,371.3117283976585,543.2945221161693,553.6650963703208
218,413.9447341505161,491.4561384155916,442.7265276943083,626.514612226392,680.6598300266945,656.3758668749484,718.7875526558547,547.6534794333405,618.9447294089946,705.5244820889276,395.1240906719618,388.5130994696627,651.5402414320216,700.8538548870195,695.0237644020693,692.8959117758744,421.2948126449437,572.1579269660947,634.9564356304946,737.9568954083661,498.6515366646214,578.8255880254802,658.5780430860095,509.7265235585146,773.9102496348955,397.0984132216005,583.156304335014,498.8730641838685,485.5373941042341,674.7580453068912,750.1055824636217,645.9168506466222,714.6874771550022,610.4451200377154,720.0867051009574,673.7745071805658,407.8723975572228,649.9153860327606,707.2969812248075,747.358916791614,454.0166779166593,603.0351181126789,508.1194053783276,534.0621770039941,863.8888604961991,856.1666237862893,684.3572595588618,854.3156144411073,773.9487205002396,761.6765564833764,762.4457991023819,880.3688346932427,858.204874353314,854.7807490253463,698.9809354131452,912.10883018592,775.6548552188458,824.6904218066722,833.3060006560856,788.674616443101,859.228001849919,767.0790256710868,668.4885689417926,806.6634607095307,807.152308609391,844.43158670632,776.0093609649093,735.4377374489163,684.4494235722119,889.6209367317616,866.5755933189421,846.6284048116019,858.8531796568379,735.9989376726913,800.5358624824295,791.8808756479813,702.1997271358165,902.9528211766357,857.1781730810585,109.1678613303086,268.6184498981821,246.0457881880436,109.6247285310499,71.95413315745198,217.0126482348028,66.91612118503802,41.44293562538066,91.07563836488814,213.0192936147946,89.67855766345087,266.7239371155971,123.1923472434642,341.1473804009643,393.8655899963379,0.0,119.4814003139726,286.8793957897088,183.7927604071813,322.6187971802427,367.2813103396145,152.5579179249194,154.734874431662,296.5752891576798,180.115809429402,68.84662433097567,207.3126968971953,75.67126800620426,142.4317251118016,175.4003892087247,181.3687509070297,56.46303808718227,329.288827633788,282.7698761748996,395.9845412559213,305.1748264832748,268.3007286263747,300.8562072280625,201.2754028054185,166.1605362158532,137.5938028781914,231.1302322002441,196.4587610420026,249.8203299903435,234.5335541174312,110.5389182881825,351.8329916569633,122.919223334711,141.8713223800603,107.714202000694,91.27562072814408,156.9972213919624,233.9765266826863,160.6267419923142,38.40991049219193,390.4012512431049,35.19836235716702,135.8276894402388,149.9917590586855,235.9221521270532,143.7517371286733,269.4021761297865,170.9679078333746,305.7159058635115,103.8285573321105,309.1675624714748,218.4082566750741,547.1760972466814,346.9078373846798,648.7683063270505,359.7671063874779,305.591207755279,674.335398263023,407.3422877078736,460.1987659669896,439.0282751579886,378.4251016055466,778.506289091652,382.3557676237956,378.7972095297962,484.9401950993054,410.6716689369712,521.9942738544323,626.8732312885776,528.4354537825848,569.526134276477,309.3103284587209,513.3923941130085,420.8930544609838,414.2395697575479,729.317630206361,285.6893245407483,384.4194180368906,338.7997238186697,517.537779982886,252.8838484558723,787.5372097572858,538.0062417728374,515.6550674614174,220.2039244495373,383.9935975030043,545.774237897943,393.8652777698299,354.7949650985024,371.4175650040237,492.8343357171611,301.2976337383792,286.8438836629517,334.8349465448102,393.2945216509863,492.7375661998196,448.0772972744121,775.8486904419286,198.1709298299993,801.3150734442758,407.4439430183541,448.5431424789034,301.8798516501836,375.1662069310442,563.6135549075157,363.341498108054,738.8577849592485,476.1953518804018
219,296.0703239076715,377.9444915974096,337.7005858478484,507.9012887282183,562.4862468241374,536.8958754549639,599.4174801677282,439.705495305555,501.309815968408,590.5530981786372,275.9690804323292,269.4667017507031,535.695957180501,588.7036067147134,575.7856870153703,576.9751041588062,321.5606007058138,466.0570002732549,521.5741564213696,618.9674806241561,388.6686202036752,462.6344479319641,540.8945829591632,393.4284842500926,661.6928173752722,280.5815343659127,464.9798963726518,380.3743744668077,367.2285314102257,560.9770427755665,639.4175740629552,533.978487731349,595.9631054089522,497.3311193028399,608.8174340017988,555.331618040703,289.2690123048134,534.5934187273529,589.8476625228735,630.6087327232151,344.818629633745,492.0363676188929,406.7863233616816,416.383736104285,752.0621609588516,737.0777229984967,568.197471027144,739.2538703096915,656.1077299493102,647.3185196325495,645.714735227605,761.6212098737232,748.3387947651285,738.6657866712152,581.1251551945393,793.8233228302321,657.1460683737746,709.2097879794815,715.434368663582,672.7077598564954,739.8080506455224,647.9193968028701,557.8608461454668,688.5861467458833,688.285849034918,725.02942883203,656.7236013328287,616.4490360243778,574.2277980029835,773.29937396688,748.4908402400239,728.009783924688,750.3311490452347,619.0248638979507,683.9720762265047,673.9114962627802,583.2881718576659,785.7366462564596,743.5280112974002,55.67227123800517,169.8770678428687,162.2146392847948,52.89171231534642,151.4776713463203,157.1610666398728,101.0708809216636,84.32515110803405,91.72933781820029,183.1026304366653,190.3670813292945,209.3772809487099,194.2730447389233,257.8082292171374,286.341565667394,119.4814003139726,0.0,169.2158609469973,89.60643790223575,230.9114515439575,248.2830067049567,222.1310558694179,201.359677113757,225.1198231712988,135.9965648364848,65.26929171043814,130.9819307114455,43.87538221554073,93.08238115699896,160.7319906530483,112.797326429124,152.4124588193945,210.2852699374817,236.824496192192,293.6130582616168,185.8433827969374,150.4188463363707,198.5119792853774,87.7888420216791,266.2677090024424,35.51783770453088,112.1806514319196,99.3926862938715,216.3616784724778,116.2489662654102,118.4223524496046,238.1680993184434,215.5319112129757,135.1854810530543,220.6963553120318,131.6660926155744,40.66704072045647,120.7568238988363,94.54822912838888,126.5782134512133,279.0364397492123,110.7670459963453,242.1893730048925,68.00592858257168,141.8723295028031,72.008387099766,149.9669007783591,52.89671367466881,188.8673297287019,88.29451680003991,248.5762609640056,201.1633305799589,544.4971664034141,319.0994171541479,709.8444230256428,375.5282157945147,281.9169368642231,737.9686853047241,454.0747473674904,484.0405312835765,453.2826443450018,431.9462054741561,836.1831576279236,362.9786685464161,417.1181471982475,517.2596234342619,442.6844998831543,534.0570728947758,710.2369808198789,565.7133354913298,649.809226412467,198.7322219958397,460.1868138169103,366.4049660861502,315.8399564834477,628.7387099659146,216.0862693938092,329.2557835643561,245.3339843525214,458.0491857247937,198.7418766874287,687.1325262732171,432.2422268059465,412.6281407849619,143.2587274252639,288.6658612071658,493.6751801781701,326.4678681067219,289.6937735189576,256.0883132125533,380.8514649308912,206.6804426956963,200.3450004282901,228.7441890833524,279.0380654432199,402.108924199277,357.1509768048738,672.1778154190184,162.2638873498461,699.4023703798571,329.2025287051341,335.8960153429246,260.0272679386833,274.2846978908182,451.5752952283756,277.1138988667548,631.6426776553146,422.5339085402753
220,127.0766687230048,255.5102899799418,251.6577755994427,354.7363069287023,393.7806086201516,374.3112163949505,434.0203762748149,332.6594119626992,353.9496501856642,421.9834126437373,110.9188756121597,122.4072550545789,395.7193823362074,422.4157002968902,409.5358678017103,407.9568074949495,254.820929884571,362.8559296386899,391.5451646608627,451.6763378254918,279.0569546044498,323.4507573287535,371.8395864817124,256.9939837142818,495.0957758488896,154.1453966490979,296.27773733797,212.1527306779458,220.2357515804695,393.3047900786312,474.3962969185166,368.1673076265531,428.0362256182304,330.4944193017953,443.3308700213556,402.5196376656066,145.2919798299658,365.8900964643702,420.7093087391991,461.3963376620744,243.1564660251966,371.6304604986192,322.8685107682473,271.3490637894553,621.4989837348927,578.5794387305007,426.1343022192335,598.4911610662213,505.2659419631174,510.4593028612468,499.9211410354212,605.232373408978,623.5690343998085,594.1215708682878,431.1524756546158,639.7304008069523,488.8352166439087,567.3592025949667,563.8790884157298,529.5624623222034,578.052507376724,481.2021280861064,435.8447493057885,536.2775335169815,531.5931344662417,559.7129865346295,496.9371636041099,459.4297642611379,452.902400610568,627.6210059698888,595.6679947236945,572.5599624354189,629.2821215597887,472.5931532778455,538.3464902073289,505.0402291953071,427.1201711665375,636.4568489445617,607.4265300614375,188.0913523949754,162.8813521309546,195.0744688111294,205.215458588412,318.080911306921,232.0746786314945,266.0576727843223,253.5387851144979,227.1891160787395,281.9160287242346,358.7257987806216,264.4711834548485,355.303809534858,248.9791797027309,201.4200408260863,286.8793957897088,169.2158609469973,0.0,122.6568931569551,211.7768793733499,104.8235461379566,380.3569318209075,351.5465632050752,251.2464092320302,240.784398000871,232.9286794354986,197.9027139120398,211.8123714891521,219.144346957302,281.561922793233,204.0511413284331,308.7093520848783,75.88655008871832,298.8446460876116,224.7630163737265,54.23473346407125,73.20821023331864,163.6670811109834,87.34561587115063,433.1560587884098,150.7381138424106,75.72523897152772,156.9129478094245,300.2451281575503,53.09550919258601,239.5529285403688,139.0560132410745,381.6756316615811,233.446763149189,389.9122030669711,291.3079828954959,140.1188401020299,107.6145598960121,163.7646327651323,295.5610436131812,180.1474855777592,270.7977985860953,410.7333905412225,182.6663138056562,166.985998191354,163.2876550646189,35.92502143479028,116.4141395417289,89.99645894616803,240.2304209961022,285.3566945140674,306.6252639303285,546.9627492727564,316.5373766100561,788.694664975059,421.6404256014426,295.0000946482696,819.2606912231837,529.1062011669146,527.7238234777703,487.5303392937523,516.9879494847027,906.5576391133305,363.792618402916,485.6220046128114,569.0667121618445,500.7815636515485,557.751241787594,818.4958209179778,620.4800964815005,755.7483127867648,56.25758450358594,394.3225215191315,311.2455048213937,182.5923433119253,476.7013441577856,177.9842476234307,280.2212729596381,139.8787983581818,381.9705450528405,198.0717394507153,534.5161710768732,276.4969716289523,262.3131526281174,142.199649469902,167.0951827331862,426.2914965675444,255.8785301625306,232.4561045259732,88.94455225376723,216.4609451629505,114.8965715871769,133.6441514977732,92.05234351771911,113.1833321454741,275.7061792303073,234.7388129988603,515.3518607144265,210.6894350062122,544.609713385178,236.9740874297578,171.3492982920978,252.6020904549233,141.7212535692013,286.2412713330085,179.6173356598084,470.6649368539822,360.3343509421712
221,243.1676561599586,370.4956917330159,350.2445352553255,477.3912470189176,507.2403143944144,495.1208880940092,552.7425555345759,442.7557542729848,476.2904719721908,525.4089798245279,232.5817023763651,243.0349427573802,517.0268377390954,518.3713520435751,527.5192193585646,514.1245053512562,343.3983569588461,471.7570496377186,510.4189729114585,568.0770910515894,389.3354269997794,444.2817481709952,483.7239710218208,376.6352370554287,591.3482326840921,268.183777699947,410.5767257130735,328.8426646440527,342.0415021314561,493.5097177647794,566.8959802994876,463.4257365083559,543.4058650196055,428.8429267834439,537.13659374018,525.1708484471159,265.5068581324836,470.4607203693152,531.510690053419,569.8152925128184,349.0653452573503,487.303025458667,422.2778024164247,393.0928599402229,741.3615393282296,700.353107439649,547.9038257695802,720.3585125880297,627.9223236156736,631.4733078940185,622.3025160082176,727.4202568756415,741.9013006294559,716.4636038252122,553.7728169751047,762.1993833613976,602.9892111364705,689.3451522939005,686.5255758248657,651.6752768497529,698.6949289640532,598.2984752477574,552.5383351168292,658.9084974530668,653.8030210088065,678.0736878977376,618.4806971907101,581.6731684014179,569.4745495407136,750.0891989875106,718.2560531992935,694.9169263816077,746.5314536882488,595.0073610795654,660.7476082354925,617.1600832811945,549.5273143131411,759.106947616058,728.490871795446,75.09873883496552,207.8252844790409,217.6370498617811,142.1035184037354,233.4820796122344,229.5217991889623,186.6787390112112,160.6792526582288,108.4509037369436,264.9344950480178,267.6845076873556,277.8761793497316,280.1144761915526,303.280256895285,297.394931566502,183.7927604071813,89.60643790223575,122.6568931569551,0.0,269.9768819506652,223.7650514338997,308.9153079453085,290.4334834425082,283.2814339129297,217.3276539525091,149.8029734326155,197.3913792790792,117.7973397749663,178.1652165985106,247.402239205751,187.177262783126,193.1982870393512,189.0322472119735,309.1384395010427,313.1878802626991,162.9650640737521,146.6420208714735,227.0614473284485,45.39600625480654,345.2936538791064,54.78131187140608,110.6007349546116,155.0553618523308,295.0133580294657,84.15180956999045,117.3492831656978,238.7550941382681,296.5717918715429,111.4202670491302,291.4008870367913,219.3702926200492,94.32239564777225,142.4021309472076,41.44149800079225,203.5791512798622,282.3293618186817,159.8602167923209,317.714658056128,145.7477974375978,190.6159758791089,43.15087825518508,123.6132935225717,61.21811069592316,183.8144394459617,177.9009353683679,312.2344419762088,285.3637037837775,476.4189790163871,244.8171861074525,680.3957247122358,324.074355898427,212.1179300886856,710.1487405712703,420.3676521024356,433.1873369070761,397.3722024531476,404.4020060737501,802.2646633554891,291.1821140421682,378.9556008655164,471.0007609638785,398.8848815234813,474.4506140709948,700.5473104491583,521.5199470281646,638.2177112722771,128.5788615144368,373.1836911976366,279.9682522515697,231.8239394734204,546.7552268624054,128.2805747734376,243.1758138887348,158.3237822041464,369.759840367468,118.5922755049602,605.0939798552805,354.2172688426504,332.1496737795283,56.41566481074649,202.8130024405581,406.7105216468734,237.614773094336,201.6182977169046,195.146047533779,310.9051902914777,119.8247628855396,110.9899460731807,151.3093378048638,214.7423103382497,314.8734874970955,269.8445746951703,592.440093991667,101.7660213966028,618.3784000976121,239.6167723810175,267.4426211208114,181.7151504449018,191.8079370254753,381.4119523322327,188.1836061400285,555.067100733537,335.7173829953437
222,268.4084169986065,204.237506726721,130.9933437186462,366.0650086570981,481.3693849405518,420.1654727750814,489.3611909021674,236.4637854828286,347.3213171352095,539.0375553952874,232.2753533361452,185.7398660702682,364.1899448709331,556.6348086199488,472.5623723525789,518.8976858911309,101.7228139991976,256.610021221729,336.3780595946589,519.0749127274278,195.9413012277641,298.5876806810322,468.3446477969219,237.7824622774811,623.2075919752031,154.2355618410442,394.9368668318997,319.926698254373,238.7887645173482,520.9984568784324,611.5060858605149,508.78326280772,503.1488111057993,469.1326251275392,580.161450183405,407.4008220005491,187.5067138525515,485.8427278185974,515.4931372198018,560.372986343191,153.1360737384542,297.5437778524453,187.9112661193177,271.4880096035192,554.868465496685,591.5749970584159,397.3150872641022,556.3292842796161,495.8256752133736,462.7927348307074,475.9613623350944,609.0513955711565,544.8941286623109,561.9560657616006,424.3989788360097,634.1348410105693,563.6861297698232,529.2805565340255,553.4169010987296,496.7122419986775,604.8536546938609,541.9028158372273,359.8736289436608,529.6567441078064,540.250990806633,606.1830972207431,519.7976314881772,474.0850329321632,374.4466109846704,597.1936872259299,587.7452569007938,574.5722422750428,543.203601438411,452.2085870069851,511.7453474723399,587.10533985187,441.2929089730624,615.9096402878299,553.6581353695717,284.5746302453087,62.76866154927404,77.16803987181932,213.9734166194409,304.6322241045914,120.3398936096565,263.6438065784048,281.4571067859405,322.6395555729893,163.0973115977403,346.7101638244436,102.3274857079997,311.7316749016387,37.22448232571548,97.49504473430464,322.6187971802427,230.9114515439575,211.7768793733499,269.9768819506652,0.0,173.7342583679045,322.7811058655224,282.5050964099844,64.02455494332456,158.4927158340058,254.2887945763175,116.3736511064022,263.2325124200125,182.6379744890005,192.5586444058569,142.7470794798395,371.6067427453329,159.9029463251353,127.5717132138985,83.00515384008428,164.5541380256647,140.6005090366942,48.1337290787713,227.1603871947121,398.0673554948958,248.0308627391382,163.4083438620814,131.9326881842536,153.2976061940964,200.2754600799697,348.7868416803107,108.3174923269931,351.2860750696342,361.5250009770363,387.8632571036781,264.0400335614606,193.9289112120952,127.804461574109,302.4718613009546,304.7488326850985,113.180069692371,330.4244224690643,391.5103267171676,174.2773811260529,89.40822011534054,286.0929350252451,178.7999956268866,213.5507412245155,126.5592902166017,222.9439483488156,93.94391798885083,183.9345450940675,743.0510575350517,509.9532361726082,939.6569796556445,593.2489879303142,480.520152567684,968.1497082145896,682.0409376495585,702.546624853366,667.3222146603836,661.5825381471033,1064.908197944316,557.2776422843054,643.1312383948584,739.1997311623062,665.9060288765886,744.1897196972374,940.0626346361308,789.0968735328785,880.1129440547826,267.6527461275734,605.7004053383406,520.4596828563906,387.5705927166276,646.967082685072,377.1040397403257,487.5529022024875,351.6204783381543,593.7426012962261,383.4626975142525,701.5836983154936,452.4782402835916,447.4944178831027,319.0929691802082,376.8479414803834,637.881144323657,466.5146387848037,440.2294502223495,269.2773210517683,379.1729620419013,324.1155608566534,338.0186052047953,302.2029168088529,291.0901467013049,479.1778144181341,441.5338837748828,674.9406532196873,370.8421565142362,707.2770292406503,448.7406299921819,340.8351790576993,445.1640787808759,349.6655835473727,436.6818563809961,391.374090311877,622.0164227640139,571.1579108776876
223,94.94291113860511,151.1004375281351,160.8666170365358,259.7643962082796,330.1706355544063,291.0989034918361,356.2843717602154,230.0023872877664,254.8494503164222,376.2681962016667,58.6562400981959,21.25931396075264,293.5371280662011,388.4945373729535,334.4396891890553,358.1173619372931,174.7166066249107,260.6078084251908,287.1571608779342,379.5516185231746,176.8744310233431,220.6067116648547,312.5764652558381,152.9384710292323,457.6690823536248,52.45542079215827,235.8782403789009,153.6987403540525,119.9718645673779,354.3166920078932,443.1234186626058,338.4363788814563,358.9635558263899,298.7111582650235,411.5540802356762,307.3378599003868,42.02627777746379,321.0841197735047,361.6301820331426,405.4369614416231,145.4053658261736,266.8606617304531,228.1256638720556,170.4481476234553,517.725788030088,488.8858696241308,324.8424334022507,497.2506041584483,408.8230352799106,407.7772098731174,400.5315057187381,513.355704267297,519.072295497491,494.3814393319286,333.9548088195739,545.8635911771854,420.8968055728462,466.4424650700682,468.0271641186652,429.059024445648,492.5699921356507,406.7550076551981,331.0271256286806,440.9255746762192,440.0028830860725,480.8915949279138,408.8852885790951,368.1877524509745,348.0823234680169,528.4753264746562,500.7738066848298,479.8037105474061,524.5480603213903,373.4443633945497,438.978533342997,440.8778241285082,335.0062555690212,539.2512638637367,504.7899348495224,280.658211752685,155.2571486309095,197.9769972853997,268.8006108336791,383.3436099860412,247.4547222634071,331.8537341167308,329.224087494832,321.7800447055095,300.3980833945415,426.5116501706896,259.9638939093059,411.1697274807781,207.5007700965203,118.8294473798857,367.2813103396145,248.2830067049567,104.8235461379566,223.7650514338997,173.7342583679045,0.0,431.8233054257519,396.9577298424464,231.8288250173156,270.9788649369781,304.546930320598,219.8567408187814,292.0770604824274,266.0266478419781,313.5402848141267,237.0891806814697,398.1540469371355,38.00221487412842,291.9043243333729,148.3447299901821,63.19073428515661,100.136529365163,134.8270510588848,182.508028864817,495.2585016805583,240.1223705140949,136.1723147140341,193.4157875165886,306.5287069391995,142.1369561217682,337.8810541963429,67.08975632114843,443.7285651697982,335.1701394705254,462.3619807447385,349.6524764009267,210.5114459940645,140.9250034180949,265.1993269155225,367.5829245301275,92.31909638670066,357.6961708674116,477.910405687751,235.0303225272254,178.5059254178557,261.2201711169766,102.3015884871927,200.2980886533343,68.64903675740317,297.8476470854169,265.2263098961129,325.3147889327312,640.9172462916554,414.6157029911038,893.1603875967636,524.8860778792919,396.3733818173023,923.8152808095726,633.7653039846452,629.819630908355,588.6800639151108,621.810443629956,1010.257295917389,461.133589537768,590.118462151477,671.875695341587,604.5607711301868,656.3377176982679,922.7937422169929,723.3636152890597,860.1383442440159,140.1781565648618,468.2117409137844,394.2873979893486,231.385250074943,473.2678696008772,276.3988317930863,367.5212485877201,219.4999264916626,451.3253195707399,301.0377748350679,528.1143384894013,279.4658538700978,276.474609919672,246.973931305296,229.7754700419964,498.0137807790668,336.5571039883753,320.5232999808293,107.641210311505,205.5441210476784,206.7056025890862,230.3008483997043,163.7369973320853,124.7319994692289,317.6604773684884,285.3192410998374,502.2016634207181,315.4449000775635,534.2414266858093,308.6916073672418,168.5977008010148,352.2307571104061,200.7052639846735,263.779696712024,256.1741332533372,450.3805310346991,437.6176723782842
224,501.5846588493677,522.1218998096468,453.7716877820309,676.4663838039676,761.21691171986,719.7165949602305,786.7191030922652,558.9335161454013,662.1671958507828,799.4651442666876,474.7055932788528,452.1960836801343,684.5786356866363,802.4949130302247,765.7687100713248,783.743991737767,423.0141599059884,577.4992367275198,658.8183282570932,811.2084821110598,518.1576552498551,615.8898175153664,742.2465797704452,550.1779420356647,874.9393590225147,445.1150345526256,665.2230962010213,580.6432130190015,538.0663581647544,772.4616985678243,854.7344035793838,748.437643592345,790.7805417856349,710.4582984630435,823.618755977634,721.0832394463831,466.5388084332116,743.264614012236,791.5522743603696,834.409457709734,474.3554189832254,620.3219812534942,506.1779477828474,580.5026542685946,876.368423777029,906.5658312621996,717.8962306951985,879.08774971443,814.6717254644677,785.5217676878834,796.9111592883502,926.5302724470433,864.5962285848738,884.324904266721,741.4336378754579,953.748423464374,852.71235596737,851.8585013923724,873.1405987010944,818.7992915227669,915.8694302482381,837.8979618614649,682.223164518542,848.4060922174191,855.6689974672223,909.814067055908,830.7007377904462,786.6091584747354,696.4367070541809,919.5828790008912,907.3649316653889,892.0659491335431,861.3034165605452,772.3485349179936,833.3420891376207,872.3772972692923,753.1831936252539,937.5334574508793,876.2428396047169,243.6996337725092,291.3824363052229,252.3463916489074,176.0669699993948,81.65778031399576,202.9914117443126,122.24372166309,152.8724812288748,239.5586931329478,163.2585632374563,76.69360048372153,230.6765011245557,29.97713817694643,324.7049814193763,415.1237905614403,152.5579179249194,222.1310558694179,380.3569318209075,308.9153079453085,322.7811058655224,431.8233054257519,0.0,40.86646308023783,271.5766127004672,167.6481831509006,159.1169270068707,218.3077073736891,192.3963894679846,166.0508585132054,130.2225739251258,196.5041461843542,197.0213329195777,396.6383906101445,227.1399522500033,405.6410540756932,378.2175834596738,334.7921472010996,323.5096155394978,308.4068149399541,78.40798077181135,254.5574978740786,308.3405779948114,238.4104545331855,188.5950147020093,328.6818927473039,262.2543541524029,393.6090226623973,49.51251346998075,293.4136230439389,105.2595780872489,90.61415203824566,241.0970348682129,291.7056148714834,298.4205602525948,116.4170723775079,421.7812328807566,187.692787715536,86.16939854327077,199.749618485478,259.9727327992364,277.4313694489651,352.1941333463894,271.1136444371022,363.3517746958436,140.1726385171777,266.2962698815467,149.6772830760978,697.4022510553273,499.1505726557953,763.9491674417593,507.5669046382044,457.9231251905269,786.5215347701849,540.1674191903217,603.4268669096309,585.9914125532908,507.8192668260858,894.5538016622604,534.9083207225632,517.331165817129,623.8709366058949,551.389785535134,668.6253798399882,716.7412883776416,663.8464588380147,665.3925262027827,418.3822808075853,662.5943181644869,569.2262120470532,537.9698297735787,850.2328069654989,427.0807870224114,532.2686535043135,466.8244422051827,664.988548965797,399.0853266119469,908.5943843335307,652.4267512664954,633.9280088743607,356.5414947258208,510.6026737510605,695.3806893849738,537.6147859557177,499.0431216353562,469.3001608864783,596.6707759470866,428.1654176788392,419.3944473396892,450.0548710732928,493.4623565383361,623.6053586871059,578.5852125232819,892.5589108743598,347.2881019097532,920.4095815473133,546.1631822793987,551.5032147912045,451.9468312473367,496.3434917449288,666.5976808392,496.8646962041456,850.1372845841659,625.0962560386743
226,470.0271275337583,482.8299010092362,413.4880536698361,638.4066749881214,726.9871840664593,683.0783168453905,750.5035524015169,518.4419916171062,623.4951764790367,767.5944836659003,441.8822082907873,417.0036889586232,645.039026978564,772.289994444536,730.0027581948343,751.3051378761097,382.4317531704405,536.7991056945458,618.7516385392337,775.6855597310746,478.1354523058156,576.8107571469479,708.6142340109374,511.6080050389656,844.3777280433852,407.9199256429661,631.6095912789729,547.4105730324668,500.8133177623642,741.4754636367473,825.0748268815427,718.6302557439446,755.7426786216665,680.2253095148436,793.7897081065713,682.6486552883417,430.5168239664281,711.4658882630335,757.8643288574902,801.1008782499732,434.5163802286166,579.9876789610325,465.3855116750834,542.396999616012,835.6684201119933,868.0949231953626,678.3324792460083,838.8282974438872,775.4893505333565,745.2978128495682,757.293152959842,887.6479100473754,823.7821782308059,844.3072278227353,702.51700021193,914.4661329607085,817.6653504396542,811.7407994807566,833.8110616711554,778.8791516340558,878.0193184022357,801.9587357060634,641.677237526242,809.2570698336573,817.0957230281045,872.9999867988878,792.7855143745612,748.4143550406093,655.8219824748273,879.5587671254463,868.0677031831302,853.1649752646924,820.4492097541732,732.8975826497472,793.5702905710042,837.8346654373022,715.0391721160961,897.7701067536937,835.7455150058468,231.1388783596461,253.1698417819272,213.2349860153967,151.3372827388288,84.11434552284939,163.1829018351632,107.8993084714189,143.9621535708669,234.0045802866359,122.3954101703675,98.95489357381616,189.8105393327385,43.98099134222496,283.884135917405,375.6043573355683,154.734874431662,201.359677113757,351.5465632050752,290.4334834425082,282.5050964099844,396.9577298424464,40.86646308023783,0.0,230.7306139102102,129.1540459922391,143.1159693208112,180.5078472463819,178.1316717790837,133.398554796238,90.11488461095436,160.1467448329733,205.9771721021594,362.6240892189164,186.8625199717507,365.4498545972368,345.4247705560901,301.6600585424244,284.8392803446471,284.6120219490017,118.947215380742,235.6548501765814,277.7877051332802,204.12421846737,148.2564930963927,301.1321464964364,259.3755800637443,356.1442348870773,82.23846032224775,289.7041296355965,135.3268535539309,73.1327473285917,214.6603901525005,258.1454525902012,285.1196218431212,116.3536454509529,383.0380379419568,188.3507764044234,122.6524080754176,169.0431376807611,222.5257602876255,263.0962488560946,321.6882389376844,246.9167389423377,328.3173509224892,114.4252058673397,225.6599265004024,109.2471054809986,701.626905032976,495.3480234230437,786.6468004240575,514.4466613899245,454.6440027927604,810.171954279318,555.8640443818588,613.8272229707059,593.6289146858395,524.8098944429713,917.2184469828002,533.4728019726238,530.2812408292083,636.8333000360844,563.2373810643581,676.5739272156176,745.817423237645,678.6608076800496,692.9731521725461,392.730293006974,653.0780053954325,559.2046655254968,515.404462803748,825.158688502067,413.2131865906766,521.9979674465224,446.4823345826913,653.7309243415433,388.6001511889108,883.4016126909927,626.1626086310457,608.9189493695208,341.2200603517283,489.2944545850144,686.2212394575432,524.1929528390585,486.2296445214943,440.2323791169987,567.9338119336373,407.8756657654346,401.4194610174826,425.6906254811102,464.671062718351,603.1160593956197,558.2319719283634,866.0460185108577,339.8858180066109,894.5557192632525,529.7677428035471,522.8711420488513,444.4967009864492,473.3012448027055,637.2589311916887,478.4214419718091,822.1962000649747,615.3952123034151
227,325.0268553603941,266.0496639407164,187.9966534421945,428.9857568285433,545.1753825049427,484.0289488096674,553.2500985049564,290.0526752492732,409.3293684156065,601.8050991916824,289.4869340807917,245.8252719591475,423.5751077212225,618.1903460728004,536.5696242633028,581.9346309907602,154.0233448711101,306.7777400922592,393.2957516239751,583.0815182894336,254.3263945180268,359.9935878302204,531.8384009107525,300.8809083918296,685.5267830054502,217.2913820527721,457.9514379634332,381.4958200303537,302.8125522831486,582.9336638834905,673.0290001730559,569.4498028285836,567.163814426952,529.7280951733244,641.5827942705972,469.5079066243665,249.5952736416608,548.1695850250936,579.1864118511219,624.0377733995263,213.4161130653555,352.6098493130609,234.8397847339691,334.9381613638999,605.4748840201207,652.8639725938358,456.4149942804348,611.303215240291,555.764287541147,518.2016141247068,534.488398308762,669.3993540893223,593.1008441685414,618.3802185501733,485.3866133187727,693.3267247547016,627.7095628122931,585.2143495703375,612.6962588257505,553.8144433353314,667.1155664662413,605.803349046421,412.5626123553936,589.5632179550026,601.5089080531715,669.5159255542856,582.2378692331373,536.2855976671686,426.2299432554295,653.5082517232323,647.0198465414916,634.9812801687351,589.7322895961771,511.4636516682281,569.5004095046738,651.117400909661,503.7156802999979,673.4187110138566,606.711993055816,280.7838356188777,88.37539038282944,65.67084763378422,194.4745181975568,266.0070051716593,79.90451007824828,232.355672493655,257.2507299545883,314.399079016524,108.3854312514968,305.5788296145057,41.75852564287701,264.5363155243813,53.3149362318594,160.6693788015546,296.5752891576798,225.1198231712988,251.2464092320302,283.2814339129297,64.02455494332456,231.8288250173156,271.5766127004672,230.7306139102102,0.0,118.7019982610532,231.6515338358768,94.77758269205523,248.6334829495411,154.4881644598565,143.4800896788418,117.7084554616348,349.7624459439264,212.324577755546,63.54726840164896,142.2553218274394,211.28268780649,178.0771039235684,97.42354895787814,245.3653732071065,348.9412788836709,249.9062092042855,188.9038414110535,129.6382822395248,91.60420507761619,227.44493082689,342.5191720104894,169.1817622908421,305.2172861851779,360.2110611267311,347.1537574894161,225.2078774936986,194.9269355449015,150.6167405687034,309.4503928263368,272.5678196915872,177.2043819146969,310.7311825353958,346.3521974138832,159.4178391705566,93.25860911459564,290.0480285033869,215.8159216602319,222.6691842041325,175.7515849576048,192.9095798348854,34.49478502114557,125.7809860469277,759.6204184963912,527.9489368120941,932.540875341649,599.0703140947817,495.1494426034254,959.9896828400358,678.6575398604879,708.0814604374627,675.6804996321514,655.3901952890077,1059.910966267525,574.4584252554827,642.196583503154,742.1418575028529,667.696395015091,755.0314927928463,922.267951677497,790.7917827990702,863.8277735040267,307.326328093741,638.8947963133425,550.2263726543624,432.5874565944211,704.1421390185486,401.6475740607712,515.5923609208867,388.367112572299,629.2987017302304,401.2137769057219,759.5416520137152,507.3287676924281,500.1561536606084,337.0466501763211,418.3357683866301,671.7620063343034,498.957748987332,469.3914626539394,319.6503742137354,435.5784629067194,357.0712442999574,366.9422232982708,343.2974242030469,342.7616769682592,525.3966996725965,485.5933669816454,734.0224859981226,379.5776257860882,765.9925352386143,485.6481384543195,395.3981295785782,464.197977946471,392.6650843766898,495.6044078496526,427.8657111855414,682.027037992266,603.1123641197472
229,349.9862020011481,354.5943507164075,288.6191593698248,509.2576139371772,600.9829793634082,554.4312451686001,622.1601640576441,394.6506673412115,494.5651920465166,645.3634422138614,319.4171369796979,290.3953675709283,517.2178740080234,653.2393132667204,602.0945250516551,628.1066390274873,260.1424345990058,415.0919040414544,492.4492521888757,647.9988104076989,351.8274467416516,448.2576463209912,583.537460567895,382.6084376727158,724.3877312031575,279.054650837894,506.7464442732445,423.4939984593192,371.8599546684239,620.9898391720294,706.9389219114237,600.6217779512681,628.6299557734167,561.5162291470192,675.4209685158048,553.5941220220677,302.724054688188,589.536565892385,632.6090228320254,676.357986031558,307.6172385406895,454.9985965752874,345.6986044976193,413.2498922583551,713.2820258589454,739.0631971227283,550.5529539025672,713.1901250645054,647.0573425525624,619.5560686066191,629.6113526776342,758.8874759390469,703.3439480066301,717.6949496718277,573.7863334628028,786.1657122060095,690.4850752931173,685.5081342446781,705.5861591149043,651.9759480629302,748.8660303450714,673.8373467359177,518.0432626720636,680.7808310405854,688.1135666238648,744.1857889598759,663.6314733618528,619.2882809360707,532.7868534637485,752.9555853036422,739.791609818239,724.4209292361535,701.4191624633703,604.8872135342103,666.2445097474979,711.2650709143618,585.9026708880176,770.3985932252012,711.4848957712379,187.9919670518165,124.0163859194521,84.90982443404818,89.72211884819254,148.0117149305285,39.42660943283383,114.417546801109,142.8121707320983,213.445340494505,47.64523323253384,188.9416238590497,86.61369490650543,153.8158678884757,167.8561068523222,247.8876299914376,180.115809429402,135.9965648364848,240.784398000871,217.3276539525091,158.4927158340058,270.9788649369781,167.6481831509006,129.1540459922391,118.7019982610532,0.0,119.6478145219751,51.6936726201015,144.2829126524628,44.64465440690671,42.65853100163733,36.7476232580613,234.9754713382145,238.5115887098559,105.893585143436,240.2503598679986,224.2579392888718,180.6103873507196,155.8769650821525,193.9293680051227,240.5604134363653,169.2605657947828,165.0973687658633,84.12898074142714,80.59854433541393,196.5972139104678,242.564839400805,227.161562855252,192.9021362743672,265.6470173710798,230.3733506435474,107.1101442550091,123.9478480668903,137.3370970860075,230.2392428468235,154.084547677435,254.1447967111866,198.2554609051694,233.0178708142728,71.58011382948028,93.84003106599197,207.9202824820992,207.1487537070136,159.2972167498774,202.5705217657424,76.64700688944805,129.0615008321866,68.97805688918487,679.9801322340373,454.9959843300828,824.2849089203507,506.9765010934159,417.902659832997,850.8099288417209,575.1764870813456,614.1562186352447,585.7041169566085,549.4229514443289,953.0236554496265,498.9720951311114,541.599798753552,644.8233189332822,569.8214452896051,667.3601908579323,806.9836066323251,691.6820466383057,749.4480096909581,289.6524024886436,590.1979049004943,497.2398461250813,417.6741965313565,717.2504807519226,345.381943804332,460.5001572527077,357.1777176376348,585.6456597534905,333.0268823805158,774.8870693632538,516.9381941888433,503.0494582216849,273.6517492754128,395.792430825849,623.7132329211589,453.0182313442949,418.2655979891308,326.5315653648472,453.3354542205609,320.3018878912195,321.3353695278709,325.2443790966817,351.2496873505249,509.4303480682801,465.7919610904252,754.5585104439494,298.1875660796568,784.4454580314004,449.5129904822275,409.0185164128075,395.1571170848545,375.2572738213355,520.721016336163,393.6724541679536,707.7150266282475,552.8449285932097
231,359.0850495037383,423.9155628409407,373.9159855659547,562.3237831209883,624.735282948559,595.2573436567005,659.1040444359519,478.9697600096014,553.5417197170509,654.8350301552679,337.1108113425604,325.7957382617387,584.790877841987,653.6802713905364,636.0531125274264,640.8710882537587,352.5196928184868,503.3481448083023,567.1989035409675,679.8727524122754,430.2557079145259,512.3676175969989,603.6671905549365,443.4519465075089,726.6337652390183,331.277739435461,527.3430378703293,442.4749523038199,421.1583970552323,625.6385367912686,704.5593795590844,599.007465704207,657.4083092345699,562.1800568185621,673.9062153956356,609.2584050887093,344.1795145614302,598.7820231549244,652.7757017847756,694.0086158135149,385.5528919789476,534.7235541925816,439.3204322448286,468.840639836307,795.6094313447899,792.7192691959857,617.7560447589279,787.0298538525849,708.5893295798809,694.1581514271868,696.1460601819466,816.1626165020281,789.6115830273412,788.0259541391149,633.7074800800559,847.1734756443973,718.8751672651769,757.6153572861838,767.9334283593541,721.8770361586411,797.1109864251662,708.3631701619094,600.0715882782096,741.541156173976,743.2283464369343,784.4167580010746,713.2587005915985,671.8446219955412,615.9614629136513,822.9697821941902,801.4191764850881,782.2233991270965,790.1253990493241,669.8985839495056,734.0937430389208,736.2898879655866,638.4698537173686,836.9259841745903,789.3662079026582,88.39816471016516,199.7718255796598,178.1684693145065,40.77810430156828,86.20851174838192,153.4258753723605,36.8757704013281,27.40368902288499,99.65548373398859,159.6338991361766,125.7982918451881,205.1449572808316,130.3940970670921,274.1209957350934,325.2744133552132,68.84662433097567,65.26929171043814,232.9286794354986,149.8029734326155,254.2887945763175,304.546930320598,159.1169270068707,143.1159693208112,231.6515338358768,119.6478145219751,0.0,139.9371391372849,35.20968694956922,77.55539791889538,126.8321570734902,114.5859195985886,118.3903503907328,266.7896205408347,225.3271529910499,327.1379169849989,243.8964493812928,204.5611944115122,232.0476284914927,153.0579965647858,201.0865502273559,95.6255361283718,169.572845914144,127.7181330366809,196.3202870400756,179.8396326169561,128.2492986520234,284.7247054862708,150.2629397540706,155.3437874350732,158.4615982275929,70.3830130231998,95.04084840460504,167.6356235687469,142.0168341082272,63.38208958639644,322.4602024956492,79.2402091412245,177.8071024927053,81.14513509237753,167.117865178953,120.0048739664301,210.6987360060286,117.53668305704,240.6375844509258,45.36850180020764,247.3593303512524,170.904661946855,572.9673150458901,357.1272153613971,704.6777976518345,393.2997961018932,317.3786664071329,731.3066587995482,456.0743974121937,498.7289301102817,472.6716704818386,429.8891543800798,833.3758914874145,397.7453548470365,423.4492022253953,527.6765373455132,452.6833496870079,555.1719490321306,690.6459194032835,573.7200341535747,632.2035247753752,264.0009946043127,510.4013292888067,416.4522456638323,379.8277154034008,693.4766891495673,270.1713696419878,379.2095402365585,307.8591794949012,510.6714017534015,245.962882566011,751.8756785110063,497.4118694772303,477.5256560146278,198.4807891788597,351.8882727986491,543.638443502859,381.133803567196,343.1164672673156,320.6450502915647,445.9511458040349,269.2267316895378,260.3530048399148,293.7519260068203,343.8520305241193,464.5831668715525,419.5559122341974,737.2688481613097,199.5524005295418,764.3316718543161,387.7038588099586,400.9416493304539,303.3145822008277,338.6249897639156,516.6281284667728,337.7885849621939,696.9078833404217,472.6904469464978
232,301.0820734987632,305.1665153216676,243.0081036556693,458.171868629168,549.618443943103,502.7773262010695,570.4709669484295,349.3026648250523,444.0419562542203,595.0713928310425,269.5811180769996,239.0353039401761,468.0211203821308,604.0309494906534,550.4093863227133,577.5178248894059,217.2886657123792,371.2820372387018,444.6885252058153,596.3294080274577,304.4562273175824,398.3077916580349,532.4172304909304,332.0143146960416,674.7790031755275,227.456380230505,455.7287444017403,372.8604322806488,320.3176184827009,571.3110221839922,657.994333850333,551.869029222312,577.0362254786294,512.5672266425084,626.4301228938801,502.8136068767145,251.0747636586113,539.3930627119487,581.4217861439571,625.2920998581538,259.8439643992764,408.4331376906862,303.9738585757734,362.1979914790006,668.0743311538299,688.2955402582276,501.3649240700858,665.6594671812921,597.1286267203645,572.0537951509989,580.452485967613,708.5311433307697,659.4521444177021,669.3959434455132,523.5266511614934,736.3257601995166,638.8754133231425,637.5421649648496,655.8537575009641,603.4910228547586,697.6552383124596,622.1438261450485,472.3603856747883,630.7886258750704,637.4451744664295,692.5828095289284,612.455334268993,568.3018776183599,487.5089056197588,704.6373450936833,689.9928214528072,674.0940634436914,658.4422174521178,555.4267566485387,617.3825798350923,659.7582187545759,534.8788028281961,721.43114981567,664.9731110104957,186.6149955497658,73.18539689168273,39.20561166881897,100.9716581794854,189.4824249718614,34.79176661155409,147.2701554748259,166.6119690283554,219.6274255321412,84.54297484840092,232.3104555567772,80.64845643202071,202.5105171958737,134.1872046098332,199.4773494100977,207.3126968971953,130.9819307114455,197.9027139120398,197.3913792790792,116.3736511064022,219.8567408187814,218.3077073736891,180.5078472463819,94.77758269205523,51.6936726201015,139.9371391372849,0.0,154.2116597697003,66.2643237356701,93.85402508319576,26.37343002511118,258.2523419366713,188.2852557241968,111.943562753517,194.8084093650543,175.6732434503688,132.7508870645599,105.8593498541041,165.4988370064205,289.3168666308818,158.0208948552867,123.7086114685005,44.51145126736834,103.7699807830324,159.1491472461411,247.8111491228192,175.6374236347935,240.2011332535772,266.1580195353195,272.9863674595116,149.4647577001322,104.45109812063,90.97724604082723,218.9028086735233,188.3751816145119,203.922718936044,218.0985593459595,279.1890150553922,64.64226339620247,42.14749032389002,198.3532978507418,162.8448380610785,136.262904851601,151.7441125926316,106.5702972776487,117.8493845847035,109.6134988087777,671.0290083253284,441.3956965577179,837.8457431680699,506.1536166056189,406.715170628197,865.3829158507251,583.9364124045925,614.8696583809179,583.4551960920394,560.6187296262157,965.1389207226202,487.0441769983443,547.7156169630688,648.2372993160166,573.6321997940285,663.6107516646172,829.8210610120553,696.6041592245818,770.8384092606684,249.9306521040201,564.8387111366037,473.4180436274874,378.6084772499409,672.170735483329,322.0455677010771,437.4730771126904,323.0908348416611,558.0849524604516,315.9118285807525,729.4469864492708,471.9682535670808,459.5975249810767,253.196720084749,359.0111702856395,598.1907503158552,425.7527480064318,393.0906067584114,280.7620232095621,406.345494827494,287.9284057388804,292.715118874589,286.1863477045807,305.395858422806,471.3201026983749,428.6484944621358,708.01222743726,288.9785362425027,738.3736815651193,418.1535998430062,362.5712436583278,378.9901799897897,336.5844136579655,472.703306901573,361.1037029876316,660.1117999298865,528.0364912115067
233,338.8685911666539,419.8179663368861,376.1657754466594,551.6109839146312,605.4972140938968,580.7419254179204,643.1249020233998,479.5118865032055,544.7175361351301,632.0133410362032,319.5155474289858,313.2761398727739,578.5033472843799,628.8690383096628,619.3985746834618,618.8783096839809,357.8255929461483,505.186765019931,563.4948087147066,662.4272864284982,429.1951818501777,505.541240565688,583.6513603466718,436.3471532929323,701.9218770711637,323.5171524021872,507.9806028342966,423.5377561125879,410.8315329900231,601.8741052878597,678.9536510635211,574.0166215613239,639.2713011817686,537.886785381736,648.59674040319,598.9956761497654,332.951167526965,576.1997019692246,632.4942370582332,672.920041425932,384.9687375181878,533.0561530933919,443.9500634621,459.7903090214029,793.5132246888743,780.9130728065709,611.1223486179866,781.8369251007821,699.5983724151992,689.6359873915205,688.8469018352312,805.3774015154088,789.0842464070857,781.6059646052614,624.6135159234932,837.4545596538674,700.3406780461057,751.9307345321907,758.9388652521747,715.5876817908247,783.6818127201694,691.482892657278,598.7887495521877,732.1510694110403,732.0700056430356,768.7633941059751,700.5917111698619,660.2605971386731,615.015812930066,816.3128135452754,792.0614684100228,771.7311899252661,790.5899942698427,662.2335597426858,727.054198032704,716.8279756634298,627.0804963997942,829.0419534558768,785.6219419441269,53.18847776059584,204.6534941664526,189.9667551907416,55.24842097153095,115.6847567435272,173.7471803964842,70.80649868172094,43.46940831196613,69.24524190782898,187.7732723149637,151.1364943150638,226.5255029779511,163.0995108316366,286.8228112058627,325.6806132006551,75.67126800620426,43.87538221554073,211.8123714891521,117.7973397749663,263.2325124200125,292.0770604824274,192.3963894679846,178.1316717790837,248.6334829495411,144.2829126524628,35.20968694956922,154.2116597697003,0.0,99.83992284333459,157.8780985094333,131.2651370990603,111.2221779311653,254.0752327523555,249.8435209917772,330.8518490887304,229.7110729400353,193.7694395168992,235.2044430066359,127.5657878855408,228.3351084762951,65.63605396115244,155.9219856892525,131.9189466245865,223.7121075827433,159.1700525750474,98.38007510725225,279.9179335430094,178.9506290231018,123.1573749451836,178.805907027332,105.1546145939352,82.73938366448097,161.8876100564457,107.0314304710867,86.71326705449322,319.9287443694976,69.18608983420359,202.247449317715,90.12239153960653,173.9883876667576,85.3140302583624,193.7319378971135,95.53868010371563,231.8430980172695,76.56772706323808,267.9015567136741,201.4137292109857,540.5375198610894,322.6401039684451,684.0463800470678,363.444657057479,283.1898947323226,711.3771588985592,431.9866935576665,470.0877740776544,442.5161801321678,407.4221265152954,811.8204248709434,363.8151222872212,397.5810423504846,500.5445801448058,425.5466330894509,524.6441325229687,677.0677051953712,547.5362014694599,617.5118261817627,237.5637543230604,475.2070629304274,381.2655678480622,349.3162095565128,663.8713544749522,235.4591602894572,344.0275941115246,276.09621066011,475.5996117913541,210.7574190420207,722.2511529092385,469.3793367710769,448.4980762300006,164.2300081337499,320.5962611253983,508.436436404529,346.3608426280391,308.21097837628,297.5112225287543,420.779594489028,237.6220849386659,227.3031090614283,265.45269315839,319.9439740507431,432.4745128672748,387.4582545972457,708.6765922250438,164.7686086098355,735.1728367293225,353.7843549566176,376.086030834536,268.2397193742113,308.7165616652889,491.5992539593351,304.8153354018083,669.6438960988863,437.4986772888469
234,336.654586811803,366.743505244627,308.2352127887498,515.0163001049143,595.1676621417212,555.2358187419975,621.6646289268726,414.4266708138325,502.8424308143936,634.3222614682754,308.9136864551765,286.5737369827898,529.4732585270921,638.9389358917318,600.3143869148131,618.2202347761959,283.3880038385187,436.9782803940095,507.9533773701028,645.5640948696073,368.3924651685772,458.6024309570328,576.2444347540289,391.0291015419639,710.9863078130353,282.3971308199878,499.217701048982,414.7218171236922,375.0389632239289,608.0784985189172,691.8239801497058,585.3640553616259,624.8958147105336,546.8811426964784,660.504468692106,560.6816190454268,301.6782886163152,578.1702072390324,625.5434206928463,668.4977144172157,323.592619197008,472.7510356755479,370.1479044320395,419.539352053587,732.9753533779378,745.8697702246104,562.7662973075147,728.8829422491814,657.0373501504786,635.3928522975708,641.7733421857253,767.2910500253239,724.939092106488,731.7886346579025,582.8183852715621,796.2454988520641,686.8198617404586,700.3451364313484,716.0786020469383,665.7242108124002,753.412671189732,672.5518465451075,537.1492257893619,690.5132183723815,695.4139278766587,745.4142830501122,668.5240950541671,625.2815382732106,552.4999816060284,766.9752936053974,750.0460065516967,732.9731737640536,724.2209882711285,616.2906864725982,679.0965600580752,706.3522212331818,591.7799447048084,782.8836161030378,729.0590057598495,143.670943430238,135.1449578154428,105.4699346315256,45.07777722075994,124.9344199238019,75.87198072557801,81.00583260647458,102.7628007145959,168.9014002338921,90.40893571669936,168.385130472269,127.8615063278327,145.3687563109853,198.9295558470736,262.9394389090693,142.4317251118016,93.08238115699896,219.144346957302,178.1652165985106,182.6379744890005,266.0266478419781,166.0508585132054,133.398554796238,154.4881644598565,44.64465440690671,77.55539791889538,66.2643237356701,99.83992284333459,0.0,69.38519543945887,39.89089522158336,195.2962604037829,230.5983693922384,150.0101617058602,260.2654688270699,212.3966147732439,168.8187433582996,168.431961913278,160.3136612026215,230.7421426492299,127.5075081123521,144.6104313382309,72.79822283642113,124.9864097625546,170.3193647172639,198.0045893011868,232.0187723582202,179.9623213615871,221.0233632202766,208.3195409850917,86.40249025256689,88.36182223599123,125.6549377684116,187.6300739985342,122.1108592014562,264.7056050522508,156.7942445645994,217.149234373719,36.94815789938697,101.675826632151,165.0410468225531,188.4455683911423,123.5782178439561,197.77774947304,40.30597431152451,169.9250788565566,108.1457714686606,635.8858984167969,412.0357009586756,781.6752512723791,462.3331692105645,374.4542457770823,808.5001607386565,531.3635760562673,569.5351850904469,541.0784826806087,506.0803923147418,910.0732544093867,455.5504222803901,497.3711947350283,600.3548478111376,525.3650471383445,622.7793658787859,767.8491283592195,647.368238249383,709.6167284273645,263.3140159489001,551.2452085455931,457.7958839820413,389.2508697488831,694.8346856147422,306.4024162730501,420.8122497903713,324.828442811425,547.8465192917607,291.529052866733,752.8877685673768,495.0633323736645,479.1200998911424,233.9407328718911,365.3748062218097,584.7700942388476,415.4923756268265,379.7823055978492,307.4329097004991,435.1461747263426,287.0205482897434,285.4837458092737,297.7010354110988,331.9857474933487,479.5437330878637,435.2375770698044,734.4193559319239,254.6465695021266,763.4369945307848,414.5266530578357,390.1907153452842,353.0790440096729,346.7894406896786,504.1602575154499,359.8741769898749,689.648649803667,513.7132187214949
235,392.4598369070403,392.8971317213128,323.5492471936539,549.4952297450459,643.4479816225743,595.9158949294247,663.8628411127488,428.7852505494502,533.9831402525498,688.0159055594723,362.0456527819781,332.8548760183581,554.9740302811924,695.7267337099755,644.0417203802472,670.7638733245344,293.0079885514675,447.7254949980214,528.6779726072581,690.0304434462555,388.043745591623,486.991958333174,626.114103009788,422.2433382877273,766.9524486780915,320.4534139133986,549.3495209115341,466.1473378638404,413.0506781992825,663.5720505095559,749.35816806527,643.0041492818369,670.8575671984394,603.9535682724904,717.8548949027227,593.3326235174646,344.8505511432255,632.1794052422955,675.1631744669521,718.9522608609793,344.4018321693183,490.1006953828106,376.8724629864392,453.5018914924162,746.54127402075,778.6950741044345,588.2585221841813,748.8705867666832,685.5761587609411,655.3119428949881,667.202583828222,797.9150027745625,735.3104933486306,754.220226770755,612.7870716229005,824.4909503185797,732.681874637455,721.6918244269774,743.8181458507737,688.7708514461576,789.2292509569979,715.6613936137179,552.1203613254191,719.3598171174444,727.6170652688339,785.4477950493501,703.956265618596,659.3095458698521,566.4335662912495,789.4740151508305,778.087907332869,763.42306621956,732.4996387795492,642.8592114007863,703.456825624003,753.6111898297015,625.9995342750619,807.6567516469095,746.083524008741,207.3152426406244,164.7763721044961,123.7255875919301,108.9159193423429,127.7607395061315,73.11798899332211,108.8956723182063,144.2021769637169,226.0709677584929,39.53694134652356,164.046814859907,104.4181205779183,121.0719282263292,195.936510028906,285.5770562674185,175.4003892087247,160.7319906530483,281.561922793233,247.402239205751,192.5586444058569,313.5402848141267,130.2225739251258,90.11488461095436,143.4800896788418,42.65853100163733,126.8321570734902,93.85402508319576,157.8780985094333,69.38519543945887,0.0,78.53525260085618,231.8381947109526,281.1696444251078,110.8510234569828,275.4335884500184,266.73643849141,223.0091339318297,195.6583462060535,228.994789428412,206.1887103287606,195.85048097782,205.8613488999646,125.8332567504146,75.09606864683697,235.6075311898008,254.9126636015603,268.4397402120489,161.7448119447569,280.989919382804,205.4375310792598,89.07239940519985,157.2900374862417,179.5806209863032,254.7699237325216,143.0079375809238,293.6062072912753,199.8671565953071,202.9260144067805,104.6790079157759,135.8465721753255,231.9737412543302,248.5550165424772,192.6946070542409,245.1883271052904,81.72277833904201,144.2506729226713,44.15930602241259,698.382580726401,477.9062317055099,824.1498235661286,520.1153490145839,439.428039872353,849.7246318843178,580.1543005244646,625.4504190662965,599.4580558906501,552.51004103322,953.8039464852943,520.4096284982963,548.9728005532411,653.8163609560336,578.888227392129,681.8872327717925,798.6430337088749,699.2498335406405,742.6102641829151,328.9290625529242,620.2900092318506,526.7092383264095,456.1863194097752,758.2599946136855,375.551775571771,489.6502321191597,393.3733615915796,617.1463900257319,359.4347685378204,816.0316964987317,558.0156964596573,543.4847172356017,302.9499892367824,433.2213885164612,653.8084621763915,484.8430675343428,449.0053423873217,368.1184968176669,495.224129663699,355.8192286873169,354.8030135232869,364.0621137559914,392.8323767877268,547.2408991036457,503.19455438188,796.1673799419185,319.8345828309213,825.8544473783774,483.7745234559354,450.750563752681,420.2986856238741,413.704208820051,562.9124168315577,428.864254398557,749.7267556955268,582.7131288941623
236,314.0451097928772,329.4541483414487,268.9067605000382,480.5040725156701,567.2544824779393,523.2774665575661,590.4838080929277,375.1731650385824,467.2026644365045,610.1300906841199,284.0338412177028,256.9598222739033,492.3274410361015,617.305130063718,569.868864599984,593.1616687783873,243.5851978894281,397.4058838457109,469.7671858685953,615.53883563346,329.7912337768789,422.0883016481833,549.3182955338794,355.1933506928486,688.6503239358084,248.6590571687507,472.3999348515774,388.7046633048304,341.604025292656,585.3188904573894,670.8753497672008,564.5026661119208,595.6586464687865,525.4879149635025,639.3830280437052,525.6049161082747,270.4014588625624,554.1986636767026,598.4895475251562,642.0135702991154,285.0769103737375,433.9601471589731,330.3066574459052,384.6736355637403,693.8730035631761,711.0262949942531,525.6591096300781,690.7525228747334,620.8152938620968,597.1850811672776,604.7311987213872,731.7616645188015,685.4972796185525,694.1404817335841,546.9306006613479,760.0454731647684,657.5729597667687,662.4552470378378,679.6864267455036,628.1591917503439,719.630643178626,641.8578540561804,498.098689642687,654.4059181749508,660.3272911507838,713.3382271856301,634.5325293110636,590.7450843987511,513.335298070127,729.3631320429367,713.760133166185,697.3668448629461,684.6103755051402,579.5065369120931,641.8341008745789,677.9071430753423,557.2748610175103,745.7885786471687,690.4286690213914,167.7090131325501,97.1649086071226,65.57903961789911,76.77065149254813,163.6293053979902,44.36506726417721,120.8967278015879,140.9312340676052,198.3393832268387,80.65409885996964,206.6933358069982,96.8050511445868,179.0196272001842,159.8070218953352,224.539666981634,181.3687509070297,112.797326429124,204.0511413284331,187.177262783126,142.7470794798395,237.0891806814697,196.5041461843542,160.1467448329733,117.7084554616348,36.7476232580613,114.5859195985886,26.37343002511118,131.2651370990603,39.89089522158336,78.53525260085618,0.0,232.9738972599416,203.596690227256,124.2964088227162,220.8017848377446,188.3589198336101,144.5622072787731,130.3247270783912,160.1981135324576,265.574622851471,143.0013509545413,128.3835201820318,47.42699029354166,107.9321372503884,160.4342617050075,226.9779448296686,197.3394806679351,215.8060723392785,247.051106689355,247.1488879657982,123.968198096876,92.85541312425225,101.062217395957,204.4608159178741,162.0017543395837,227.7458480826805,193.3050991292029,254.2441758327583,44.79200196955317,64.27675435572814,182.9535821020157,170.4222893478028,127.28755595836,168.4530156823766,80.19686947796679,137.1210542399276,104.1027490126657,656.4624335883383,428.7206588026384,815.3054539662628,488.1029195467582,392.850193713985,842.5765529905833,562.6626380138409,596.353690429677,566.0362734200621,538.5941455993685,943.0474239102175,473.6461222715012,527.2532246230317,628.7768076254969,553.9725397312285,646.851763475219,805.0721116000809,676.6566648680453,746.3666282517938,253.2670848043008,558.5225310929943,466.1309964496605,381.4980312623493,680.5049190340927,314.2373978174838,429.6917840928697,322.1492582098448,553.0779074046942,304.7132224508911,738.1496152270223,480.1940767797236,466.3338285447762,243.5577630842889,360.0941366777701,591.9934484626306,420.4446726609923,386.4847390927387,289.8549918825709,416.7810277843409,285.7266323815457,288.0324785458756,289.0038091764297,314.5736813444447,473.4957026398389,430.0565569225014,717.9025086939515,273.9079643302273,747.7427151339173,415.44447221965,372.3935726373869,367.4618269595446,339.129684445408,484.3782714200591,359.1478101935658,671.2360122928143,521.3702656052251
237,434.1401605086153,530.3308037222562,487.2396325334566,657.7909897503964,699.7871787738248,682.6257769372937,742.6974506143343,590.734063316997,652.4802194341878,718.3173914326859,419.34330142358,419.1010287504978,687.831647267202,709.8214717876725,718.051734115202,707.2823847316997,468.1169838069285,616.3527369952282,673.9756934766027,759.5973894189254,540.3427282160665,614.6982085018021,676.5790592609235,545.5093583896447,782.5859530360658,432.7138848608834,602.7532635158759,519.892037893555,517.8927012579835,685.9911932701324,757.0702961230887,654.9662798815282,735.3712899307798,621.2054717471335,727.8867440891223,705.4446383668336,439.7375295052169,663.5484117564729,724.5561495056826,763.0125956476411,496.1684322706453,644.0755293832973,554.5391328221166,567.633706678371,904.3450306828603,885.4187411104026,720.2076129041042,891.5216374309321,806.9117115820748,799.7008166327372,797.4113497846832,910.8987428165211,900.2090409604797,890.6179090395462,731.9859764669278,943.9354372166387,795.4266660220494,861.3860369904822,866.1548016758769,824.7423314793515,886.2863300960507,789.4543012372735,709.8472840021943,839.0796135078527,837.3557142033035,868.3631760057663,804.3221499666666,765.2796394666586,726.1190623223556,925.1475073411508,898.9242784522113,877.5966653670575,901.7988139226089,770.5917148038518,835.7389151970987,810.0744229471239,732.3875164355723,937.0303971971066,895.9394283195438,120.7697282481042,314.7982582752182,296.1784023878766,157.7968494269891,121.873050823402,270.8405685814549,123.1524667908403,92.57600407646599,85.31512103608844,269.2710042342243,124.0121014766493,321.5063147631654,169.5816847348634,392.432861309792,436.8950247895876,56.46303808718227,152.4124588193945,308.7093520848783,193.1982870393512,371.6067427453329,398.1540469371355,197.0213329195777,205.9771721021594,349.7624459439264,234.9754713382145,118.3903503907328,258.2523419366713,111.2221779311653,195.2962604037829,231.8381947109526,232.9738972599416,0.0,360.3715865086717,338.644284574959,441.599191715511,335.0398286762641,302.2654115416105,345.9470077593441,221.3677768076265,191.0966297114891,158.8944514021964,263.2237168950636,241.9151307995133,306.1269850575587,258.993921253616,89.30926869943595,390.5003266767596,158.3106918385442,117.6059183690982,123.5299517466767,147.0588225878989,192.8638874892485,272.7156301307619,160.2692748933514,92.34932053099821,430.9538621513597,42.03608815394412,157.2897411660466,197.3549256315656,283.1788603364225,150.089526403292,296.9712801099026,197.8833469272726,341.0543049672776,158.3326261115732,363.9375037481197,274.864942533924,500.6731029723678,312.4451799248474,592.3151132155315,310.5584094122981,271.0703060414743,617.9404617692267,351.8358340850215,407.9835938418638,389.1334197116729,322.3909381581682,722.0436223596595,343.6833138346072,324.5759476776786,431.0351653892446,357.2764973243735,471.88922094283,572.5666098800652,473.6306436178859,514.5750170824184,321.7717154054607,485.7215778223323,395.6285710288445,413.8951114770725,726.8114337070142,272.9782286665189,360.4595876256457,337.1839365436454,492.703069664172,234.8109661424329,784.5268677606247,541.631218369573,517.1784559726862,216.3341609043413,382.2199415184969,517.1315078033292,375.5713464605146,336.6114496105096,387.8324541916868,503.288943962987,301.9308791553379,283.2379873226801,342.523381984356,407.8976522188406,485.5146810770868,441.8683250888391,775.677405130826,177.1935793793939,799.480268763059,394.5476379247793,460.3322809695433,275.1259133860283,377.6026701471887,573.4174268477421,356.369306221056,742.2062454954274,449.3689407718404
238,114.6976153426468,181.9527393440823,176.6902025687998,297.7027031876818,364.5881136362818,328.5664287088069,393.2063295598177,257.3471125646138,292.2904880472998,406.8803796956475,81.47378739891963,59.2244363274171,329.868052955679,416.1553425204812,370.9332967672261,389.6284149463681,183.0432261983233,287.3521458055693,321.4782095119119,415.6860641233052,203.677868481163,256.7279324152991,345.9920620406021,188.2676686464648,486.5828105461449,79.63640399465557,268.9963963600104,185.1083711650087,157.5403284914905,383.0996186908466,470.3645508175422,364.6073272327088,394.5251101089318,325.0893146545701,438.7712998362192,345.2345309307541,79.38012827268075,351.1304229285743,395.2407584333531,438.5463556968123,167.271011303487,298.6918457923956,247.3791102573659,207.6322814800255,552.6041458273043,526.8816321044804,361.5275560490789,533.7796436371195,446.5416057450541,443.6539959827527,437.7318112043126,551.3434632072314,552.86935169928,531.4197569909245,371.6272239927127,583.7641664045497,456.4179084714035,503.1208118790738,505.7848454370105,465.9134249201267,530.4016549980332,443.303676582325,363.6795792357434,478.7436478999254,478.0012429558272,518.112542026371,446.821280309785,406.1898141866914,380.6547121457832,565.6490856155082,538.6110401149255,517.7706186781877,557.6191145297894,410.7270451723692,476.1534675009707,475.7574584484641,373.0066880044734,576.8025213744083,540.6059438593319,243.4125564134727,129.345555976631,170.5746602782081,231.472655283446,346.2557239515734,217.9309778409589,294.5773261359976,291.3230068530324,284.7110569312188,270.878385165963,389.2741888036149,236.1154145357057,375.2726883194929,196.0725374322498,128.0296154555195,329.288827633788,210.2852699374817,75.88655008871832,189.0322472119735,159.9029463251353,38.00221487412842,396.6383906101445,362.6240892189164,212.324577755546,238.5115887098559,266.7896205408347,188.2852557241968,254.0752327523555,230.5983693922384,281.1696444251078,203.596690227256,360.3715865086717,0.0,269.295190936432,153.8962646107023,26.20321743682716,62.82977308177662,115.4227190255201,146.4714370643885,458.7529715158558,202.6665965416126,98.17155000453535,158.5220194452014,280.2262424074173,105.9588621771795,301.5695964008007,66.5918162234153,407.126928184003,300.1347978719368,424.7905474503505,313.2150963067175,172.571457984801,104.9657948850897,230.3193380559716,329.9168667454353,105.1063129696489,319.8043757426908,440.8136273448984,198.5800082444579,148.2264057974341,225.1084375279315,65.87313071729683,162.6000527711396,37.79467487435505,261.2552185038472,246.592435236686,296.0114745619935,621.1959430319117,391.8408245375854,863.3449867565575,497.3050224269643,370.871980959846,893.7468272402658,603.4510918527308,603.5861828694336,563.409231578538,590.2540402397568,981.92012677852,438.9422075868783,560.3260666601968,644.8180467759329,576.1795011153159,633.3028274176623,889.3222076019738,696.2061423329491,826.848435629913,121.7293125253214,458.8954339697155,380.2871443556984,229.9384405723857,492.6198377134493,253.1492870794561,351.2169089863517,205.5242854283951,443.9845136898891,273.9048396534856,548.6292229371912,295.0231639558485,288.2717323549139,216.7022108990894,222.9794085184062,489.7954866396084,323.4080037563515,303.5915401075964,109.4311202616436,224.0432977768741,186.854717724922,207.9988324677393,151.2724006101127,131.2941664704153,320.2628450232197,284.2352508914139,524.6209956978157,283.7080717408536,555.971429831839,299.3706212857929,183.1066995275073,328.20732248805,194.5542391483075,287.0338073447169,244.1314715331273,474.6197576348692,426.5980004765941
239,383.4720349477044,328.2711473216105,248.0340027848581,491.7436513020124,608.5392173628546,547.4630494539418,616.6994661804156,346.8267366459323,471.4410269684328,664.3129285897751,348.5656329570818,307.000458907554,483.7385011852889,679.6970917568881,600.106424256786,644.6685674836715,212.4368934302497,361.0104831555692,451.7341408517254,646.6176446417574,314.5021303250002,421.7485004174796,594.9528983518707,363.8495280837496,747.6317363548492,280.2925714787801,520.7152666008797,443.2574347105065,366.358542623769,644.7734984063629,734.4742090261515,630.2739681200665,630.7008737424526,590.5406066084967,702.963230133311,531.6345509838937,311.9670521684357,610.34615957808,642.4552013681258,687.2784468585575,274.9623939902143,409.912490888754,288.0864525308041,398.1138182577066,658.1031240071574,714.2112051059784,516.2881489853065,667.5349900831114,616.1175998220056,575.0374577238146,593.7573231736687,729.963719098338,643.7708488844244,675.7895986584319,546.6477043938668,752.9129348504429,691.2565744056229,642.2937324581712,672.4467949940803,611.9090974565404,729.2479648694144,669.2595999098061,467.7391904454665,649.8487232344917,662.8676670396953,732.5162688455281,644.5506719861121,598.4354218720697,480.6308398661437,710.7606544073022,706.7249109656298,695.6258025533705,639.0083207351797,571.3467496753053,628.0871199963093,714.6514194814717,566.0571466081353,731.6309783499756,661.3702410956216,291.0675975591659,140.4893483770327,103.770177276482,194.8221253170515,238.5601883353563,80.18766361807852,215.912279754603,247.4976562140845,318.7973126807782,71.33359933218603,273.4385742196875,34.37346263276314,225.8868044286515,111.3801989527717,223.8659445254273,282.7698761748996,236.824496192192,298.8446460876116,309.1384395010427,127.5717132138985,291.9043243333729,227.1399522500033,186.8625199717507,63.54726840164896,105.893585143436,225.3271529910499,111.943562753517,249.8435209917772,150.0101617058602,110.8510234569828,124.2964088227162,338.644284574959,269.295190936432,0.0,203.9709269498628,264.8304711494599,227.2197680920595,157.1785901547647,277.0755311777898,305.5478049625049,267.2083445667005,229.4604909018613,155.8006500894108,38.61858035669746,267.0316388573009,347.8555006587992,231.2552871011094,266.7704817006809,369.8499330604199,314.3626521299403,199.7540768887032,215.4577448848694,192.4913851459559,328.6300821668389,252.7311948535703,240.7511049770236,303.3495393991067,308.063585714105,168.9509216013614,132.1857934221346,307.2385296620396,262.9196246528207,248.1169343446659,231.7837800679289,181.2771389680233,41.53274980521923,77.64997267203618,780.7466998165191,552.4426661231086,929.5955322451887,611.2771750972306,516.9849706611324,955.8717057635629,681.0698423617902,719.0050724541312,689.5947314428199,655.2111621674245,1058.560733669628,597.6678835179025,647.3709426072369,750.2825407548006,675.3097574619702,770.7331295735439,908.5377625698484,797.3777620739797,851.9319248522278,353.7222010023821,676.0935653700838,585.0777936681626,481.4369893995367,761.8982662115841,433.9010244339147,549.2689531565909,431.0663475557099,668.6546936773354,427.5153907178406,817.8952024636477,563.6097992580106,554.7081136745406,365.0867257354822,464.4880429021932,709.3701590303854,536.6607719370515,504.596806948534,373.7184650735238,493.3381043054366,397.2222488579158,403.5842354438404,390.1311633049412,397.5370607575459,574.5508253179187,533.2281379148018,793.3622179599636,398.195375559965,824.9886115325268,527.3071362129829,451.9418315634505,490.5191912134372,440.3157517661901,555.1491333437394,469.8177680167341,742.2002673730649,639.4589651650051
243,238.5846152595343,124.3714574238911,48.37579707380046,288.259629753176,415.6957331526625,346.8412791679249,416.0267931719608,154.5982674791404,267.4707972038029,480.0862046088639,203.2276772198965,150.9711308255065,281.7305749247842,502.962966710016,401.259232136166,458.6428045672682,30.49079902121901,176.7783300267484,253.3731294439929,447.5582897030644,113.0005542440015,217.8519419828773,405.5481154965623,161.2637120988374,565.8198173102619,107.1032508594301,336.1807722442214,270.1633996106518,171.8342145991906,466.0959114788167,557.5174523201547,458.9695404157691,433.7486029333994,420.1009345391265,526.8130617928937,327.6639011235175,142.7452432561029,429.5497140771539,450.7058287141213,495.57098496962,71.1624811206627,214.8402710387371,113.1997033794591,196.2611179881383,473.40775048252,510.6237155721205,314.741945437632,473.4531217437767,413.7167207335833,379.8807360125863,393.2137672162888,527.2391916314705,464.6990154858094,478.951334503205,343.1323492364996,551.6622371544548,492.8721124940709,446.2977946046242,470.9676558682077,413.7229845261455,525.2775461825349,468.5364687488593,277.8848194328778,447.5347957993679,459.2682915922671,529.3321085834206,440.6036482835024,394.4648212057301,292.8309173552971,514.1898373512455,505.3008111512294,492.8020940873619,464.0328072329926,369.7220807738988,428.8318050074312,517.4884901573913,362.1283651799764,532.9742606450047,471.2444621498367,343.2959976144864,127.3660925911334,156.3985421401926,286.3598131077509,384.2901944799103,202.8490700426813,340.7103180544372,354.5416059421253,383.7225922542261,245.9178434237944,427.0109880885361,183.140470660167,393.9577829016372,93.38403533237198,30.98153510077101,395.9845412559213,293.6130582616168,224.7630163737265,313.1878802626991,83.00515384008428,148.3447299901821,405.6410540756932,365.4498545972368,142.2553218274394,240.2503598679986,327.1379169849989,194.8084093650543,330.8518490887304,260.2654688270699,275.4335884500184,220.8017848377446,441.599191715511,153.8962646107023,203.9709269498628,0.0,170.6987150041041,167.8249715502386,95.66153918141991,267.9045801913955,480.5147980716348,303.597611563693,202.6931982188444,199.9159406209751,233.7576982627249,232.7667120804681,407.5228091197369,87.3062134047554,433.1229431219165,415.5514102455734,467.7879458310221,344.1502224636998,253.7194251150302,176.1847818068839,350.6150181720164,381.6217341013415,58.17055585060815,399.711455269784,472.9687017442594,245.9927837564813,160.3155881896146,337.8896909104429,200.0080748279346,264.7692231211283,135.9864645824848,300.2547792774752,165.1073006712419,266.1742155149913,771.257824046332,539.5847573731688,992.7343043372248,635.6992419132223,514.8532206820988,1022.114758207975,733.068207639284,744.0972666759071,706.0820373416151,715.5029082949073,1115.3811016068,587.0672615622939,692.0810266587264,783.2375961877214,711.827932104882,779.3272727385366,1002.856299435293,834.0779820744334,941.8429944680298,275.2528587674884,612.5674128884061,533.9786031369248,379.2818651486272,606.4399673453261,401.8435658170039,504.277541350541,359.3996312161826,597.0912575985454,416.6260602112928,658.4535257681126,420.7896619257443,421.260322890025,354.5193352542119,375.503561260371,643.2190170307945,477.2616298994247,456.5384618991569,255.6180101653285,345.1985365693407,339.1498504758405,358.3111410811414,305.0633934781303,273.0060813556103,465.9604453028854,433.3937152365031,628.7490384553887,414.6548492060518,661.9402550818684,452.9131756888731,313.1495802455601,474.9528084658497,346.6753295610454,393.850361755038,398.0075562475163,573.3238885070188,580.4753745423767
245,125.7290740295279,207.710815148669,197.7696358812141,322.7698202236934,383.7025529323156,351.5437383860208,415.2411952856748,282.0829887854875,318.0057251702467,422.2810182281914,96.51740748094474,84.06131925217558,355.9897349140159,428.9917211009747,392.4046128333056,405.8849842952785,200.6645083985494,311.839936522878,347.6442085257976,436.6411156393509,228.4112580765074,282.8725947101851,364.1547443029212,214.4642130947215,500.2958795925997,105.3361077154472,287.1659428153103,202.4454478429105,183.1486378782355,396.9904545426199,482.693819474377,376.4188850082624,414.8248684330729,337.2637474830949,451.1682593494801,370.4056932787312,105.0709833329559,366.2184683477249,413.4710283262848,456.1945308560497,190.6899753046541,324.5060064904516,269.2798435804394,233.4830046644724,578.7944105995215,551.3008467623873,387.5768296586361,559.8751512629203,472.0031404857777,469.8367769279308,463.5969211642948,576.1488642113353,578.9557018835336,557.3619185037855,397.143675747037,608.9081544408572,476.5859771552263,529.1799639034649,531.1936823233965,491.9198874414928,554.073707515828,464.7654005032419,389.6175242485496,504.0606636543413,502.7078381681171,540.520462376023,470.8807439412125,430.7684562858421,406.5728835720118,591.5316486404483,563.8920708367547,542.6999936684433,583.5917495892348,436.547246501274,502.0326670715907,495.1766248713056,397.6964480834009,602.4379110424832,566.7952600409244,217.5277816906415,124.5352939513271,162.9733268132444,209.8226310300844,324.8675303166227,207.2782734496475,272.886144959394,267.8463188814064,258.7363743308407,259.71628141144,367.5266260591477,230.9021408924092,355.8633338499886,201.609475725501,147.2117666025076,305.1748264832748,185.8433827969374,54.23473346407125,162.9650640737521,164.5541380256647,63.19073428515661,378.2175834596738,345.4247705560901,211.28268780649,224.2579392888718,243.8964493812928,175.6732434503688,229.7110729400353,212.3966147732439,266.73643849141,188.3589198336101,335.0398286762641,26.20321743682716,264.8304711494599,170.6987150041041,0.0,43.88152824882145,117.40548743385,120.2682212763531,438.265038003235,176.9346312823964,74.38001517630194,141.8305301104945,272.2454598045307,79.75564633380469,275.3951918628042,84.84916107976927,386.5399143145962,273.9820667834492,402.255199190577,293.0757876680464,149.0974018238387,87.54571710535447,204.2048374391708,307.21620214756,126.4394634615685,294.7233924583523,419.2957874242999,178.8731163959753,137.9522086028675,198.9112842664771,39.66991503805505,137.1590930226318,38.3098884847827,240.9947960954121,245.7774728276354,284.8992132991033,601.1960841674376,370.5741438879111,838.5119156489159,473.5246411148777,348.2409200984178,868.8169363075921,578.5003792972732,580.3336574328506,540.6369520798655,564.8781375135654,957.6318329130928,417.8864409021173,535.5880606807856,621.1711242244645,552.0008473396106,611.5660559337917,863.3867305936437,672.4909335303397,800.9568076381497,105.9073033079075,445.2995476807246,364.0928866033551,223.1411569293656,498.6253775101028,232.1289755848653,333.7569572785627,190.7144245792245,431.6825514709544,250.7049131004169,555.372613377936,299.2675613566331,289.8944206025865,192.1798100955666,212.6756561797044,476.7922588008341,308.0155529444166,285.9933541194324,108.9071440870296,231.2257824946455,168.5021368853766,187.8701963596553,138.6574307277264,132.7516573176774,315.2068778303731,277.0073562502322,532.9076230253823,258.4438793576897,563.6419740708567,286.5686559727247,188.2405806556539,306.4460090821781,185.1908762809701,297.0316228906767,230.0841065938278,484.4847456812315,412.053532524843
248,169.484126696801,230.1036584945207,203.6033592778243,358.2579163729226,426.6199291804114,391.2077611365313,456.0298128346204,297.9724511465286,350.950382559688,466.1395821397859,140.222837925773,121.3431991252797,385.5815650401297,472.7432304278726,433.7455521629841,449.6544778015949,198.2726877120364,326.3338320041725,373.0974371797765,478.424561703644,245.0893823075709,312.4340441037887,407.4544674496437,243.2514867166971,544.1340065413111,130.5196968078775,330.4316190487462,245.9050262895388,217.2367230358735,440.8509460945779,526.3510880953999,420.0145401331661,457.0815605233922,380.9446460589665,494.8457716030348,405.4752036799048,139.7314203213452,410.0891281368675,456.7609496231391,499.6797958207172,203.4362170492214,346.0075112298669,275.6558680925383,266.0223113659056,604.2660965512905,588.2971107068463,417.9459806361353,589.357324699196,505.8373484231969,497.8802737242132,495.3166015468025,612.1386242657485,602.2267456400391,588.3756523346722,430.8532069767357,643.8263686166135,518.9390353378221,559.1448316932668,565.1822525957922,522.4788931348634,592.5899785218546,506.1189396167962,411.7966412371782,538.4387167316231,539.0149834187764,580.8805940305176,508.6993259599293,467.4592616628588,428.4848821735285,622.9544384666924,598.3518989661103,578.350430080266,605.4721297957751,468.6082047210891,533.5937644027301,537.9672401287047,434.1383072928662,635.3272904489272,594.4227006799496,189.0854307464904,89.7018065234524,123.7718005102268,168.7086613791467,283.4306626796956,165.2279405030032,231.7953822576338,229.5778938395952,230.7697447864187,217.1576875371551,326.4829297808606,192.9147144420787,312.8829811543816,177.5500110764011,150.7650434655878,268.3007286263747,150.4188463363707,73.20821023331864,146.6420208714735,140.6005090366942,100.136529365163,334.7921472010996,301.6600585424244,178.0771039235684,180.6103873507196,204.5611944115122,132.7508870645599,193.7694395168992,168.8187433582996,223.0091339318297,144.5622072787731,302.2654115416105,62.82977308177662,227.2197680920595,167.8249715502386,43.88152824882145,0.0,92.65405525196047,101.2783696918814,396.0153182097442,147.8034774808704,39.75206242287626,97.94910039648575,231.6129348229342,64.95860476382494,250.5673853396401,93.05369909665473,344.3628696210253,253.6310327886576,362.2284457426283,250.5371260947638,111.3144570311537,43.66421391907535,185.8267345186679,267.4900746010959,136.4221928647837,260.9905132143941,377.9917226249671,135.9760938374807,96.94931902020916,176.1567672972546,38.4219342594475,106.9360920034191,39.33088026297511,198.5274497244517,212.2555008685917,242.2969394058672,607.0060349301048,374.2338334033676,827.0342307224597,467.8935850204397,347.8177130929416,856.7853861042738,566.9811516158959,576.2786844609652,538.4543317796371,550.8680082374061,948.5904582276553,421.7653314528279,525.3416024112445,615.4733953116078,544.3312102495086,612.4658028283737,844.2403539234218,666.3753479670704,782.3496098423021,129.4076067730266,465.3263721302607,379.9011012457762,254.9425452773217,539.8758535309205,238.5204803899364,347.257656443645,211.9203278735486,453.9523351104655,249.6211660289012,596.9687350249114,339.9074691993835,328.8433270739359,186.8474575466367,240.2963134481373,497.6601380905599,325.9649388467317,299.8070323883026,148.6100146562721,273.594608909233,183.5215440675926,197.9233399782902,165.2373592523055,173.0964444606129,347.9648248910714,307.6229006729011,575.2696184334201,247.3828708615546,605.6991561106616,309.2973371446314,229.9096453907547,309.3366163567928,214.6418940507066,340.2459064762268,251.6591233645944,527.4944552658984,430.6108183573844
251,227.6049695215212,199.3151770012058,141.8704667821764,353.8377362201718,455.4881567637502,401.7410339820674,470.2779228596749,247.2087707566868,338.6946961641223,508.1172508393603,192.1264796169202,149.9275195266348,362.1827018039086,522.5988304989455,451.5670389626522,488.9328353627322,123.0511918547563,271.302424235587,339.5665547710441,497.9080619427745,200.0352505694116,292.5337207800077,440.4842923418995,226.7700106512876,590.883991661761,127.3159768732732,365.2272995092002,286.3830948692952,218.5321703882352,487.8483917276479,577.3506074718459,473.1033368379489,480.1434831839852,433.3693586336525,545.8258729727388,397.8153327144831,156.3032702140926,453.7320687924531,488.6700979132805,533.254228705413,155.2062251210405,304.5034228526156,208.756557529011,257.8501397374555,565.0657298332932,583.2556463166103,395.5249463818535,560.5317603012999,491.3624164609167,467.0043385021015,474.6114571590183,603.0218474306652,558.0004537239803,563.8168669048777,417.9365022376471,630.5351076199075,541.5459840401599,532.1492449508725,550.0314155778855,497.8446455148525,593.5773855708627,522.4658447268579,369.2345676409298,525.0501351283184,532.2673270960647,590.5831428452896,508.301961135094,463.6798332272642,384.8180643955289,599.0413198057822,584.1884040461367,568.5602078308316,558.1675857299115,449.5679432372373,511.6005691026108,563.7291262178505,430.3520685376465,615.6149250782148,560.6614492665416,249.4975467296909,33.28734640679462,72.01141475606038,191.3047948743008,293.3537453285126,123.4377357220682,247.5515092570924,259.4336471160548,289.3073029261541,174.0994607190953,336.7073002747411,125.9127651622475,308.3624897966257,85.31365838073934,94.53078283525068,300.8562072280625,198.5119792853774,163.6670811109834,227.0614473284485,48.1337290787713,134.8270510588848,323.5096155394978,284.8392803446471,97.42354895787814,155.8769650821525,232.0476284914927,105.8593498541041,235.2044430066359,168.431961913278,195.6583462060535,130.3247270783912,345.9470077593441,115.4227190255201,157.1785901547647,95.66153918141991,117.40548743385,92.65405525196047,0.0,183.0464186533681,395.1757681738508,210.7908968396654,118.0289846030928,104.4657442892082,174.3140831154765,153.7259614943085,313.9335397865767,75.87132385259638,345.9349690994669,323.9238409776678,376.7461714748792,254.1844049523987,159.1203827788482,85.11668825102525,261.7368816924813,288.1010399794839,98.27166391889745,304.0509097726864,384.5681714996458,150.9911898880938,66.79017838109235,246.9998690976757,130.7345563521571,173.6370065286909,80.03112309694373,207.6179274740076,131.4097444585746,197.8746197406867,697.2396140484304,464.1421486424234,902.3417688286012,551.1181391815586,435.7301202437329,931.299653749233,643.5325219323388,660.2485024910002,624.0813139540877,624.4852780283095,1026.411057566464,511.577621787879,603.6319181502905,697.8233308927922,625.1705996133501,699.9929629323824,908.5148954378503,748.1224753540797,847.8087941519717,219.6084087437603,557.5791262184583,472.5524080712055,340.5336028499427,606.7192814465045,330.1363243387769,439.8504411543736,303.4940836505795,545.6218996672116,338.1243557082178,662.144693320568,410.1678814486757,403.6771232294735,274.0591082586892,329.1079149722593,589.7485731561915,418.4456085806578,392.4409924265188,223.9713407348097,338.1679513800688,276.0988204783716,290.4059759287454,254.3318086934305,246.5151680686126,432.5624988714312,394.3233071619339,636.8291051519286,328.664592464246,668.7044445348715,400.6397352673395,298.2408014630574,399.2532441847109,302.1424043634433,398.4493305342618,343.249629722427,585.2072727099153,523.0838223371443
253,213.5546018675373,326.8395722339225,304.8701354174532,439.5352171308603,480.1115960974888,461.4499642176065,521.3617811359779,398.0206970314218,436.7846698122504,504.5421276056198,198.059008426017,202.5298701775675,476.0012694070697,501.4560301226923,496.8275109692942,491.6613550668466,298.1603848357961,426.8422977727142,467.7932068969708,538.7604503049126,344.7197784412105,402.9716887012111,457.645641189411,334.7158354967697,574.4916103057806,224.7858109391273,382.7197281180258,299.0817731008082,302.0037717063556,474.3083887512,551.8659594861564,446.649331437206,514.8972850459866,410.3525271678872,521.3643896722065,487.3427807410754,224.5156032209178,448.8034130683325,506.2186037953006,546.0956865057432,304.0508455574893,443.5680386918549,376.8900347206744,352.8056794140095,699.0143969557348,665.1345811690007,507.3454286577296,679.7584810620566,589.7085467476967,590.0358669165834,582.7061626896598,691.334585822701,698.79581196452,676.6947497371838,515.1519366809399,725.2854029940679,575.440283051526,648.9393940522405,648.634611813075,611.5046726365687,665.1740545601405,568.4077189105316,509.0115365010702,621.2126652661346,617.7005456615411,647.0486558298894,583.6930444966567,545.5333370409307,525.8896742222242,710.6348243299778,680.8305828112377,658.4005654910651,703.0155464587975,555.5232454701228,621.167435728329,591.0761594932304,512.9575658425346,720.6305623846551,687.0144711056615,100.8359151483303,165.848534609721,180.3342345313515,133.3268344937914,239.266017282647,199.4147680711425,188.5951517749783,170.5606185287151,140.5966173626582,240.5286761665052,277.7110070204091,244.3927091120379,281.2278445789154,261.4288978912453,252.0121433786948,201.2754028054185,87.7888420216791,87.34561587115063,45.39600625480654,227.1603871947121,182.508028864817,308.4068149399541,284.6120219490017,245.3653732071065,193.9293680051227,153.0579965647858,165.4988370064205,127.5657878855408,160.3136612026215,228.994789428412,160.1981135324576,221.3677768076265,146.4714370643885,277.0755311777898,267.9045801913955,120.2682212763531,101.2783696918814,183.0464186533681,0.0,353.9808978544872,63.91616366783499,65.5914382546538,121.2792605646953,267.322767828953,40.51257495555459,155.379697815607,193.6497993927804,303.3198694248983,154.1709728334901,306.3571954364633,217.8131159089671,71.98097713975524,99.40014283538544,85.05643906036073,213.5293934857005,237.2082866363879,183.6448191879022,329.3112868529238,124.3239835779338,152.1071483095054,78.71997674807,80.59830643003134,37.71173808719328,138.7801368736609,170.2074709713199,275.9507862836204,262.9074248943072,516.5817207971735,283.7873230606698,725.7797302001219,368.6335414520244,253.3846006308,755.5092675412795,465.7621864741548,477.5604986346893,441.0479596789901,449.638014160896,847.6262545946565,330.837790350458,424.322019699294,515.8293049635091,443.9973965047839,517.1518829362583,744.5943228431606,566.4752267411502,682.4309061456838,110.9436606768578,399.3721178751676,308.002868716999,230.8379779549735,541.8283677537389,157.1333053943703,272.2712743740682,164.514927268636,393.111859334145,156.8941828338465,600.1946759424409,344.6295425052706,325.5393506522176,92.378758859668,205.5642365692125,432.749754131379,260.5663466585673,227.594833199647,170.1764901089375,293.4339163939227,126.8262061844654,127.8574864767856,141.6483540193099,192.3930774391968,319.7496301795401,275.2175755569595,584.6704133254431,146.7927904774306,612.1558222644693,255.5836224771051,248.6222012571159,219.4255028027017,188.6892968984999,364.2255649694005,199.981422376472,543.8580040032189,362.5378894131243
254,558.1072319250651,594.47014797738,528.8270566109212,745.6031991725755,821.8187732905972,785.5770212956427,851.5036824575718,634.5281170791817,732.7619332763965,855.0645451452004,533.8735571610373,516.1234854727721,757.2989021794248,854.6971402690617,829.6231755948512,840.561173636022,499.0496301600134,653.8726829782598,733.0096233339333,874.4328741302677,592.3825316727551,687.5440396560599,801.6626568128257,620.7635100076143,927.6184128771902,513.0970588701883,724.8796864296235,639.9223299326086,605.7806666138584,826.357327049687,905.6459248622904,800.0600350969197,853.0112301576047,763.1030170103693,874.9835522994597,791.0169250572504,532.0250311904352,798.919081136343,850.9322050415128,892.8764480788044,548.1639647974168,695.3530995170233,583.0368100348007,649.9578063619182,952.6357476749956,976.3515544532559,790.6435846590732,953.7249056590273,886.3282549918706,860.0943671027097,869.7297952992409,997.3198387295727,941.4884002780386,958.214231096867,812.5039733218124,1025.549320250657,914.8189055995764,926.0663723535913,945.1270398087185,892.4431888697907,984.1539344839798,901.9721329366678,757.9314426723554,919.9449284087018,925.759282812579,975.7128400180065,899.2476923606733,855.8765834053127,772.4000394543277,993.4728523034571,979.2393375194567,962.933289536483,938.5484664489425,844.7435959114998,906.5554513272892,933.3587823128022,822.3812733670228,1010.656311013374,951.6908170486964,272.9724010507227,362.3636911258804,325.3679681863733,229.1364242462016,115.1240467132581,277.745993652246,167.1133642353297,184.9213220063966,256.872161803033,240.9270969370997,77.69866144888093,308.4121655200967,86.84839612751358,401.84782729559,488.2766274181434,166.1605362158532,266.2677090024424,433.1560587884098,345.2936538791064,398.0673554948958,495.2585016805583,78.40798077181135,118.947215380742,348.9412788836709,240.5604134363653,201.0865502273559,289.3168666308818,228.3351084762951,230.7421426492299,206.1887103287606,265.574622851471,191.0966297114891,458.7529715158558,305.5478049625049,480.5147980716348,438.265038003235,396.0153182097442,395.1757681738508,353.9808978544872,0.0,293.9224727012136,365.4992270174064,303.2897772611836,266.9978612808725,380.2181456371119,273.1423623474917,462.4177172300606,51.74887481018511,304.0312660039522,68.7341137787118,145.60716222281,293.3489742044741,354.3472403333089,326.1310787679399,141.7711921118406,493.1432208198407,198.7786995222681,34.26244963929273,260.2417589636919,329.8408940963163,307.9088740690311,408.4778580101682,318.5825721736077,427.7001122795029,197.4978794367016,344.6008764705073,228.0600027301621,683.7299755969107,503.5378174217544,714.4820845345891,491.2429800234898,462.1503873104227,735.1603431087728,506.1031229086539,578.8558046664538,566.9912641526664,471.6823696567458,844.5710652014088,534.1503771159925,488.9881029518302,594.1055483173105,524.6882858133662,648.0710716458659,655.6614105990961,630.1081731836546,607.3083725552017,464.8589954714987,675.6099049503215,584.3041993482763,577.1124291409184,891.9995974615626,451.8385004650886,548.3542580500193,502.7806613178251,681.306462929627,418.2751388693394,950.3560150080294,697.6106117808931,676.8222890135329,385.7655119643344,547.7220993147243,707.3941148766883,559.5659307041344,520.4514701782812,521.4088297016307,647.0344654881245,464.6931606134637,451.8631002416232,493.688325013401,544.8006656680834,657.9332684214298,613.1025463695811,937.0113633888396,362.3931043024091,963.4433387223102,573.5967543003333,602.011096874314,464.1942148897706,536.8862446231359,717.6953115103244,528.8300041649493,897.6066290692451,638.868742935809
255,277.3825260505039,377.9071357592402,345.284979231593,499.3381441662777,544.0016569674589,523.8788749829378,584.5542170043531,444.1821297390213,494.9214682012317,567.9446214052718,260.809664697732,260.8685176774048,531.9638187553361,563.8441353077342,560.2159112454393,555.3237918545242,332.7019619161883,471.7006404258593,520.7803111917191,602.4043647055902,391.9161026451189,458.7444429562404,521.5617872557575,389.7885583325641,636.9084671718565,277.6723053600993,446.5877228944561,362.8020725731921,360.0818212637753,537.3245518089745,613.6445093735113,508.9471627666538,578.664283046259,473.1296577301471,583.38714743658,547.0620678984229,281.9726523431788,512.3216171771841,570.125018222935,609.9157238763795,349.1692936100634,493.6733056434271,415.9929516091709,410.2983835424664,752.0184707040554,726.5426781312311,563.9194725989786,735.9223188266316,648.8857872577393,645.0209140375383,640.3887711610153,752.1523827891672,749.9778584527593,734.0081940718009,574.0575923580968,785.4491006186297,639.288966258123,705.4359621635897,708.0357566604966,668.3939453578216,727.4810685324125,631.934913026889,559.4979814760328,680.8275390264511,678.5803032328381,710.2716830756259,645.4282655112422,606.4765365164576,576.1395096714325,768.2936956463728,740.6117186640454,718.9382868846079,753.0155212206769,613.3935991529465,678.802636501045,654.9903219291317,573.6450802974884,779.3725193350559,741.744541161993,41.28195427872765,185.4756011245304,185.0876454168828,88.40955001987774,180.5663890786553,187.0434918516984,132.4391300154799,109.105418773183,82.96626774829191,216.7457052881783,216.7722378469627,238.1424387115859,226.0095538408583,277.8084486528527,292.8429288817126,137.5938028781914,35.51783770453088,150.7381138424106,54.78131187140608,248.0308627391382,240.1223705140949,254.5574978740786,235.6548501765814,249.9062092042855,169.2605657947828,95.6255361283718,158.0208948552867,65.63605396115244,127.5075081123521,195.85048097782,143.0013509545413,158.8944514021964,202.6665965416126,267.2083445667005,303.597611563693,176.9346312823964,147.8034774808704,210.7908968396654,63.91616366783499,293.9224727012136,0.0,108.0514151164809,120.6667118399006,248.993374438753,100.1171777773308,104.1768034500188,239.8012796452861,244.2397116617494,113.5289460652815,243.5511711422365,164.7183922819862,55.20976274461621,127.4323027111581,61.46664326050471,152.3492005979872,282.350964862469,120.1058640958129,267.7951350993346,98.87512434488663,161.4219777941134,40.33457391525539,138.3103638009171,40.86738629590479,187.1343577037269,123.5155006794322,275.7068416661492,235.6280489016243,513.5835298470641,286.0714899217191,691.9709936380879,349.2037370580262,249.853808584964,720.7305768701492,434.010078061363,458.3091351066989,425.8535982643882,413.9566478409774,816.8879116003823,330.6981057410708,395.3547040786367,493.1287191589183,419.1314867765923,505.6695346063782,699.6973982817437,542.3961378249827,638.4211278737173,172.2938596580229,424.7454739703923,331.0076239190936,284.3825985294488,598.5500157242118,180.5684316892788,293.8876111962048,212.2767466880987,422.5313480202626,164.0454219388947,656.9417483578904,403.7451256653051,382.9812154615312,107.7408897207334,256.2659589356772,458.2417629760988,290.98769249693,254.1759358144263,233.8691029762306,355.7395135639569,173.6279665760934,165.7712384064021,199.817159184628,255.7107770854606,369.0478744356158,324.0280826388777,643.1034800007118,131.1150655883987,669.7178480552664,294.274386784015,311.2323363530678,225.9098007459043,243.4473724126096,426.5608771697898,242.9126884853416,604.0260822948496,387.1066515691388
256,193.3874741626981,269.8557206905837,240.9869073049888,395.7208238489233,456.4602451724157,425.913914107775,489.5313268205153,337.1591094195021,389.3903564001312,491.2341549616012,168.4467422411769,157.3911556144817,424.8550854456032,494.5668573852042,466.5321338063741,475.8790726931302,232.8394460715063,365.2382035715043,412.8086694133797,510.5278719866257,284.4791591708785,351.6622247581402,436.1638507954263,282.5336381264513,566.8022648685342,169.9859420548686,359.3981624654787,274.4328829977725,255.1013180252581,464.1560910192143,547.2876308180261,440.8429511804698,488.3658217962262,402.4971391009989,516.0053072943123,443.1576698548212,177.0950288022196,435.0231360559008,485.4374278535398,527.5302923446498,242.384880107028,385.712104276308,312.7242575552965,304.4939466673265,644.0021682801007,625.0508762657659,457.0907839634573,628.7197438616267,544.0618490267115,537.4185816587341,534.1876330005219,649.4582364942985,641.9623118063204,627.4447176006772,469.0889819158396,681.6597849915763,549.9977809266159,598.4175943414347,603.3699010305149,561.6265649506391,628.3011407903721,538.8648291879631,451.514601665284,576.4679203600632,576.1494149146473,614.8688005265259,544.9069308733172,504.3590886206301,468.1876075021643,661.9372401870631,636.3660439469605,615.8314632337028,645.1424656124683,507.3782712945569,572.5182214755719,568.0370636320332,471.1635059710423,673.9096590557668,634.0234215895272,149.3333683253615,104.1118275379395,126.9554372956881,136.4346402233751,251.3985452806822,158.3420332288546,199.2506221171051,193.4861796841539,191.0176823635425,206.917447543786,293.7115620654025,195.3582297536546,284.622829310175,198.7653203557993,188.1115402026971,231.1302322002441,112.1806514319196,75.72523897152772,110.6007349546116,163.4083438620814,136.1723147140341,308.3405779948114,277.7877051332802,188.9038414110535,165.0973687658633,169.572845914144,123.7086114685005,155.9219856892525,144.6104313382309,205.8613488999646,128.3835201820318,263.2237168950636,98.17155000453535,229.4604909018613,202.6931982188444,74.38001517630194,39.75206242287626,118.0289846030928,65.5914382546538,365.4992270174064,108.0514151164809,0.0,81.45195559712982,227.1494250061034,38.54195824682375,211.0019847988203,132.2906484897985,313.7534132220725,214.9392164043692,327.9924287533795,221.1092803622348,74.71808163099954,38.28769753387494,148.2073114661576,232.9258020590239,175.3613875093658,222.2171796749946,345.6062370516087,108.8611256355887,97.89814237255912,137.2141832004549,43.92157655739097,67.18402959158126,79.08294259245217,169.1770278970121,221.5517325196164,231.4223549432392,579.6663169697746,346.5576443408482,790.2633187969675,434.2220101299974,317.7060583580906,819.7960431618891,530.4493365678716,543.1213268903003,506.3980589921616,513.4537361041191,912.6880485061357,393.9097543905604,489.3906426265769,581.4106288202378,509.4722425006928,581.9874426650688,805.2497849417208,632.0284428178089,743.4912863776516,126.2220836775705,450.0296327744749,361.5053670952797,254.8999914652568,552.4011385695947,214.6310960290735,327.2517019475258,201.6376647266067,440.8836068628976,220.2182002318137,610.1764765480409,352.1573729230548,337.9527811403545,156.0444941361292,235.7597230220305,482.9546375582682,310.0937462365499,280.7016158762385,162.9767278300043,290.6301232288994,168.6299999166847,178.1429273807688,162.4954307606181,187.6073195317382,347.6427497583391,305.1687489047985,590.6607312341955,212.2922797661988,620.1208619506303,298.2196020443904,245.7670731077037,281.7560715548778,212.9018696011087,359.5518505368354,240.57525793674,545.2114256038701,414.2092441125995
258,267.2899602748306,298.0150005795433,246.3073650367952,443.0382740725148,523.0337222328681,482.463909917935,548.8693024284631,351.25357351914,431.6892166275674,564.0563833078791,238.0234536638462,213.8591272749718,460.0825881311766,570.4586062008608,527.5696218458896,547.4317836972706,226.2052131279958,375.7286590440129,440.6576388200492,572.8821410369073,302.8064745664133,388.448759307465,504.4980011947613,320.2456078590332,641.9982730111586,210.314158108109,427.4886710887353,343.3218186722654,302.6707179112132,538.7591628020426,623.8922357936426,517.4775174709484,552.3701054667711,478.560081800377,592.4285977630065,489.0274955216774,228.8946209440882,508.0247175041301,553.7568849773461,596.9797678734651,258.0337474380118,407.3449992296473,312.6657724793467,347.8794791181263,668.212308339491,673.9703704882986,493.265528895738,661.1009752752148,586.3074579423144,567.9107110651182,572.0810179947212,695.8603878963688,661.9257780534633,663.0060184655295,511.8129156616006,725.4087030273541,614.3020333893354,632.0667565201722,645.4927099728471,596.8555127215208,681.0034140408736,599.787532073586,472.5491578583859,619.6413089450492,623.6896684320769,672.6397903259654,596.2180655416245,553.2536997117379,488.3645338155616,698.0966686341167,679.3232575760086,661.6201008618747,662.4116447731651,546.2651536442356,609.7026326898508,634.0631018558246,519.7512156393045,713.1525117663052,662.602660006209,154.1147550307289,72.88693344391095,64.43649855098656,87.08143789487542,194.7084744504868,79.0860265485339,145.9013478459212,155.0681835276882,191.0278966609551,125.6069457075807,238.4095332795603,123.3824063622773,218.1653833641875,158.5237802728962,197.6272729149415,196.4587610420026,99.3926862938715,156.9129478094245,155.0553618523308,131.9326881842536,193.4157875165886,238.4104545331855,204.12421846737,129.6382822395248,84.12898074142714,127.7181330366809,44.51145126736834,131.9189466245865,72.79822283642113,125.8332567504146,47.42699029354166,241.9151307995133,158.5220194452014,155.8006500894108,199.9159406209751,141.8305301104945,97.94910039648575,104.4657442892082,121.2792605646953,303.2897772611836,120.6667118399006,81.45195559712982,0.0,147.9350422536523,115.321944417541,217.7494343545935,160.7814406083743,252.2226841739438,232.660777464659,276.9807578684965,158.147155267088,65.4819710197419,54.2849288123975,179.8121283861538,185.5248259195561,196.0144391385462,200.1830191316526,288.4343096600464,47.09498921719597,42.57593236335211,160.5955746864784,123.0228862332759,93.89445214029055,125.0276186738794,107.7692256118529,157.2998711823693,149.9937675041068,630.6165875338179,399.783252573232,809.1552915744579,469.814852143812,366.093629271848,837.3398948992462,552.8076010504661,578.9606166427533,546.1373685048716,531.1874917160917,935.2437329788323,445.8917834101276,515.0955450968873,613.6963074595689,539.552959251807,625.3932248804382,808.2105678497433,662.7901563849736,748.1887380656119,207.2008572869982,520.4872406119364,429.2815987764658,335.7668453788222,633.156458607577,278.1669098330037,393.4832755342164,278.8722228124973,513.5968902251906,273.6074882046731,690.7679321569498,432.8383740483149,419.2242284491458,210.2271982961063,315.3892313080277,553.8163232714705,381.3032601508447,348.8432264691428,242.4280056969775,369.3981396198011,243.4931393878515,248.2454227218873,243.2367080880048,267.1466957723653,428.1904122719085,385.1842340936761,670.4764355723487,249.9465565638011,700.3220220793604,373.7014835269116,324.9766701030375,336.7352969908563,293.5498496896568,437.1531972501873,316.72534398118,623.8943219376291,483.7516545532241
260,394.905604573489,357.1470083138242,279.5612065408495,519.3605475710253,629.6005042802557,572.4920363625165,641.5405105344787,380.7293409499873,500.387362061927,681.9998107979285,361.1604091165068,323.2482869269871,515.179225033549,694.9566267970627,623.9256228316922,663.0614696164995,245.1432384293629,396.1746055273233,484.6332867746993,670.4017564674656,345.9223862254805,451.2917520787508,614.7953757993139,391.0682928870869,764.1259358061544,300.943959226261,539.4730043913434,459.7522484221693,389.9669232192994,660.827240672361,749.5046484348852,644.3069236362442,653.4500864376168,604.6568532333572,717.9165218369935,560.5231604657911,330.6105842979176,627.2678996971599,662.9279343886759,707.5454966536762,304.8920280601048,443.5528337030923,323.5287476294295,424.6169157630836,694.1018209378456,744.2521487744506,548.0109728393894,701.9068277003214,647.3609886071337,609.0347680567828,626.0291724233768,760.9720016410124,680.4116052873504,709.45689623266,576.8344576604651,784.9132882154063,714.541710716507,676.1624738475871,704.2914755445925,645.098237461005,758.0556150045842,693.9986462963492,502.5721332376117,681.1624213587164,692.9011227106841,759.308769993126,673.0472171611298,627.2540905196281,515.8285301694873,744.5356766192637,738.6133763446054,726.5454431181395,676.0319588338937,603.0624316945991,660.9158325204764,737.2355351950895,594.5319725054832,764.7547585337412,696.535462793937,268.5676391094139,151.4516691424074,109.696675844327,169.9259304808646,201.8945534849763,68.978214171479,182.9746740461412,216.5817851859631,292.9499996604068,36.9613360152234,235.6256148978998,50.97061136262968,187.4028923333979,143.7122274149489,250.7925046807778,249.8203299903435,216.3616784724778,300.2451281575503,295.0133580294657,153.2976061940964,306.5287069391995,188.5950147020093,148.2564930963927,91.60420507761619,80.59854433541393,196.3202870400756,103.7699807830324,223.7121075827433,124.9864097625546,75.09606864683697,107.9321372503884,306.1269850575587,280.2262424074173,38.61858035669746,233.7576982627249,272.2454598045307,231.6129348229342,174.3140831154765,267.322767828953,266.9978612808725,248.993374438753,227.1494250061034,147.9350422536523,0.0,262.9191280291741,322.0808124329805,250.1036808789773,228.245477147234,345.8998866629067,276.3394458758173,164.0467039519281,200.7238174270264,192.6337988620888,310.2614800886279,218.0818678370574,265.0282131258513,272.5836936659463,269.5135535586174,150.2719358458708,134.6856535262829,288.1226359098399,264.6588059802581,235.1947286031125,242.4415317797822,151.2173912391087,78.34699399097424,39.0313926990254,760.5666657914483,535.0323779232212,898.2121738837016,587.0199886197022,498.2532079024637,924.0414169946988,652.1868655263232,693.7853323411109,665.9072078987197,625.3491064934306,1027.62774955006,579.2880173730573,619.750288077302,723.7003903189226,648.6851286062987,747.7165882198818,873.7254665781686,770.0038670714611,817.6952223367231,353.2682300374826,666.2831843177364,574.029500407273,481.8930520625037,770.8663376309134,422.1536970174229,537.6193822569546,426.7895947546203,660.4346254882253,412.0799717473503,827.584732140747,571.2734113867157,560.4121253856167,351.4186769754462,462.7219219028195,699.7330358794169,527.8709579039124,494.2634902548263,380.1124644261457,503.1769982173882,391.3515111665663,395.1171301091163,389.6107429772276,404.4632765186349,574.7554773924707,532.2842248365858,804.5593839893189,378.6221010566808,835.6060545746086,521.5049185168873,460.4858257149361,474.5791714806023,440.0210212539703,567.2585007413895,464.6363016605315,754.8425370404908,629.19320011943
262,179.826360918234,286.6044969389821,267.5464393541608,399.9712436071977,446.3466652026028,423.8008896608109,484.8793279543495,358.6485378155812,396.6737695303062,475.0295780802555,160.9990365550992,162.3283199271135,435.5594178903057,474.8886901579895,460.7920552499056,461.0523155400736,263.2234075930686,387.7469920226092,427.3132753372108,503.4689185438273,305.1984295422599,362.5036122688446,424.652764411702,294.2073498199205,547.6794309976901,184.4301081298506,348.8305519813915,264.3743970671036,261.8232715596537,446.1480484663192,526.5209246925428,420.4716767450178,480.1559378433553,383.0854662036245,495.5786854302871,447.7557208060356,184.1608656729048,418.9548385207988,473.5987386003587,514.4318355401174,265.1862778607655,403.381830821008,339.6946763765139,312.5308130025714,658.5160862269614,626.52206454657,466.9725873097587,639.3595254240525,549.9358557056405,549.5432351365233,542.5271168026964,652.3300973666237,658.4099995088408,636.4581553828598,475.2744676160088,685.9343416524157,541.1760953898072,608.5759306070445,608.9516810525199,571.190425922855,627.3736284745845,532.7177565400623,468.7435059606801,581.6082781738556,578.7264016590905,610.5966886990979,545.3372781735732,506.5902613251737,485.645160463237,670.4685137440035,641.3027040246101,619.2330246484588,662.7533275784957,515.3792129505392,580.984746251882,557.7212893956154,473.8544409279846,680.7363835446179,646.5163986948118,139.4666594021769,142.2452837028061,165.1727975422365,152.9291621422271,265.112423961625,193.940913857695,213.1678529592254,200.5666834596743,180.077681591702,240.5355121736336,305.6378610031703,233.1046921560109,303.1111248106175,236.1869597101589,214.9083651148047,234.5335541174312,116.2489662654102,53.09550919258601,84.15180956999045,200.2754600799697,142.1369561217682,328.6818927473039,301.1321464964364,227.44493082689,196.5972139104678,179.8396326169561,159.1491472461411,159.1700525750474,170.3193647172639,235.6075311898008,160.4342617050075,258.993921253616,105.9588621771795,267.0316388573009,232.7667120804681,79.75564633380469,64.95860476382494,153.7259614943085,40.51257495555459,380.2181456371119,100.1171777773308,38.54195824682375,115.321944417541,262.9191280291741,0.0,195.7724538310331,155.1200237884147,328.8034982135746,194.466639766659,336.919952017306,239.0906985519216,87.71021109435729,76.82960127842455,124.9525321182202,242.4831708000818,198.6655414408827,219.9852009733171,357.6413892255654,133.4045965182021,136.0980411556976,119.1892840769881,40.0857314891491,63.63210988633792,100.1770009890043,188.533640763646,260.0309710981931,264.4782318817517,543.5897641566219,310.540859877433,763.4985315976152,403.0096769556775,283.1912410486233,793.4498578056144,503.3502399568778,511.3305609167726,473.5260891707769,488.1868288664876,884.385764342258,358.0211630587093,461.2990730670609,550.6334413140319,479.7288555879992,547.8284694721949,784.5599408123962,601.5906088160224,722.2926774248389,93.32666433937098,411.5085439179536,323.0108552506915,221.0874688161555,524.6066296471975,176.9018875011704,288.8849050884533,164.2256246959756,402.5253591030975,185.1095270805398,582.7210003305919,325.1188383807429,308.8007373820984,121.9398397190594,200.0720724726269,444.4551644506115,271.576351960134,242.2252184758856,141.3134880767635,268.1040522017141,130.3856457371027,139.6410581664693,128.6521595900548,165.0830152761447,313.1136858836303,269.9053795485943,564.9153600525124,183.1889071854556,593.5463502478204,260.2934489213955,222.9292018600354,245.6266470443971,178.6982674880934,338.3258354929611,202.7899969809539,521.5261705402919,375.6676315546744
263,360.0288051631507,480.1976849067628,449.4609020669421,594.0838379373594,622.3291354351605,612.4331325505683,669.5930306249649,547.9788104931878,592.032797101399,635.9290434529042,349.8826718233011,357.8830111643661,631.328799887047,625.1623422468105,644.1746598729394,626.0279754691992,436.4061707217922,575.701516866879,622.2654359803453,684.1527526320385,495.4576596487009,558.2528649734197,598.2687693656812,489.8123474438142,697.6046216405767,378.898787423964,526.2846567541716,445.5001079645347,457.3279672926748,602.7132936263907,671.2942011078552,570.5098504121388,659.1418061987433,537.8731852622036,642.5762457858219,641.8911515734222,379.8934116472992,581.9336564058767,645.4168101701816,682.4849205790441,453.0382745091271,596.4735137588772,520.0940700358676,508.1722102929476,853.59471693471,817.692772312248,662.7224842032336,835.126278202117,744.4925346837589,745.222027235242,737.9994608381721,844.6753965031301,852.4837174842315,832.0287121968711,670.1115922542785,879.2833222215529,718.1240546992293,804.3184278612138,803.2558151779788,766.8790059731461,815.9555649149765,714.585316164977,662.202163675209,775.7149016130808,771.047235770511,794.7299849575352,735.8297546241654,698.9005284592241,678.9447707497865,865.908768432331,835.1743054075586,812.0886862491969,855.9936207263129,710.7872919618184,776.46142238076,731.3777622890809,666.6615470811345,875.5629306624377,842.1627999441056,64.45548163845821,287.010951434204,280.4981906853153,153.0417963254435,180.7004789593299,270.5588766369837,154.9010691453817,116.7401826663331,29.13512104036053,286.035677530705,199.0689254109585,323.4183072461739,232.4945650012488,376.2240570125439,397.0086630625826,110.5389182881825,118.4223524496046,239.5529285403688,117.3492831656978,348.7868416803107,337.8810541963429,262.2543541524029,259.3755800637443,342.5191720104894,242.564839400805,128.2492986520234,247.8111491228192,98.38007510725225,198.0045893011868,254.9126636015603,226.9779448296686,89.30926869943595,301.5695964008007,347.8555006587992,407.5228091197369,275.3951918628042,250.5673853396401,313.9335397865767,155.379697815607,273.1423623474917,104.1768034500188,211.0019847988203,217.7494343545935,322.0808124329805,195.7724538310331,0.0,343.2578051257585,232.9777384111143,31.33658921922656,208.5385028366916,188.4407492370353,155.2048386163468,231.4795810981558,78.19114173052652,145.9284156667913,386.1104125543583,75.57566275672299,240.6530046551337,183.302333776386,260.1209191329375,76.7290403838811,235.7800022279871,144.366953561342,289.7641435493202,173.1971311513622,364.0931470876756,298.8468701083542,445.4232616946512,236.9544363265468,591.4245947219324,265.3292163613547,195.8401621375032,619.5982276109014,336.1384784976834,371.7088983951766,344.5812539092433,313.5354716445576,717.856095855034,274.1031824483916,300.2775282115583,402.4354276415169,327.4813562346246,426.9755188076207,595.5366930324013,449.8400419866938,534.3401263696346,242.6683553854049,403.2695339909752,311.3053148557968,326.1627322404314,638.000214020862,183.7027468303826,275.2227383103164,249.4168588232319,408.2316590885072,146.3554217904851,695.5999163238652,454.9151873337369,429.7320236277512,129.1014938723053,294.1659481894557,435.4885789499718,287.6616852251861,248.5697921236611,310.8535493704428,420.3752462027086,215.3790592734226,195.2028373543653,259.4037843545298,329.0070640279308,396.2682096129472,352.7459782738919,687.326059785297,89.42852779087104,710.7494756634746,305.4230347124579,378.6593966686655,191.6508132063494,291.1682646661517,489.7091220673861,267.2687748498186,654.9563535263146,366.2338545594936
264,161.8994998231363,139.9000556631916,113.4759415236521,283.2256162110626,379.6168740920181,327.4900061382451,395.611850428534,204.9296811865639,270.9575171508124,433.0821339170434,125.5786789561687,77.43774141172138,300.0979003247735,449.0307912190295,376.3592190518862,413.5970483659372,116.5712290425177,233.3261788046969,283.576932346768,422.600447111446,152.199854953609,227.9386758957466,364.7214916481301,159.4844252401938,516.4448337775284,52.05622788940554,289.7401381682924,212.3160381857524,144.6984018009847,413.7601540568554,503.8790978481336,400.6537057578316,404.4921362622428,360.9706038774263,472.4541737688496,328.6711850568002,80.77616124371028,379.1222293043213,412.8291800009238,457.4433424760343,110.4480013330893,254.2104459710928,185.4449578734958,187.552485271575,513.8963895517155,513.9375677213651,333.1271202833314,502.4844516988508,425.5272663252264,409.9117920627232,411.7170254989931,535.298700599492,510.6235729805521,503.3115513400187,351.0491643661982,564.6308670963963,465.9989823985543,472.9316994103316,484.7235970097709,437.1583863493625,522.3058993578455,447.6000467073646,320.0727579996288,458.8640963846212,463.4104353796013,517.0564759863108,437.1937009761826,393.4917117727147,336.597529646555,538.2800462053797,518.5421889300903,501.0053661025029,513.2921148146344,385.7108904275761,449.5293871283999,487.9880172961844,360.0060224416304,552.6931401936216,505.7235603731382,280.9854459211178,103.7897930209851,146.2270360292515,245.4293169313568,355.4726334673085,197.6827368676121,306.3698542162521,311.344881370706,322.5969272488828,249.3200550441769,399.1749885960792,201.1514883394811,376.1849384850204,140.8418201428289,62.36464518820737,351.8329916569633,238.1680993184434,139.0560132410745,238.7550941382681,108.3174923269931,67.08975632114843,393.6090226623973,356.1442348870773,169.1817622908421,227.161562855252,284.7247054862708,175.6374236347935,279.9179335430094,232.0187723582202,268.4397402120489,197.3394806679351,390.5003266767596,66.5918162234153,231.2552871011094,87.3062134047554,84.84916107976927,93.05369909665473,75.87132385259638,193.6497993927804,462.4177172300606,239.8012796452861,132.2906484897985,160.7814406083743,250.1036808789773,155.1200237884147,343.2578051257585,0.0,411.9411061835432,346.670655220478,437.671758331619,318.3121530301902,197.636610508039,118.0887478226721,278.5698313624481,345.2457082759524,43.57509405292284,348.6584201926351,448.9408301791551,207.0937478303524,133.6773859333229,269.2042035592644,118.3063192828167,199.0690443183391,54.96457896275744,268.5334871135448,201.4890343596479,273.401033777366,686.001739460044,455.3736349574235,918.6100028228518,556.3529850167685,432.4664569368306,948.5692793096645,658.4573667315886,663.8098714950194,624.6301699685622,643.1436658344767,1039.164453065495,502.7113564840379,616.2720611616614,704.0880125037066,634.0297376440003,696.1894106263939,937.2940115633704,755.2708919074436,875.3944128453822,188.1091800928912,525.3533602584986,446.7912072867035,293.8956502792396,539.1921758391712,316.9753936831175,417.4093045475135,272.1094052063254,510.1383717737699,334.5847791927461,593.5016402055694,346.458857054613,343.4974648857905,274.4088693564896,288.7495125787786,556.1210272065198,389.9850746574494,369.7159373412071,170.924197710657,272.2160129646786,252.5672583325423,272.6272083167846,217.786405582062,190.1649491221622,382.4013869836227,348.1805966661297,566.6401536923898,338.1989554599356,599.01945649675,365.7472120384477,235.684444723944,391.1417136087065,260.065972674048,328.4406209901056,310.7053848441153,513.7356017326925,493.1735592639169
265,506.4254559870599,545.2094630019778,481.4972875274552,694.9770795024713,770.0730147023096,734.2349666973571,800.0044127540617,587.5525669029786,682.618276020669,803.5031814380307,482.1247176978736,464.6347293603192,708.0890468433403,803.4896428763934,778.0336579163064,788.912940029786,452.7808800559666,607.7631750609125,684.7336967508822,822.7874042166903,544.2790346991011,637.8626426134169,749.917249874072,570.6987632933711,876.3693871065525,462.3299876106373,673.1310863373074,588.1742405871263,554.8700329878308,774.9464583002405,854.6293153930715,748.9113784970832,801.3102054613842,711.8134056468855,823.893536040851,740.6121582204968,480.736059380213,747.3436986014087,799.1885824146827,841.156308060886,499.8291183512329,647.7781559396195,537.7162161924032,599.4834768789785,906.1470022603227,925.8299794406097,741.4264111477127,905.6441816769881,836.5313225385705,812.0138826140093,820.5063144656042,947.1325028022299,895.869674575523,909.5908914147165,762.4980419552483,975.7629246660065,863.1079801382467,877.6779724447953,895.4534888471491,843.6920987440087,933.2226468162715,850.3918074562621,710.944664745663,870.0830219860612,875.3511965274084,924.3351094363611,848.4032558813952,805.2402617039901,725.6766116302599,944.8345578443738,929.5017586803154,912.7862659620617,893.5327188042968,795.3124071314966,857.5353340903833,881.6154817227119,771.7381049450693,961.539482771162,904.3144918233933,225.8132278816029,312.90743039458,277.1424084932272,177.4090749000413,64.05454694833321,231.127608116441,115.6357164336681,135.9076919230626,213.7922869939113,198.8014934293158,34.47182190553988,265.8028671245405,40.98394940009274,357.4579646867734,439.6234512618877,122.919223334711,215.5319112129757,381.6756316615811,296.5717918715429,351.2860750696342,443.7285651697982,49.51251346998075,82.23846032224775,305.2172861851779,192.9021362743672,150.2629397540706,240.2011332535772,178.9506290231018,179.9623213615871,161.7448119447569,215.8060723392785,158.3106918385442,407.126928184003,266.7704817006809,433.1229431219165,386.5399143145962,344.3628696210253,345.9349690994669,303.3198694248983,51.74887481018511,244.2397116617494,313.7534132220725,252.2226841739438,228.245477147234,328.8034982135746,232.9777384111143,411.9411061835432,0.0,264.2809569955544,55.75002945877328,94.18563136353613,241.7513761905496,302.8533639019257,279.8531367278952,93.4949421705636,443.5502507179989,157.4322551417885,41.36767015390117,208.6996291938465,280.0449243009807,260.6423822416246,356.762263569883,267.5374584980798,376.3304529014343,145.892780352229,304.0472460005496,189.3466805316496,658.2457150385491,467.7601046318564,714.9869163790875,466.9848581689448,426.3134478907677,737.3577917280425,493.9777112550101,560.1342118857294,544.5988125256174,461.0601917070083,845.5693037129752,501.0853727260878,472.6845551018455,578.9968546558606,507.3164965562293,626.817049830535,667.3264848702437,617.9182328181131,615.8814152896265,414.2614430546986,636.1796010856477,543.8005728773296,528.2585988634463,842.7697480698525,407.1459967043652,507.3381290753647,454.6452130089301,640.4561390366003,375.5679658438418,901.1567655720738,647.4984434665731,627.1822075801207,339.2991289108084,499.3527991117261,668.4613102346575,516.2120022261189,477.2120228669207,470.0657253504586,595.9917744145829,416.3166977250477,404.6133886071909,443.6743976878703,493.5637708012397,610.5182428546318,565.5704149560536,887.1866096501764,321.0877771081106,913.9482898638184,528.2698375094808,550.9209176301912,424.5920256194149,487.627884324779,666.5857663816681,481.9224981082726,847.1579849553698,599.040816777601
267,349.0647182174752,481.0082093333191,455.6792401257494,587.7707436311578,607.9024352609372,602.5208317154821,657.8054401857437,551.5286303979221,587.3838994458649,617.8810683084263,341.9293314263282,354.4423931070397,628.4335551291064,605.1923836170333,631.9846585818586,608.8855586556285,445.0550278059935,579.9620581583974,621.6118345791871,670.8877063419967,498.4393611461491,555.7020133197592,583.3245308488481,487.9999344473455,677.2336236151092,378.8955329984182,512.8154295475609,433.7585860488279,453.3459874836427,583.9980875228597,650.1877928804763,550.8236436849526,645.4333859760353,519.2545412337129,621.9663751607359,635.4818897802985,376.9271240770146,564.6115147806735,629.7801650632216,665.7758362258787,457.0642345527374,597.7376982529104,527.0995577330322,504.4227635262604,852.6672203049446,808.6300762163893,659.2467279510468,831.6874096253705,738.3567158402112,742.8935722170462,733.3660522043881,836.3613197360643,852.8681546063394,827.5619500685433,664.4636222537049,871.7225447414893,703.588280695961,800.6354493451796,796.7382318447924,762.9123655211615,805.461715085522,701.6140986514084,663.1755640157633,769.0241360573327,762.8401139011512,782.3571034771112,726.5261690375834,690.8353479802844,680.058698002357,861.0603514267501,828.1584724968269,804.2139066837776,857.182142119115,706.0398860604403,771.793049248438,715.8799300669116,659.0369693225355,869.6112840444334,839.9111355657406,79.55029586741936,299.0033713029793,296.6147911333686,175.9884335012039,211.8063024191965,291.2125193463709,184.1297346794771,146.2922904614383,56.2224617572985,310.4461655605344,230.3232278972846,343.8560194652485,263.6079703192231,390.8041881333858,402.8721625089025,141.8713223800603,135.1854810530543,233.446763149189,111.4202670491302,361.5250009770363,335.1701394705254,293.4136230439389,289.7041296355965,360.2110611267311,265.6470173710798,155.3437874350732,266.1580195353195,123.1573749451836,221.0233632202766,280.989919382804,247.051106689355,117.6059183690982,300.1347978719368,369.8499330604199,415.5514102455734,273.9820667834492,253.6310327886576,323.9238409776678,154.1709728334901,304.0312660039522,113.5289460652815,214.9392164043692,232.660777464659,345.8998866629067,194.466639766659,31.33658921922656,346.670655220478,264.2809569955544,0.0,238.8341062542157,218.1456672978402,167.9436584634929,239.6550639979353,69.97876955896005,177.0261295156505,390.0399683425219,106.9048075631092,271.3138822417332,202.5267572185472,274.2894575094817,77.82004400277673,234.4114555599299,150.8061716075115,292.1937424600463,199.4348989270877,383.6053676197189,324.5700726910517,417.6624504412862,205.9869884589961,578.5094989272884,241.448050456823,165.0271957645547,607.3800203324895,320.5507126166062,349.3302406110643,320.0571011665944,300.5678332222793,703.3836537416424,243.949583523062,282.4361599364161,382.0796805323731,307.5072815473575,401.8367890182788,590.6916296430811,430.5814656372356,528.7246884576771,229.4665096609903,372.0400189850764,280.2819904775773,303.4554656208907,612.9016383223478,156.5914042791138,244.3720955290737,227.0540108772362,377.2755242410982,117.2641791782631,670.2040392482056,433.1594571995333,407.1180102798988,109.4691527787603,271.0808720573608,404.2073525817414,258.0124913244813,219.0214342294922,298.3848755096035,402.4970905917483,195.1045182564779,172.8454468814935,242.4487467469887,314.9436111342161,370.0188076068769,327.1113119282955,663.0507554028964,59.58766583556837,685.7748990556178,277.4107572758616,362.0372445252622,160.4209342691903,270.3894091141588,470.8911256811388,241.9231786042119,632.2456868125197,335.0620317297695
269,516.697614480204,574.5113109613402,515.9903570355671,718.5800141582766,782.8529494849133,753.3569281856769,817.4956636831865,622.2801178733129,708.3467355020838,810.8042119337954,495.4813664442689,483.5705846938626,736.9368369744485,807.394466482842,794.5072599505351,797.5360258532244,489.5276359731754,644.0751264122717,716.2079966120267,838.323602575477,576.7035670392861,665.429071554245,761.4912969933064,597.1551540298478,880.4584832962332,486.2959651891807,685.3913811290319,600.6193094528355,577.5393733889268,780.6505285514233,857.0820108876245,752.4981619679073,815.7863283806057,716.5897260382673,826.9009452304639,765.0914760066374,501.3449887766595,754.9602426688051,810.493588271669,851.3021401871647,531.9103019825595,681.0183752649752,575.6657055705522,624.1290785610993,941.0171756104338,949.3798348994898,770.1590634946753,937.0861581430479,863.1464299785575,843.6408719956128,849.0280859741783,972.0723539999457,932.34579761047,939.6441202657309,788.5269724041303,1002.157502340992,877.1918395120136,908.4047465474173,922.3776331740564,873.5258242153054,954.67841522892,866.8223107912694,745.2473412286197,896.3975311369995,899.5021948867644,942.7313574154223,870.5041859907096,828.4975301056364,760.4687277955167,974.7870551295798,956.1441598849891,937.946744359946,931.0239696278921,823.2453261445518,886.5823721576355,894.3584385086453,795.0438084627868,990.1148267355736,937.374532041604,216.8817143405098,343.4606433884197,311.5645644766676,193.8592206621043,83.52048706446242,269.7047865509265,131.4382735201879,136.3759844214271,195.1910627746863,244.2708267808714,41.57492806643954,309.6129669648247,91.57257667605056,397.9548949254164,471.2589495227245,107.714202000694,220.6963553120318,389.9122030669711,291.4008870367913,387.8632571036781,462.3619807447385,105.2595780872489,135.3268535539309,347.1537574894161,230.3733506435474,158.4615982275929,272.9863674595116,178.805907027332,208.3195409850917,205.4375310792598,247.1488879657982,123.5299517466767,424.7905474503505,314.3626521299403,467.7879458310221,402.255199190577,362.2284457426283,376.7461714748792,306.3571954364633,68.7341137787118,243.5511711422365,327.9924287533795,276.9807578684965,276.3394458758173,336.919952017306,208.5385028366916,437.671758331619,55.75002945877328,238.8341062542157,0.0,123.8258286017096,253.49976958024,323.3611038855319,267.6684282818209,95.08015970364525,472.3930926797,136.6290006229246,34.47166413941915,230.6579713219844,309.9704711744147,251.4086965042619,369.0491226880362,273.5392417261035,397.1117868864636,169.5862484856121,349.6336186797965,238.1027779471363,615.3774653164694,435.7331714694931,659.8215389137799,423.0192065012189,394.4212290890674,681.9564862068743,442.4818967709603,512.2778680582951,499.2436713910203,408.8658018592419,790.3644609329475,465.6867346666355,423.2903836673148,529.0614070320619,458.5831229192942,580.6929794310353,611.771657688669,566.576906971725,560.1473970649369,415.8305104899284,609.1254043331454,518.5706853714663,521.8995441308772,836.9395372221124,390.2139628026497,483.0306752405037,446.2936037407091,615.6547802714392,354.7295319542662,895.1310601878143,645.6051579726137,623.3638789833841,327.007039282755,491.5225817608771,640.6246071038582,496.1280635553574,457.013913443454,476.2799965046107,599.2884039506135,408.9354068847293,393.9569633686449,442.2032904194874,498.7463149484134,599.502252578275,555.0079879556167,883.5628729687453,297.946290331497,908.9894702974623,512.2904435164359,554.7264571998002,398.1626577766843,482.8785116942613,670.1108599560588,469.9573312177509,846.4026302382545,572.6462512946603
270,414.3927957718412,452.9721983009999,392.4163018741921,601.1072840344617,676.7738611521329,640.05501081936,705.8985669844801,498.7132281847891,589.2024713065384,712.0687118877265,389.062951123432,370.5186083793398,615.7648466695341,713.7232499449972,684.0342801051685,696.9493100241723,365.702352313205,520.2907589285079,593.7130491141205,728.8994728996391,453.7502280094097,544.9940894922031,656.971797499345,477.4200501113282,786.3718913310164,368.3986698971063,580.0681422683277,495.1762824529711,460.8168790678125,684.3016545553063,765.5801928358991,659.4427447407486,707.6122246056423,621.7819794909555,734.5862430006317,646.9241384530754,386.5504348832409,655.8606002709564,706.2767300731668,748.5762490821597,409.0446879061959,557.8578767689672,451.8680273487237,505.7664728165373,817.5101036028519,832.0146609791344,649.0704486537974,814.6942146436234,743.4386601794149,721.138672135279,728.0977125393999,853.6104204198656,808.5837855375754,817.9052978357314,669.2012044277154,882.6447343341682,769.4565201353319,786.3257318556047,802.4806483604102,751.8766800312043,839.1326991136492,756.3774956993478,621.8204686553124,776.9093832763895,781.637398542378,830.1644886735795,754.3649059340222,711.3477284451518,636.9363141686512,853.1107405342237,836.4480374283099,819.3089760586201,807.2007289975224,702.6607831295304,765.3638534473864,788.2508640974049,677.844238524011,869.2014086763951,814.364158652618,158.0495539745025,220.9394914514684,187.8186225429216,86.16204030803036,40.90157082865205,146.5367534875277,34.79141071427949,71.85361946896657,162.0711677924289,128.4496386152291,82.86191119715673,189.6962360033877,64.02115872780136,274.9662507229079,348.5007973764581,91.27562072814408,131.6660926155744,291.3079828954959,219.3702926200492,264.0400335614606,349.6524764009267,90.61415203824566,73.1327473285917,225.2078774936986,107.1101442550091,70.3830130231998,149.4647577001322,105.1546145939352,86.40249025256689,89.07239940519985,123.968198096876,147.0588225878989,313.2150963067175,199.7540768887032,344.1502224636998,293.0757876680464,250.5371260947638,254.1844049523987,217.8131159089671,145.60716222281,164.7183922819862,221.1092803622348,158.147155267088,164.0467039519281,239.0906985519216,188.4407492370353,318.3121530301902,94.18563136353613,218.1456672978402,123.8258286017096,0.0,151.3809776968055,208.7403132904564,212.1860062702547,55.27695378073715,351.0004098817269,121.3401707562293,130.748370552343,114.6523376663034,187.6551601831306,190.3353656192157,264.5996920675173,180.593821832528,282.1522449703397,52.0827139601305,231.1933534063371,129.6599027268075,632.9697621086231,423.1594402225442,738.1922426093785,448.295665883172,382.6954235101545,763.2142213682897,498.5920484970879,550.3897879111445,527.7833056450294,469.4430153090141,868.2467586295617,462.0917419399471,469.923854129444,575.9261703599473,501.4911518104594,610.7297201060356,709.7355468852696,619.6705570436593,653.9972951428725,327.9665206067888,579.9459005622062,486.0776901424051,447.4502330794452,759.6409912984535,340.5175903133496,448.8755184547815,376.7627489227594,580.6945994865473,315.4704149603926,818.0077246773706,562.0250479305938,543.3485893104175,268.8543499898597,420.3031877961279,613.0890276407364,451.4617107986051,413.3617631529137,380.1855183207797,507.1896622052501,338.0926348828588,330.2339859165215,359.4572568505515,404.1413505665528,533.5733284000413,488.5782229773688,802.1564397974599,267.0325586747734,829.89078698472,457.9579667876293,462.0160555194183,371.534662700771,405.7645339553886,577.3836680293668,407.5488894182482,760.1562350719128,542.2643739164773
271,264.8931319971309,337.4785199074211,297.3556177792157,469.5212861895454,529.9255956666451,500.6296043408663,564.163788695769,399.0751456041428,462.1473310420067,561.75401297666,242.1360112917839,231.7661058343186,495.7728336745764,562.468295244972,541.0353343976567,547.2303407627641,282.0245399448006,425.5189841959,481.1377293339294,584.832555489104,348.0015804423941,422.8020921053609,509.0954714397527,353.6077858847871,635.1947109644426,240.7798922011752,432.6094580702507,347.6835589288312,328.546133166203,533.3957383882669,614.2125965750423,508.1170549397607,562.406964865043,470.5905452254053,583.243876408097,516.779922837395,250.8954040380387,505.5923538884439,558.2734512292022,599.8268707979046,304.1670311970821,451.3978004016121,366.8034288687538,377.2316699037199,711.5025687960933,699.318639442902,528.3831385113901,699.1622445522495,617.0935671216652,607.063993785898,606.1275911182137,723.3842946897231,707.683536339011,698.8667551922906,542.1134809886635,755.1403548451639,623.9122378806806,669.2183514350947,676.4449636417793,632.851124857451,702.9216232263138,613.3357577020745,517.2156740232581,649.7375781560396,650.1977560522827,689.5495414550024,619.3899126598072,578.5393990463099,533.5722478150965,733.5750207862235,709.6509903503162,689.6321480885911,709.6649312874786,579.5377317156783,644.3245033697602,641.5019702261663,545.268820965491,746.3835305503848,703.1701351378922,90.79454725628469,131.842551330352,129.9172895835463,65.21907987934225,178.4730210815197,135.501591596827,126.283594650445,118.7951699267579,130.1879114409651,171.3226030877756,220.0298872243961,185.0692410114304,215.4018039795942,222.8897224854531,245.816623407332,156.9972213919624,40.66704072045647,140.1188401020299,94.32239564777225,193.9289112120952,210.5114459940645,241.0970348682129,214.6603901525005,194.9269355449015,123.9478480668903,95.04084840460504,104.45109812063,82.73938366448097,88.36182223599123,157.2900374862417,92.85541312425225,192.8638874892485,172.571457984801,215.4577448848694,253.7194251150302,149.0974018238387,111.3144570311537,159.1203827788482,71.98097713975524,293.3489742044741,55.20976274461621,74.71808163099954,65.4819710197419,200.7238174270264,87.71021109435729,155.2048386163468,197.636610508039,241.7513761905496,167.9436584634929,253.49976958024,151.3809776968055,0.0,80.08978363753474,114.7932184055354,158.4222577100294,238.3752761192796,151.0539277713559,272.0485821352623,52.89185833068741,106.3953612387199,95.14108890346414,115.7969193661773,35.50682960666379,149.1207219240455,101.082915807738,221.4665272809971,192.6640003342647,566.6310769385896,337.0802237146211,745.73099229236,404.3350083713648,302.2699098358165,774.2340512444068,488.4545057016604,513.4794123420673,480.7546557263485,467.6570051643668,871.1889379412956,382.6099028859471,450.21950099141,548.3253072268204,474.2798564366634,560.2323181667302,749.4131349284914,597.5377713197997,688.6920203377916,178.0777824415725,466.3653433987259,373.6299496641176,301.9370101592494,610.5081765370628,221.7080331940119,337.0550291359773,236.4866453232858,461.7063816174657,212.1715561915916,668.7661533515048,411.7673298098452,394.2586295323025,150.7059163343849,277.3545994477473,499.8705923758174,329.0900332012866,294.3779733453009,228.8801876411133,355.8129470860027,198.663270446721,197.8224103534316,211.2545446607214,252.7701224095415,391.5540975961146,347.1122194631309,651.8203039222168,184.9738723324975,680.0631666391486,326.573772097049,310.6384600842044,275.1004661775241,259.5771368419665,426.0154522926535,271.5916237603945,609.0402746135248,429.078064193414
273,213.0706473250597,257.9715328247,218.2469857812096,395.278604935835,469.51331517217,431.5100014209199,497.1600457135186,319.0840952775059,385.9349233637834,509.786677292287,183.7988372150339,161.7826493841565,417.5707023067996,516.2954577799491,475.3526550224456,493.2309872711509,205.4510813049234,345.7702578276085,401.6399848582343,520.3611485764933,267.9117969101749,344.9291065494223,450.6604781238254,275.9108838698928,587.7587938383386,163.6476011770423,373.6345801015731,289.2828195572753,254.1874133166522,484.4961911256551,569.8203293071338,463.4412823339547,499.4222954640635,424.4448889938803,538.3342235348861,441.9692403623112,178.325550088296,453.7458222738961,499.9480851864801,543.020623784744,224.123442478804,371.3829897733984,288.6162375410924,301.3050247766787,631.6658630392576,626.0236935386231,450.4209720836557,620.4266704904967,540.9738371757137,527.9734179177575,528.6465985243385,648.9467903610431,627.6218150516686,620.8176035187483,466.1148115929582,679.6375411164465,561.3302756786287,590.7309732320128,600.312659399175,554.7037003214749,631.6374440695438,547.6771304394787,437.1814201620076,573.9685841949901,576.2207516135057,621.5369128307001,547.2579956236606,505.1384471595548,453.5115334441966,655.6818711585267,633.832327119405,614.9143241815416,629.5769705349785,502.3250689203648,566.6674332749506,580.7201987581153,471.689556037012,669.3429039200054,623.8082541881412,167.4726319341609,66.72081765822608,89.2479310752053,129.5784475534945,243.0245535648377,124.6730356783181,192.1061839923684,193.8318670763018,208.3970595275308,175.4795163461894,286.4497120907621,158.2160926713695,270.3863286313425,162.1402690664524,166.2076923153563,233.9765266826863,120.7568238988363,107.6145598960121,142.4021309472076,127.804461574109,140.9250034180949,291.7056148714834,258.1454525902012,150.6167405687034,137.3370970860075,167.6356235687469,90.97724604082723,161.8876100564457,125.6549377684116,179.5806209863032,101.062217395957,272.7156301307619,104.9657948850897,192.4913851459559,176.1847818068839,87.54571710535447,43.66421391907535,85.11668825102525,99.40014283538544,354.3472403333089,127.4323027111581,38.28769753387494,54.2849288123975,192.6337988620888,76.82960127842455,231.4795810981558,118.0887478226721,302.8533639019257,239.6550639979353,323.3611038855319,208.7403132904564,80.08978363753474,0.0,176.6279424581715,229.4324391784612,158.3063018984484,230.7840850005032,337.5113892361637,94.17296221938919,60.3591865920211,162.2952951738026,72.0942784177368,88.91262460440579,73.84178402417362,157.0207141510073,183.3457397344721,200.474723299707,615.7706089963906,382.7957352020883,817.7162520699619,466.2656491542721,352.7845985787626,846.825706355563,558.6394120233717,575.4706804236423,539.7516549421714,540.0419403201389,941.4597489687965,429.9868960438693,518.5682725889484,612.8019276237361,540.0665417419502,616.3929668326878,826.9894070770396,663.0459975013953,765.8118210728526,161.4259003809425,488.3024001047077,399.751009385403,289.6967516331551,581.2836228208292,252.3401886971325,365.3944636980642,239.1749594516688,479.0256898663262,256.0447801553876,638.6426888922288,381.0389673272621,368.6745315344746,191.5664456706433,272.0114479570101,521.2100432954409,348.3650341876225,318.9354084684974,189.9311524253868,316.1495504371997,206.7395392102652,216.4018085596559,197.8565864241136,214.6049128057786,382.7375723587862,340.9334351034152,617.6164352664368,243.7613018767792,647.7706049091523,336.0476164676995,272.0476613363977,318.181521084864,248.1748567411696,383.3869745200271,278.3308958680635,570.4110602765953,452.4968938431358
274,282.0602572270952,411.5418000191231,389.0691020709708,518.3944711197729,544.1944481226296,534.8768723306761,591.5503773423317,483.0707991372154,517.5944351836605,559.0013318385098,273.057798479489,284.4705823637503,558.4627480882912,549.634052974102,566.0669027310315,548.6436795411895,380.5690739158963,511.8406583407037,551.7648655103003,605.9640433239995,429.7757409691253,485.723244095894,520.2132038269909,418.0524456552176,622.3539264539563,309.3017779138148,448.095170012336,367.4202038517084,383.4323322358119,526.2338796352714,596.8111994780165,494.8118762400011,580.9541696676752,461.4033832495473,567.6216025826284,566.1499228385568,306.9483546032103,504.6626478103765,567.4976552618705,604.892559006337,389.0079566714625,528.3290215845656,460.9024798077843,434.4955586809714,782.7563921994836,740.5183181662974,589.313338783988,761.7631330664108,668.9597906499831,672.914803314037,663.5978344351104,767.8580589007836,783.1587246284352,757.77477723379,594.9118870691232,802.8755934988579,639.9910159596767,730.733956524756,727.4759079857206,693.042098387783,738.247236154982,636.4092775851886,593.6538620646471,699.8175177417651,694.2711818987837,716.6127815643641,658.5373926795352,622.182657797391,610.5690249193802,791.3494597315896,759.0824301618044,735.4956316257753,787.6608922003696,636.2893018072741,702.0363084412878,653.4050566239538,590.1758658986762,800.1789360164099,769.9323668922568,54.72992505033222,239.7462025018239,244.0714271520629,145.9498125848767,219.1410477589635,248.4500887095112,177.7534627496321,145.856738334874,75.24747205650422,277.5409285204536,248.6634074920203,299.285210070864,268.7468981788974,334.1746098643843,336.1771595040536,160.6267419923142,94.54822912838888,163.7646327651323,41.44149800079225,302.4718613009546,265.1993269155225,298.4205602525948,285.1196218431212,309.4503928263368,230.2392428468235,142.0168341082272,218.9028086735233,107.0314304710867,187.6300739985342,254.7699237325216,204.4608159178741,160.2692748933514,230.3193380559716,328.6300821668389,350.6150181720164,204.2048374391708,185.8267345186679,261.7368816924813,85.05643906036073,326.1310787679399,61.46664326050471,148.2073114661576,179.8121283861538,310.2614800886279,124.9525321182202,78.19114173052652,278.5698313624481,279.8531367278952,69.97876955896005,267.6684282818209,212.1860062702547,114.7932184055354,176.6279424581715,0.0,186.5059597662949,322.0953581721047,131.9097726056215,296.4387231712937,160.3008823367905,218.8650807785002,22.83966600685951,164.7248742832875,88.94977946464418,223.7751999795204,178.2409566617925,336.2450645419399,295.6783271093767,452.2645131194705,224.7839435745506,642.1337285472553,291.1139279524431,188.389661205669,671.6059800016442,382.497163059545,400.4359370332267,366.5761700325116,365.2625740243499,765.0887248578987,269.2392972496527,342.0031110773322,436.7284971622149,363.5987905043395,445.5812791818503,659.6274908545289,486.7075009664974,597.4109551923617,164.5255766871998,368.8577921093188,274.8676002449637,255.1598228340978,569.7205654542223,128.6749443764295,237.6029662135201,178.941246626274,368.6700261164479,105.1138688063736,627.8010523245537,381.6977359945961,357.8286805379803,59.63785916475388,224.2066216500925,402.2019582829931,239.4258105095964,201.1857136890265,232.6669962983734,343.6105387316634,142.3980142382742,126.2940506534857,182.6023190644296,250.9111986047805,332.1113796601639,287.463312071337,617.3074921314532,70.18295240102147,642.0243041243353,248.5716005010689,301.289051194717,165.5682386421154,217.7185465833841,413.4542889194999,202.7624373366823,582.4867562092054,331.1323700342119
275,422.0745064213417,483.4788343101749,429.2706062496688,624.652907304112,687.9754309522906,658.4581863026774,722.4474021347469,535.1730767773716,615.1898755300538,717.1292202042171,400.4552220032552,388.8147602312327,645.2198262034043,714.9704079669824,699.4292699261233,703.4719740167445,405.337209329396,558.396429623283,626.1680231856084,743.2522706015571,487.8473505908702,573.1797014282891,666.7780666670999,504.5228971452046,787.9957187436182,392.9060680012719,590.5493343628046,505.7203748143848,483.5090765058198,687.4994480134528,765.3387734249577,660.1763634779204,720.7595651451544,623.7489032590879,734.8834130400755,671.4006814280986,406.89341167166,661.1588148016123,715.8425968220723,756.8923348376653,443.0097943596002,592.4035631982217,492.1570544537479,530.6835218213554,853.1259474512611,855.2675578809402,678.3207524407493,846.6118956245883,770.1700640289617,753.4354572846565,756.9626675029256,878.3744502199874,845.9371423526518,848.3065730994336,695.3881895672416,908.9743717900318,782.2015827771231,817.5127689265831,829.4770018603579,782.1458999310861,860.0719438456753,771.742539198358,657.3153537094892,803.2651741331998,805.5956318393072,847.7234174215652,776.0670155828547,734.3761644158258,672.9184718550026,883.3511291993216,863.0959612318504,844.3465835329356,845.6379033615542,730.9169295665946,794.7461244908543,799.5117311788281,700.9603981761403,897.9229434433095,848.0358447720664,132.3286957957455,255.0597404779826,227.5807931529221,99.96701295628252,34.78017290354586,192.7027275372378,41.10502670325593,43.24388102281044,123.3547055509865,181.8282013175922,64.42336041811136,239.7648810455877,86.58184080357213,319.8690007360564,382.3888160539805,38.40991049219193,126.5782134512133,295.5610436131812,203.5791512798622,304.7488326850985,367.5829245301275,116.4170723775079,116.3536454509529,272.5678196915872,154.084547677435,63.38208958639644,188.3751816145119,86.71326705449322,122.1108592014562,143.0079375809238,162.0017543395837,92.34932053099821,329.9168667454353,252.7311948535703,381.6217341013415,307.21620214756,267.4900746010959,288.1010399794839,213.5293934857005,141.7711921118406,152.3492005979872,232.9258020590239,185.5248259195561,218.0818678370574,242.4831708000818,145.9284156667913,345.2457082759524,93.4949421705636,177.0261295156505,95.08015970364525,55.27695378073715,158.4222577100294,229.4324391784612,186.5059597662949,0.0,381.5319687681876,72.37771138587986,115.7819836112904,138.5103547686939,221.6287289007235,167.1474415140713,274.0291059559506,179.457551743721,302.9410217298138,81.80488488993424,281.9336657863651,184.6642263380614,585.3989539090032,382.880619879502,682.915289732036,398.1769756696063,341.7264554460713,707.9587228352422,444.182464903102,498.4143593162448,477.4342549728586,414.6266691981496,812.9764438433567,419.305398066688,416.4406552684288,522.7309027868876,448.615483757308,560.3987212751008,655.8518125444217,565.8066974384682,599.6149389430351,324.0343934774675,546.7111556797155,453.6084206754972,435.4008013610712,750.2344500816959,314.2767285085725,416.8057078257983,361.3734598899396,549.7722469135394,284.0780452232329,808.594718710663,556.0893070577017,535.088095531889,245.8637117745223,406.1940166256202,579.3741347146536,423.9378746721291,385.0702295752263,382.6609109713283,506.963188626199,323.146240461929,311.1278718725606,352.1647863236859,405.5246242226481,517.0699375015079,472.1390136010137,795.3141302216461,231.2104253983619,821.6767921283802,435.0429202791456,462.1291066795397,335.7249687415631,395.115086856814,577.7531399538527,388.4275597561206,756.3420223805156,509.3028533122143
276,180.5360720823471,102.1182458738332,71.5963246903796,256.2884808376154,368.7168380900807,307.4752858735756,376.5693180710605,161.868493611299,240.4573887687374,428.8858048321395,145.4171977770346,93.04741671709803,264.7698154995883,449.3661474553223,359.4415127224024,408.1233742873731,82.54421122783475,189.9258590959624,244.7740587842125,405.9537515134297,109.7573532019427,194.4024680679855,356.4974269431969,128.6380614119758,513.9521723920697,49.05855834045175,284.5433183752829,214.4548930110385,125.6091543895,412.9386005944717,504.1326939480738,403.9111646829994,389.9849256642523,364.7137453654234,473.1281014808617,299.7277708265979,84.8418327240716,376.9338579337419,403.1020758976169,448.0254486739608,67.03463575767456,213.1303626387391,142.8412024913432,160.5418830678007,473.6952316556237,485.1028087570498,298.0704805759204,465.0868396876485,393.2105352363381,371.9232753291852,377.1012716343136,504.7504801699195,469.3155150042766,467.2512225797682,319.6720284673846,532.4176457420582,450.5127071580965,436.113501325887,451.9861482216453,401.1382944160874,496.0023366701284,429.0654408849434,278.8945837845312,426.8659078219395,434.0646491736542,494.7346364639536,410.7269825346871,365.7978280774627,295.2054209815017,502.4001307557827,486.0979551344548,470.2900366501516,471.4010635613634,351.7701117455394,414.3917265173039,473.946376833763,332.5592206225421,518.201513863806,466.9072433846643,323.4125497551945,130.7844890319349,169.895093731933,282.424426782719,389.4034855085783,220.8909642539327,341.7932711397515,349.4604861654992,364.9256272503882,269.9249572730523,432.9983641757123,214.3313247248205,406.3905985915334,137.4422125887251,27.31602212302205,390.4012512431049,279.0364397492123,180.1474855777592,282.3293618186817,113.180069692371,92.31909638670066,421.7812328807566,383.0380379419568,177.2043819146969,254.1447967111866,322.4602024956492,203.922718936044,319.9287443694976,264.7056050522508,293.6062072912753,227.7458480826805,430.9538621513597,105.1063129696489,240.7511049770236,58.17055585060815,126.4394634615685,136.4221928647837,98.27166391889745,237.2082866363879,493.1432208198407,282.350964862469,175.3613875093658,196.0144391385462,265.0282131258513,198.6655414408827,386.1104125543583,43.57509405292284,443.5502507179989,390.0399683425219,472.3930926797,351.0004098817269,238.3752761192796,158.3063018984484,322.0953581721047,381.5319687681876,0.0,388.9791301647938,481.6888876175497,243.034326077101,163.5197251048944,312.4751527757155,161.4798635604379,241.7734036999652,98.53519621400415,302.8069833094584,205.9011303096945,292.7060887545888,726.3022552647128,496.6511693235917,962.1303936281558,599.3416730515346,474.6760767010121,992.1124395104086,701.9751018916967,706.5389876377398,667.0383830783265,686.7186994749063,1082.518039373348,543.8464011025721,659.7189487212438,747.0618523920509,677.2546699403513,737.885946875661,980.5749108835028,798.2971751200739,918.7410566970485,226.2429467681592,559.8536570876772,483.9307718878563,323.6655846892357,549.3744843733357,358.0157378698103,455.6939648036952,308.8265791172245,543.3916708882228,377.0420420505083,601.928850864335,362.6639803107043,363.1340461370837,317.4766831648408,321.7159973370138,589.9378850346893,426.5778472413854,408.1962780045873,199.9444960437248,287.1110082392887,291.859764594425,313.0619568794017,253.5514571181387,216.196882685792,409.0231912125028,377.5151373033343,572.9072192389691,381.6810625604995,605.9182533003565,400.1759387916031,255.0619196333929,432.7366934063036,292.6939389653663,336.8865284488692,346.5572898789179,518.1092867564817,528.6844375247731
277,397.1609050975874,488.5252204036404,445.2508245389299,617.4530403846907,663.5374170371002,643.7576522955293,704.6571218525804,548.697975333018,611.6068877183081,684.8589336937479,380.8737557544789,378.7423099484736,646.4359504151417,678.2230985323818,680.3128537813785,673.0791393342901,426.3757075998614,574.3352866434719,632.1895055646637,722.3986741519101,498.33100065607,573.3499143298451,640.7756625799759,504.1465128378791,751.1874664320095,391.3096830232436,566.2338344680076,482.7264522786248,477.2064095291079,653.2516375300411,726.5383533566187,623.2798965822176,698.5260681319362,588.6364417459519,696.8990808600431,665.0300699145442,399.0940102274814,629.6546336163333,689.1009560264431,728.2799985804263,454.1395826232211,602.1074164414093,512.7100170173804,526.7102144136921,862.4448791050683,845.7214889126803,678.8982777548051,850.020211577223,766.222968482744,758.0628551512241,756.2897320210079,870.8520359426075,858.2068809669513,849.3505264324772,691.2627646652222,903.558394282602,758.9770050213403,819.9624357966646,825.5093776197947,783.4199507376748,847.25374933728,751.9958531674782,667.8667558552855,798.5295789155736,797.3753366782569,830.3755954746023,764.8718426963817,725.3721191126424,684.1234742480782,883.9446793317564,858.4068493341962,837.4233340094768,859.7673969336973,729.5375549909785,794.580076140732,774.2779748970834,692.3709844954625,896.1245057014522,854.2180602153918,85.05293738048432,273.066553597419,255.535101986463,117.1932599282323,106.7193357919174,232.6618591470285,91.76496184310376,56.00849348158579,58.58221453896374,235.6284916184465,123.65812219929,284.2268320153036,158.2233778825749,352.1116976437854,394.8613387635899,35.19836235716702,110.7670459963453,270.7977985860953,159.8602167923209,330.4244224690643,357.6961708674116,187.692787715536,188.3507764044234,310.7311825353958,198.2554609051694,79.2402091412245,218.0985593459595,69.18608983420359,156.7942445645994,199.8671565953071,193.3050991292029,42.03608815394412,319.8043757426908,303.3495393991067,399.711455269784,294.7233924583523,260.9905132143941,304.0509097726864,183.6448191879022,198.7786995222681,120.1058640958129,222.2171796749946,200.1830191316526,272.5836936659463,219.9852009733171,75.57566275672299,348.6584201926351,157.4322551417885,106.9048075631092,136.6290006229246,121.3401707562293,151.0539277713559,230.7840850005032,131.9097726056215,72.37771138587986,388.9791301647938,0.0,167.1553664253765,156.1717639737597,241.6927318239818,117.7112309297953,257.1718794348105,157.7971518312683,299.6048013816118,122.0725395560324,326.5098686620523,243.7636804394198,513.2835737768894,311.7116265278824,626.2460333938309,327.1289798716718,270.3928453981125,652.6025621248046,380.2985103392895,429.1349798627001,406.571166417704,352.8227669356569,755.3081841225406,347.2709226397823,349.8137893267357,455.3688311987161,380.7102037724221,489.5371328082404,611.7854444661311,499.9460377830733,553.1043388623967,287.7996090690368,478.7541155152317,386.5243893767197,387.0092514346175,701.6229302992526,253.7738250571029,350.2165756948997,310.8499879906211,483.3174215914054,219.4971884747154,759.6845295640738,512.6917340124662,489.3907961530234,190.785290886583,356.1149097268069,511.0325849320258,360.8038111780178,321.6843530112879,352.2953035475043,470.7212190548644,274.1200255658125,257.9229376802567,310.9763541380852,373.2014359613091,463.054046109325,418.6755698773368,749.1258658595095,163.9651633913229,773.9330828668133,375.8117482038762,427.0457853546744,267.1598404953152,349.0122383917956,541.2671279161938,333.4828220899699,713.6181287670288,441.6462694017432
278,536.7666915999891,583.5978468147086,521.3385856396458,731.4534840863498,801.8982000573428,768.9198968628068,834.019921876039,627.515159607378,719.8780633504389,832.5890246138697,513.9476613129158,498.9812559115688,746.4307810805792,830.7458113689072,811.5840259477771,818.6779146765838,493.1323070869423,648.0998255057116,723.8710165890702,855.93681910086,583.6111500277995,675.7401473175117,781.1429960263786,608.1419585261137,903.7667880315959,498.7363037439047,704.6366750623652,619.6916114701107,590.8752473428822,803.1656289671773,881.1044340572554,775.9568987867793,833.9580128844435,739.4863470379976,850.6631122640338,777.4456310006728,515.8177433880894,776.5595005080755,830.3121531583523,871.725752205272,539.0310205099765,687.389483937323,578.3567939465314,636.2888456957638,946.2425328927603,962.3916962575696,779.7461603060242,944.84695986875,874.1778832683003,851.2428098049326,858.7891895253866,984.2197297083978,936.316125394054,948.3846430259536,799.9072020721909,1013.378233086658,895.6040179414813,916.6650912678765,933.2276801267138,882.3989128577161,968.9676165405652,883.9606631942469,750.8528796710183,907.6368549038149,912.1216849497299,958.8018838390122,884.3724128602763,841.6420375233865,765.7085052883947,983.6069511805297,967.189566149474,949.9426838864143,934.1777744934012,833.3917856841539,896.0000519107808,913.4827317249495,808.1425279024252,999.8835279817811,943.9605675705593,244.2063223985804,351.3924523118719,316.7043173242573,209.4860049597636,94.5682080065784,271.6027886955755,146.4128526437023,158.8707842339005,225.6166578690779,240.1542333586094,52.04102831324633,307.0957935931572,82.35161929555737,398.4345300471857,478.6390927822944,135.8276894402388,242.1893730048925,410.7333905412225,317.714658056128,391.5103267171676,477.910405687751,86.16939854327077,122.6524080754176,346.3521974138832,233.0178708142728,177.8071024927053,279.1890150553922,202.247449317715,217.149234373719,202.9260144067805,254.2441758327583,157.2897411660466,440.8136273448984,308.063585714105,472.9687017442594,419.2957874242999,377.9917226249671,384.5681714996458,329.3112868529238,34.26244963929273,267.7951350993346,345.6062370516087,288.4343096600464,269.5135535586174,357.6413892255654,240.6530046551337,448.9408301791551,41.36767015390117,271.3138822417332,34.47166413941915,130.748370552343,272.0485821352623,337.5113892361637,296.4387231712937,115.7819836112904,481.6888876175497,167.1553664253765,0.0,243.5280702482624,318.2412872136259,279.0597726771571,387.8044038706678,294.9902901568231,411.304272027338,180.8790386230168,345.414915456575,230.5741613615517,649.6477162668998,469.7049759948725,686.9202842227461,457.2158480665364,428.3489282472696,708.3066413521905,474.2113183539689,545.6014864519761,533.1890828661346,440.1490159970336,817.2786382605965,500.0134938437512,456.1275715934486,561.5728856056792,491.6463702317986,614.4471382605632,633.2330515924372,598.2958941889929,583.2655779641533,439.7612958647242,642.4098521244198,551.4462583328697,549.2096541394347,864.3100852612887,420.8452307583211,515.681310772253,474.2197783404986,648.5009733351708,386.3773403210966,922.6023159118671,671.3124352686774,649.8167281272307,356.0299162329922,519.331917218255,674.0617971132357,527.778155750885,488.6505430533418,498.2406106577083,622.7451464714561,436.4374289897887,422.5933405983747,467.4709948242139,521.2210014899488,628.5470257681693,583.8556628040635,910.1137315333232,330.0517947215342,936.0660851983969,542.8150530554537,577.904197540935,431.1735169971448,509.5222699545996,693.5339984036443,499.1688897283751,871.7830215038842,605.7885545680149
279,301.8587121291641,344.9693320386166,292.8346172683917,488.2877865249372,562.4922082740627,525.6656015290325,591.3050959723754,398.0877369723075,477.6916740553337,599.7287530215657,275.2068240983253,255.9415820468327,506.8329124156943,603.4242302243541,569.3844868298206,584.015035958008,271.5060526680841,422.2613465961574,487.7255775611806,614.2558656669328,349.8668927785489,434.9867905490366,543.0190624560074,366.5513995851131,675.6572542883504,255.7461051590257,466.0378980335245,381.2712135791219,347.4762479528133,572.9559095801574,656.0816154478879,549.6538007839191,593.0444712963961,511.3546409420198,624.8258199352814,534.5967667546197,272.3385701814346,543.5329717424066,592.335482606105,634.9440891751251,305.0783362781426,454.4141465645778,358.2554821093456,393.5490157725123,715.2699654773219,719.2020196168013,539.975090639138,708.1048740336869,632.4966422518569,614.9525072494465,618.710739955716,741.5456051905978,708.8266255804214,709.8535091887796,557.8695115894001,771.4997627842496,654.910212877278,679.0083930508189,691.7402619791392,643.6957826126064,725.4447258349317,641.7308740019756,519.5765751298583,665.739561451403,669.1294331317864,715.7081556329647,640.8948443193907,598.3750415078938,535.3553937687791,744.9188619331554,725.4898989358004,707.3779000257048,709.1490013728755,592.7865153500918,656.4126845909722,673.8956142713854,564.8886485882285,759.7396635963763,709.6927128480162,123.0697124649829,118.6266914365416,99.88744537478856,40.3670308970026,149.2023941103265,89.15677972247283,99.28077631073685,108.5488234334649,155.0106692530684,119.1943911911784,192.7973523270436,141.4530293199845,176.995796593917,196.7447147941524,244.6130780697344,149.9917590586855,68.00592858257168,182.6663138056562,145.7477974375978,174.2773811260529,235.0303225272254,199.749618485478,169.0431376807611,159.4178391705566,71.58011382948028,81.14513509237753,64.64226339620247,90.12239153960653,36.94815789938697,104.6790079157759,44.79200196955317,197.3549256315656,198.5800082444579,168.9509216013614,245.9927837564813,178.8731163959753,135.9760938374807,150.9911898880938,124.3239835779338,260.2417589636919,98.87512434488663,108.8611256355887,47.09498921719597,150.2719358458708,133.4045965182021,183.302333776386,207.0937478303524,208.6996291938465,202.5267572185472,230.6579713219844,114.6523376663034,52.89185833068741,94.17296221938919,160.3008823367905,138.5103547686939,243.034326077101,156.1717639737597,243.5280702482624,0.0,86.11045903607553,138.5130711477094,152.7825806049611,88.39868793735145,167.8315812305289,62.84844856152168,181.1528597925764,139.9403922238883,611.9433623295165,384.9300590339288,773.2434137378647,443.397149680844,348.6245893941428,800.8387246102408,519.3758411182897,551.7470341666925,521.2646461915729,495.9766215464829,900.4966995344386,429.5341534552666,483.4099425472291,584.4613632956903,509.7296149582259,602.0598759188898,766.9303683229112,632.5549202005327,707.5429325314354,226.36586294258,518.6846527265924,425.6689544654024,352.4401723343865,657.9717021777365,273.8314362649404,388.9201832488586,288.7065815168762,514.3904324756481,261.8930805951936,716.0484749673689,458.2817907628587,442.2004681541802,202.0830896364602,328.835029602305,552.2043337706558,381.813612889476,346.8054281617791,271.2176836976537,398.9340609017653,251.1501454581817,250.7142686841194,260.7909775058534,295.695800396701,442.9585053716602,398.7570778918668,697.7673119004503,229.4157383199253,726.6835950633129,379.4234844723792,353.9050842285592,324.3121823084968,309.9676851199528,468.2188254217621,324.2499762195083,653.3123039513213,481.3049664841149
280,262.1713126575662,265.3565614175096,207.6887463857419,416.5592928556758,507.8438703487398,460.652376325961,528.3238167032644,313.5487269631639,402.9679313216308,554.3666937060249,229.7001823281352,197.3542306819173,428.199423513697,564.3816918558504,508.2809209286061,536.5248298690922,185.4123886430483,336.9616086541482,406.2779938085779,554.2215519794167,266.8193178988082,357.8238933954809,490.8983352496087,290.9468874817243,634.7077365307023,185.3941664821842,414.3362289486283,331.9216151585028,278.2979240677777,531.2212599946266,618.5678230878768,512.702327014733,535.0157790225915,473.2425805174164,586.9776266551343,461.4735550515788,209.0048979026909,498.8596256313975,539.8258918531593,583.812149569962,221.9946034549686,371.2628766797235,272.2029383230399,320.6491964425563,631.7301057943558,646.926868333865,461.5213027276732,627.2141029892744,556.5396654725852,533.7176398848599,540.5788621692114,667.5235152509111,624.308844342125,630.2522595894984,482.6636251737813,695.770280117843,596.8357213504061,598.7223628789973,615.420304074222,564.221694926949,655.8969297908598,579.9998096193937,435.8871387302664,590.1291824474785,596.1739997551903,650.4948755939757,570.7351952732121,526.7577236264592,451.3862051929044,665.4559631449151,649.4878465254609,633.1205543900941,624.1270445850918,515.2897030625306,577.7587652744514,617.827422532803,493.3068152422887,681.6592889536921,627.4515345692331,196.2470710959257,33.53047095254383,29.07501349328892,126.3867766368549,226.6100749171136,69.7350748006638,180.9277259237977,194.5012294945072,233.5599069693305,122.6523518539007,270.0226382635904,97.87650515355767,243.2303378838138,116.5152350232406,161.3207923261801,235.9221521270532,141.8723295028031,166.985998191354,190.6159758791089,89.40822011534054,178.5059254178557,259.9727327992364,222.5257602876255,93.25860911459564,93.84003106599197,167.117865178953,42.14749032389002,173.9883876667576,101.675826632151,135.8465721753255,64.27675435572814,283.1788603364225,148.2264057974341,132.1857934221346,160.3155881896146,137.9522086028675,96.94931902020916,66.79017838109235,152.1071483095054,329.8408940963163,161.4219777941134,97.89814237255912,42.57593236335211,134.6856535262829,136.0980411556976,260.1209191329375,133.6773859333229,280.0449243009807,274.2894575094817,309.9704711744147,187.6551601831306,106.3953612387199,60.3591865920211,218.8650807785002,221.6287289007235,163.5197251048944,241.6927318239818,318.2412872136259,86.11045903607553,0.0,200.7330083074696,131.1006006207212,130.6904035876906,111.0211432121258,140.8601665994766,124.450610145119,147.7931264667822,667.019190201309,434.9702206933559,851.4479056537514,509.7838544049442,402.715825103755,879.7137064659228,594.709562744824,619.0584746082411,585.4109042923542,573.4297970757656,977.3138990675391,481.6322315122935,556.614031114222,654.437783529396,580.5386399828843,663.9302757739407,850.6629672265074,703.805968323422,790.7085833925893,221.5584946716468,547.2910319280942,457.7988802134826,349.5027951066842,636.381886753212,308.5679652815061,422.8571422399115,299.4121884115405,538.6175460186519,308.1415275489193,693.2611623016554,436.6381947504593,425.7894640120577,243.8769899578073,332.3060961789193,580.3396682106555,407.4206747741733,376.9780595984122,245.4328517784039,369.1675234558776,266.4565561497635,274.807142150579,257.9772344704479,269.811990692166,442.602088160813,401.0782301818841,670.8165160962706,288.6035587132038,701.5938873808803,396.1142293906056,326.0889842998541,371.0602494593343,308.2113395799619,434.3549610068362,338.452214124196,621.9613832568893,511.1774870332744
282,285.8236309942686,404.6808850125739,377.8601965255949,517.506641336578,550.3253816409625,537.0599430848735,595.2886238935577,474.1290712939392,515.3049064451862,568.3485025883923,273.9840371881846,281.1670064509844,554.7212420363416,560.7545208431693,570.1899202452337,557.1965789853792,367.5030367880511,502.3946598486577,546.2075548947591,610.9692582335853,421.1921210578097,481.6865832338553,526.8551349120162,413.3753408191419,633.6722612728064,302.9621134322085,453.5840538565968,371.5705218286962,380.6022766897787,536.2691734204903,608.8588826550435,505.8287100965187,586.3855253306155,471.5477010385239,579.2831360907788,565.318380590965,303.2200645389339,513.4879210444964,574.6604505305182,612.9412429750286,379.5097614328875,521.2304838108577,449.291672368914,431.4601719144711,777.4927608605872,741.8120002791492,586.0476513802245,758.4696771990124,667.860820051879,668.731271510033,661.2704361241427,768.5170240606406,776.8839072601169,755.3026230732283,593.4333287540163,802.9015057096008,646.0601634003244,727.6352055317565,726.6722389397869,690.1721683323439,740.7416207665498,641.1183385013433,586.8338642863405,699.1650289805787,694.8767679826177,720.7201721660591,660.0845760474896,622.7110142493648,603.6505274444874,789.1801563463996,758.676794344232,735.8056944422436,780.7744234959704,634.0588964230749,699.7323938774257,660.3001466022272,590.3534431933655,798.8965954987879,765.7006708136339,34.93651312008957,223.3423046032753,225.0277091036497,123.1269164306767,199.0070416710313,227.1260111673767,156.118162984291,125.5305495908198,65.33006334586774,255.1054546892131,230.2397884102415,278.4168190619141,247.9180602649398,316.7870831446197,325.0586286933111,143.7517371286733,72.008387099766,163.2876550646189,43.15087825518508,286.0929350252451,261.2201711169766,277.4313694489651,263.0962488560946,290.0480285033869,207.9202824820992,120.0048739664301,198.3532978507418,85.3140302583624,165.0410468225531,231.9737412543302,182.9535821020157,150.089526403292,225.1084375279315,307.2385296620396,337.8896909104429,198.9112842664771,176.1567672972546,246.9998690976757,78.71997674807,307.9088740690311,40.33457391525539,137.2141832004549,160.5955746864784,288.1226359098399,119.1892840769881,76.7290403838811,269.2042035592644,260.6423822416246,77.82004400277673,251.4086965042619,190.3353656192157,95.14108890346414,162.2952951738026,22.83966600685951,167.1474415140713,312.4751527757155,117.7112309297953,279.0597726771571,138.5130711477094,200.7330083074696,0.0,159.253816042385,73.39884440490304,214.9790643842007,155.4764410094575,316.0356465480004,273.0151326085216,473.5095560279236,247.1003823781637,655.4284742451191,309.2460616936757,210.1827064759345,684.5359516747495,396.5624037131103,418.4451299685132,385.6398153469871,377.7689130769467,779.4761960988978,291.1773866083321,357.0931464246767,453.7500215195112,380.0344892537375,465.3483779263208,668.1033908956247,503.2905561409351,606.2880850938254,171.6880430137385,391.450644642853,297.4652598428627,270.4940281177509,585.5660260602368,150.1829795284565,260.2034921272942,195.1625638403985,390.9412797029459,127.9291580858281,643.7901152954996,395.1152786323605,372.194806835935,79.16868459395306,240.3038593915238,424.8223951485415,261.1316670032177,223.1485439161145,238.225147940022,353.5964040710644,157.5459779534361,144.0290355243479,193.3689234550011,257.8914321430149,350.0696415248673,305.20424261855,632.2559341735858,90.95701354101072,657.5809089778671,268.8331270034425,310.3559376891546,188.3320928414811,231.7036654158683,423.9680288795802,221.2801196766268,596.0527226260027,353.7268454078492
284,149.8002926693821,246.88239951445,231.6714718300296,361.0313477882586,414.1292364397803,387.1176940951747,449.4606139651151,319.9708104234386,357.074880748112,447.5230988475864,126.4323290475256,122.7520168598815,395.5579909648388,450.6462623906838,425.9282643369995,432.3702760183718,230.4561352282367,349.3806880179262,387.2664810026844,469.3788539500949,266.3860961253738,322.4729811040223,393.3916611227565,254.126973577228,522.8856078330423,144.5857613401654,316.8323169438453,231.8933154539364,222.1850218099063,420.2734472702641,503.3964080791851,396.945026628312,446.7374538878411,358.5765745408434,472.1015706246039,408.7643476470183,144.3185451557094,391.3108362833293,442.6064851757864,484.3991021333399,227.2974375300423,363.6899815713672,303.7261076280055,272.7497327065818,618.4462563060217,588.5674886499964,427.0512614100314,599.4013840390555,510.6967287248519,509.4804030089555,502.8241662058898,613.9285875433751,618.4658210238189,596.6823243298358,435.932515451239,647.1388069650684,508.1772584900738,568.6586902528378,569.8017588782675,531.3307118108318,590.32509536361,498.1294826175376,428.9447932651743,542.5531442981143,540.3854746388772,575.0629254869349,507.7151856576,468.3195345964871,445.8721562786387,630.7690394473132,602.3200063521498,580.6596697699874,622.9469584057673,475.7197329906348,541.2739056913086,525.7069454259098,435.4169886602144,641.3388301159187,606.4469617752424,178.513048491435,127.5475508150907,159.1494473763387,179.3587099175704,293.9606645562135,196.7532612630576,241.7407831899305,233.4004923555726,219.5127345221136,247.1622404669025,335.8019893572816,228.5461620200576,328.2641879013029,215.8357811447854,179.6495145914125,269.4021761297865,149.9669007783591,35.92502143479028,123.6132935225717,178.7999956268866,102.3015884871927,352.1941333463894,321.6882389376844,215.8159216602319,207.1487537070136,210.6987360060286,162.8448380610785,193.7319378971135,188.4455683911423,248.5550165424772,170.4222893478028,296.9712801099026,65.87313071729683,262.9196246528207,200.0080748279346,39.66991503805505,38.4219342594475,130.7345563521571,80.59830643003134,408.4778580101682,138.3103638009171,43.92157655739097,123.0228862332759,264.6588059802581,40.0857314891491,235.7800022279871,118.3063192828167,356.762263569883,234.4114555599299,369.0491226880362,264.5996920675173,115.7969193661773,72.0942784177368,164.7248742832875,274.0291059559506,161.4798635604379,257.1718794348105,387.8044038706678,152.7825806049611,131.1006006207212,159.253816042385,0.0,99.39284590039757,64.33370491815481,212.7902785996985,249.8034572020246,272.0232293200529,571.8821769653509,339.7038245766665,801.0877998938118,438.0568393133249,315.0441549404142,831.2289872748604,540.9577114158867,545.6479690593991,506.801097128595,526.6196426069715,921.0666225869014,387.2173403581645,498.427517888979,585.7927406313355,515.7793721867241,579.3707646526755,824.1570286863367,636.9659844881734,761.8020254175734,91.54263850778237,426.9717255258914,341.9589866497544,218.5173647467155,510.1626267169486,202.6298000371297,309.6917823409054,173.5125020774519,415.5304425093681,216.8973036558473,567.7469421592456,309.8421176780637,296.7849650718517,156.1056942223134,202.6200380301698,459.2686714131483,287.7164830046351,262.115491686789,119.6016447008142,247.0550725096252,145.3860569576488,160.7771993568046,127.6961897889192,144.3029989474417,311.6312006650972,270.5796856155588,547.6168536033775,220.618708054605,577.3396537448708,270.899734615579,202.3364356450583,274.9900407864546,177.5717265895838,315.7371257825272,213.2450999550101,501.6724125364215,392.3584884110216
285,243.3966488624163,337.0397498388242,305.5292720549846,459.9100325928717,509.9729205208607,486.3277245383038,548.0513758632293,403.6385306597931,454.8697031482712,537.6733742186386,224.2368397881209,221.2192679687006,491.4053328861596,536.1442412003693,524.137263049752,524.0807788546181,294.250390905824,431.3404339560173,479.9391151801414,566.9893367861183,351.236205071856,418.1858856708812,488.2137969155536,349.165450804518,609.0976487947946,236.9043903480602,412.4562818673052,328.0004750365968,320.1373065994713,508.1975757341783,587.1011213588775,481.4810801375767,543.7556241818401,444.6576655244745,556.4046080976333,507.5616528578081,241.9790181062615,481.7030445148619,537.1154386089283,577.7684643096405,308.6766155672798,452.834741989645,376.617652422128,370.1295955486848,711.1632720442595,687.9243544753826,523.4565675204984,695.3459689878044,609.1083510093956,604.3051461761612,600.1448761520799,713.1277491795389,709.1226010681402,693.6506661336199,534.2134249480523,746.0537753863526,604.8032752366256,664.9209883108864,668.324132572928,627.9616594841108,689.6592992602137,596.1445444714709,518.6527875777518,641.21473257298,639.6239228709879,673.7437594532167,607.1079237363676,567.597844067455,535.304790087665,728.0100125725892,701.0503808684738,679.7629576769215,712.2089100532478,573.2083079061074,638.5351524871667,621.3306023766985,534.6289829554148,739.3980060977331,700.9906503313283,82.14933875624584,150.8078295787588,157.0023925727613,95.67539836188034,203.5426758155515,168.7864874401117,152.2331720686712,137.1660546340841,123.833652817633,206.534699772377,243.1012235556978,216.6788824324353,244.2399648329076,245.3220659944826,252.9017280843783,170.9679078333746,52.89671367466881,116.4141395417289,61.21811069592316,213.5507412245155,200.2980886533343,271.1136444371022,246.9167389423377,222.6691842041325,159.2972167498774,117.53668305704,136.262904851601,95.53868010371563,123.5782178439561,192.6946070542409,127.28755595836,197.8833469272726,162.6000527711396,248.1169343446659,264.7692231211283,137.1590930226318,106.9360920034191,173.6370065286909,37.71173808719328,318.5825721736077,40.86738629590479,67.18402959158126,93.89445214029055,235.1947286031125,63.63210988633792,144.366953561342,199.0690443183391,267.5374584980798,150.8061716075115,273.5392417261035,180.593821832528,35.50682960666379,88.91262460440579,88.94977946464418,179.457551743721,241.7734036999652,157.7971518312683,294.9902901568231,88.39868793735145,130.6904035876906,73.39884440490304,99.39284590039757,0.0,146.2669720733156,132.5295984691537,251.160953822125,228.1015787870132,536.9884453708654,305.8901174420408,728.8265602957881,379.991510322022,272.4893763337388,757.9145260671158,469.8956574202529,489.3172042830926,454.9851187941454,451.1293724153983,852.7823456248327,352.0583419221364,430.1519496673181,525.6570232603356,452.3930593969781,533.2536517529812,739.5364792856802,575.5592510498345,678.0526759115074,147.4439823683379,431.3210705115977,338.8436472855805,268.5497058422242,579.1715956118145,186.9592557787234,302.4367879572214,201.6273732628574,426.367866291889,179.8103687943358,637.5177796890993,381.4736795484231,362.8461995499837,116.9756002600033,243.1351551837066,464.8091567970924,293.7300813043054,259.2886559575012,203.2504693285231,328.4695548996977,163.5746763445038,162.3155807467676,179.0796549424534,226.3316268000224,357.2891246525881,312.6762137421669,621.5931068077481,158.0846646284725,649.303640651509,291.1038151196711,283.4293553919103,242.9327710080936,226.3901028567831,399.1127933786514,236.3000257062643,580.1278383169038,394.1169644278224
286,152.4922897405651,190.7727782396429,167.6894288135568,321.7339493177269,398.801747961919,357.9046619165908,423.9478613771392,259.3694695961456,313.240984162095,443.424740594461,118.969816489121,88.84586070774509,346.8320282562412,453.5514757507842,402.5439251869527,425.7752328996968,166.3643779842767,288.0683815022227,333.8167118752983,447.8708087895948,206.2530687643639,273.7708920893622,381.0071625526041,204.564944008971,523.7119690828416,91.71559081866745,304.180160565104,221.1184839082885,180.5746891291363,420.2278939376176,507.852269827204,402.2209280007884,427.5158177607665,362.6606666257944,476.2550012130309,368.6208763825794,104.5143673670062,387.858837238285,430.1256653447426,473.7979293470457,165.275974223753,306.7354638904724,239.8254442622492,228.3912142979716,564.9533646178434,552.3419992621979,379.3408183130666,550.4674986701622,468.2688655959322,458.7976077954899,457.0071905385278,575.5354861152675,562.9143506783456,549.8173921212882,393.3192555235759,606.6357641776218,489.4484241329837,520.3602756408794,527.6272305870069,483.8435160647108,557.7956661196826,474.7740977724521,372.5064678268544,501.0762794111259,502.6687062491748,548.0162512284156,473.4358414262812,431.450028108025,389.2124934938847,584.4871387784625,560.9781670705966,541.5858153667515,566.2330858076153,430.425872403089,495.2116827947993,509.5229111553844,398.0241205061316,597.3051797902336,555.2631473364673,228.4163108281405,91.61153361726063,132.8109994598172,203.2633692277752,316.8464863419341,180.5915085907274,265.9282366760311,266.3134716485869,270.1006248905185,233.5848066889546,360.2896898406644,198.4574731579137,343.0891069140362,163.5038292913605,115.4045624953178,305.7159058635115,188.8673297287019,89.99645894616803,183.8144394459617,126.5592902166017,68.64903675740317,363.3517746958436,328.3173509224892,175.7515849576048,202.5705217657424,240.6375844509258,151.7441125926316,231.8430980172695,197.77774947304,245.1883271052904,168.4530156823766,341.0543049672776,37.79467487435505,231.7837800679289,135.9864645824848,38.3098884847827,39.33088026297511,80.03112309694373,138.7801368736609,427.7001122795029,187.1343577037269,79.08294259245217,125.0276186738794,242.4415317797822,100.1770009890043,289.7641435493202,54.96457896275744,376.3304529014343,292.1937424600463,397.1117868864636,282.1522449703397,149.1207219240455,73.84178402417362,223.7751999795204,302.9410217298138,98.53519621400415,299.6048013816118,411.304272027338,167.8315812305289,111.0211432121258,214.9790643842007,64.33370491815481,146.2669720733156,0.0,230.6515870244541,210.1666587433169,258.673688523281,635.346229906524,403.6075269213357,863.6755016513746,502.0846460546547,379.3622475708534,893.6163132274252,603.5270010746474,609.8610852245675,571.1239732835537,588.1882579331096,984.403169580085,451.0840590007812,561.4167244369887,649.8115533619338,579.4415058069532,643.6172773141727,882.8849742678742,700.9207691504182,820.8808036872192,143.7462176920027,483.2093991246284,401.1598441899214,261.0131495940881,530.1295351669628,265.9206343778529,370.2020742723129,228.5356873174945,469.8428111182337,281.2294452538807,586.2622472669728,332.0532214311983,324.4045978030613,220.1660330084613,250.9778756416731,514.8221541475116,345.4730933431374,322.4411636927793,144.1071206046826,261.6384675491524,204.8893504555732,222.8105697542475,176.9278225955861,167.016992700659,352.7196671736111,315.0081864929217,562.3943827000049,283.3171062325706,593.7059925732464,324.7058897435435,220.2412635503698,339.0131930161639,223.4235241039372,324.8238321079757,268.0320036031572,512.4010727507762,449.7163713843964
288,362.5375690590188,404.9252270586804,348.103243705502,550.6261644591166,624.6914375908161,588.5104512751473,654.1306125425847,454.201759960127,539.4579544805911,660.3127151295985,336.9955355051204,318.7801342789959,567.3844401246389,662.5188900779605,632.1438118672951,645.0557772636483,323.6271535517369,477.0165853037453,546.7844869435513,676.9359406569394,407.6480403604493,496.0252987892131,604.9052733447235,427.9674470798957,735.0619367071965,317.9372763576212,527.9935540730656,443.109847000041,409.9963778273107,632.7972170067987,714.6265512759633,608.3728093710045,655.577594764086,570.5162800858354,683.5458903764292,596.7377091151475,335.1439279770329,604.1006201613917,654.2122865055755,696.553722100637,362.8114907820008,512.1175660632604,410.4136275069683,455.6062562175729,772.5666755485946,781.5653806864656,600.6222747445457,767.59194967481,694.0448624332006,674.1964128211773,679.5285491355315,803.6053393694499,764.8388421640512,770.0578870135693,619.5769610992508,833.1640986391768,717.4117262516443,738.8433146696538,753.2091243863601,703.9401165006026,788.1253232220907,704.500190094718,576.7232289737284,727.3975240831704,731.3654902367947,778.5565984269814,703.4981547029095,660.7896972740223,592.1709461512875,805.2015264391621,787.0635050787938,769.376598594037,764.2735819462479,653.8277034438066,717.0340123828094,736.1709120151612,627.292773057429,820.6308270509234,768.2223258421814,127.7154269341554,174.3894991760492,145.7759085941597,36.9145770496419,86.94053580923419,113.2097488755782,40.69985833023953,66.29161782401273,144.3506555486089,114.4184836062498,130.6426018606653,163.1881858797851,115.4739689857482,238.7171142999971,302.131933782419,103.8285573321105,88.29451680003991,240.2304209961022,177.9009353683679,222.9439483488156,297.8476470854169,140.1726385171777,114.4252058673397,192.9095798348854,76.64700688944805,45.36850180020764,106.5702972776487,76.56772706323808,40.30597431152451,81.72277833904201,80.19686947796679,158.3326261115732,261.2552185038472,181.2771389680233,300.2547792774752,240.9947960954121,198.5274497244517,207.6179274740076,170.2074709713199,197.4978794367016,123.5155006794322,169.1770278970121,107.7692256118529,151.2173912391087,188.533640763646,173.1971311513622,268.5334871135448,145.892780352229,199.4348989270877,169.5862484856121,52.0827139601305,101.082915807738,157.0207141510073,178.2409566617925,81.80488488993424,302.8069833094584,122.0725395560324,180.8790386230168,62.84844856152168,140.8601665994766,155.4764410094575,212.7902785996985,132.5295984691537,230.6515870244541,0.0,205.6292391059681,125.6744625237832,617.016794635265,398.5351983364592,748.3185581654998,438.4469205331503,359.4234219450684,774.6318038227213,500.9793894575511,544.0658413295828,517.7618449623832,474.3726781883028,877.3372830129157,440.1898606940831,468.6929152200222,573.025454327601,498.0370637206632,600.16806092526,730.5246226163943,618.9776003117881,672.8475879519183,278.9454904301875,546.7530478740233,452.7975423322357,400.9797995487515,711.2903323699712,303.6460523477259,415.5509946485366,332.4101592794229,545.4762165806246,283.3344937475514,769.5892507487216,512.8056569225137,494.9752206327569,230.9128549724036,374.9676193653169,580.1675920532127,414.3445048629118,377.1951768277979,329.1738654128462,456.4993423126913,293.8733602891389,288.5411216033843,311.4701663498395,353.3009047082957,488.8921492230315,444.0626180377243,752.8837547941084,240.3968072827899,781.0399933095055,417.4841235167626,411.3310184745266,342.6733545888427,358.8913310614751,526.465952808019,365.0592760304563,710.0421320488878,509.0400126314227
290,358.8689577208756,289.4304113836566,207.8544147628964,453.3612277319976,574.6094313200188,510.7138351490565,579.9799071687047,305.5292596067471,432.2801965068933,632.9757325506567,323.174036285163,278.603672451197,443.2685708802444,650.3694317956827,564.129928236671,612.7914965820902,171.7527594310408,319.4894041520706,410.6989551299397,610.6005524324055,274.2247134822786,382.3116960263319,562.0093708750126,325.9984914776577,717.1335683354976,248.1731277472144,488.8462327524769,413.6250298581945,331.1575647310487,614.8450338823299,705.2345130540984,602.1276142356596,595.4566306724876,562.4329261306211,673.8501054810131,492.4392121319457,281.3247974774933,579.7647746066184,608.9214132796719,653.8312196377144,235.6306764597593,368.6617891745961,246.5555760959202,360.6565986925236,616.6143498451614,674.2829874926812,475.6760881449935,626.0843012765146,575.666595408139,533.6640996742078,552.8951480270531,689.5760815709718,602.4370296200325,634.4790255722924,506.7367747668433,712.1122650477429,655.5407124011294,600.9404450753435,631.7254945216871,570.7355644400026,689.9572949741291,632.5475703068851,426.2401993215117,609.3541499670603,622.9660885258248,694.4046494283434,605.4848499822808,559.2210727209686,439.1030873017638,669.4214740548186,665.9774819267074,655.288889728871,597.8422515766922,530.7121284575516,587.0217120117716,679.4158406073578,527.0675069203519,690.4576308431461,619.8409676842441,304.0734301729414,122.6022019587535,95.69934568164291,212.7985941327375,271.209714338729,94.28807840149246,243.1468914754224,271.5577662692206,335.4529940491551,105.4990424382946,308.2893175569918,42.44850514411431,263.063296633448,71.75194281281263,186.9980746092434,309.1675624714748,248.5762609640056,285.3566945140674,312.2344419762088,93.94391798885083,265.2263098961129,266.2962698815467,225.6599265004024,34.49478502114557,129.0615008321866,247.3593303512524,117.8493845847035,267.9015567136741,169.9250788565566,144.2506729226713,137.1210542399276,363.9375037481197,246.592435236686,41.53274980521923,165.1073006712419,245.7774728276354,212.2555008685917,131.4097444585746,275.9507862836204,344.6008764705073,275.7068416661492,221.5517325196164,157.2998711823693,78.34699399097424,260.0309710981931,364.0931470876756,201.4890343596479,304.0472460005496,383.6053676197189,349.6336186797965,231.1933534063371,221.4665272809971,183.3457397344721,336.2450645419399,281.9336657863651,205.9011303096945,326.5098686620523,345.414915456575,181.1528597925764,124.450610145119,316.0356465480004,249.8034572020246,251.160953822125,210.1666587433169,205.6292391059681,0.0,116.7442606799191,787.835568612072,557.0354508612014,951.4492559837788,623.9678400146773,523.3293331118167,978.3831624951113,699.7074086236044,732.6059558497371,701.3019453716811,675.2970746913096,1079.595046553631,603.1914959807657,664.361930484461,765.6088808413888,690.8817922358251,781.3724401189938,936.0403425419182,813.6748804683515,878.4767813334216,341.3447759990202,671.5129562544247,582.244893851172,466.9394529105205,738.0039576232904,432.8246139904701,547.2889553566816,421.8922806586607,662.3620982121457,430.6583722007721,793.2276872822591,541.5342441322432,534.5606207215621,366.8696103616996,452.4045668079742,704.4850014585513,531.5933270096921,501.420032871428,354.1181233063852,469.5242529343064,390.0739047155839,399.1789298900935,377.4032387031911,377.1836399514379,559.7910941064973,519.8545186178181,767.3746355348687,406.4123143798756,799.4664368774085,519.0664821874768,429.6009109481718,493.7627352124156,426.892778162125,528.9589998147202,461.2936517811027,715.0229143819837,635.5198434770499
292,409.8375298955016,388.0509861044549,313.0394997039953,548.6161047323651,652.5093128851195,599.2476670310726,667.9684711513735,415.826739742521,530.8882323188074,701.5717757923161,377.4838165524255,343.312429402072,547.8834276634392,712.1633231830187,649.436561564298,683.3551252027598,279.731115022359,432.3105768180417,518.680921995851,695.7826795410316,379.0273298686232,482.448822665773,636.5928026689494,420.3889205413797,782.3674256081559,325.1528990784108,560.4896981684691,479.0058928656021,416.1064939511828,678.8882698772105,766.3609238254758,660.4707089792945,677.8928830379018,621.0285276140443,734.7707371751283,590.8437152564817,352.7545897628666,646.2553175944452,685.199582471904,729.5235367173144,336.9371030147121,478.3130071813887,360.0113229773633,453.1682330776454,730.753576623587,775.3784072516439,580.9159103116131,737.068587023525,679.702266560978,643.9203339450357,659.3336631494049,792.9835514812858,717.6517921838421,743.9675951024182,608.3067463667182,817.8296829088889,739.3701646703522,710.8803367114438,737.1281378886647,679.2200792555941,788.015885494346,720.2334310013271,538.2985105738766,713.5317947989141,724.0754833113515,787.3766960756479,702.8227906776518,657.3951144597436,551.8637656183394,779.1236558310161,771.4611734552053,758.5057779034373,713.6205180240554,635.8871257319537,694.6949256234731,761.3601958776878,624.411713085788,798.7282164368426,732.4258411935059,249.8563477394648,170.8810233729002,127.8315465681102,150.748371164309,165.7372251212589,78.08746180165082,152.4133173870355,188.2419780318682,269.9345188524958,25.18777368408676,197.7229460520089,84.02283451536745,148.5777126347538,178.9374782022598,280.787928698274,218.4082566750741,201.1633305799589,306.6252639303285,285.3637037837775,183.9345450940675,325.3147889327312,149.6772830760978,109.2471054809986,125.7809860469277,68.97805688918487,170.904661946855,109.6134988087777,201.4137292109857,108.1457714686606,44.15930602241259,104.1027490126657,274.864942533924,296.0114745619935,77.64997267203618,266.1742155149913,284.8992132991033,242.2969394058672,197.8746197406867,262.9074248943072,228.0600027301621,235.6280489016243,231.4223549432392,149.9937675041068,39.0313926990254,264.4782318817517,298.8468701083542,273.401033777366,189.3466805316496,324.5700726910517,238.1027779471363,129.6599027268075,192.6640003342647,200.474723299707,295.6783271093767,184.6642263380614,292.7060887545888,243.7636804394198,230.5741613615517,139.9403922238883,147.7931264667822,273.0151326085216,272.0232293200529,228.1015787870132,258.673688523281,125.6744625237832,116.7442606799191,0.0,741.6436315508232,519.7513019430759,867.0782320193074,564.1210803328785,481.7206516778642,892.406975371678,624.0566554643801,669.5837438833354,643.4252619728327,596.1819954291211,996.8993634810342,562.7852026275078,593.0738850354767,697.9664601420596,623.042813449173,725.7886306412985,838.8738848560522,743.3415071090141,783.5004784730509,357.0661997984985,658.5085622335744,565.3152508943566,485.4714292393471,781.7500836332998,413.6063742036577,528.4444669348051,425.9823608045479,654.3257159464489,399.6661295259269,839.0551234518739,581.5135954031573,568.7750711969858,341.4966813653129,464.1926214447302,692.0333045037471,521.7343854188406,486.7053543917728,390.3570194431194,515.8624375926495,389.2274251549351,390.2608748260669,392.9470386876695,415.0006730632342,577.5770528961724,534.1586623416549,817.5595605525033,361.9532006321643,847.973917448176,518.4910473714125,472.1708165847586,461.1902388046104,443.1426616220489,581.8372685647805,462.6138570964334,769.3652955181208,621.0742247227507
311,591.0933955086589,786.3056385424791,797.8793707357399,821.662464062957,752.1050742745165,798.7597428513035,825.1619041794964,868.2882490443192,836.4122806870071,712.2908812276079,609.9442028441251,651.3264243209558,887.9969167553144,673.6435047386137,798.6476397699405,717.7480948654893,801.518379504871,899.1798842362214,900.5895035799344,818.8753266650813,816.4663856095054,826.5090176897513,725.791102256841,773.4527876314297,724.6818787092458,693.3724996425642,687.2865944646912,644.9677758399981,727.5661471759184,675.9934350892337,690.7104429124232,636.4557949610181,791.995186383854,628.4081777444308,676.597728680421,862.2508886587873,672.4220968462032,680.3893919874196,754.7577702339538,770.0966100444625,786.0997459246215,893.9300073603507,868.0209086252638,772.4229633738249,1111.171272561338,988.8350783364156,910.4746070100001,1068.193914970131,956.4133643862186,996.6895299885123,966.5987848770225,1022.289966908523,1123.036377558147,1054.366715795418,895.0874792030826,1062.888107189463,830.8578930852194,1037.173763934649,1005.405955410316,999.8531659732662,969.6576428111133,848.7366365069048,951.4560573356586,978.471866261196,956.9776357820072,926.5995454251839,912.745570277517,894.3933264644721,968.1041065419518,1081.502776367734,1028.841238524051,997.871742859755,1134.063958284449,940.8236450836087,1001.216827439996,828.7257590667315,870.9425252572315,1078.096095019046,1087.080737238439,492.2714137358146,682.3932602003505,693.9508852924677,591.4894613204715,618.9612472292181,700.6133754175783,600.1029330354717,561.8324417606602,473.4234593691918,726.2094205888659,624.3164146080998,751.5214516550423,669.178940638242,777.9108664029283,748.355697117554,547.1760972466814,544.4971664034141,546.9627492727564,476.4189790163871,743.0510575350517,640.9172462916554,697.4022510553273,701.626905032976,759.6204184963912,679.9801322340373,572.9673150458901,671.0290083253284,540.5375198610894,635.8858984167969,698.382580726401,656.4624335883383,500.6731029723678,621.1959430319117,780.7466998165191,771.257824046332,601.1960841674376,607.0060349301048,697.2396140484304,516.5817207971735,683.7299755969107,513.5835298470641,579.6663169697746,630.6165875338179,760.5666657914483,543.5897641566219,445.4232616946512,686.001739460044,658.2457150385491,417.6624504412862,615.3774653164694,632.9697621086231,566.6310769385896,615.7706089963906,452.2645131194705,585.3989539090032,726.3022552647128,513.2835737768894,649.6477162668998,611.9433623295165,667.019190201309,473.5095560279236,571.8821769653509,536.9884453708654,635.346229906524,617.016794635265,787.835568612072,741.6436315508232,0.0,233.1158515369299,361.1777996063009,192.6364545983519,264.5241998116331,391.468102556067,234.5937389786806,135.2018000744087,122.378617189517,267.1127471596765,433.18350559676,185.7885817602348,219.8610706187308,160.666508353332,185.2350929955255,68.59423423606604,482.5760512729231,184.5124056304925,431.5428292972398,501.0489331227038,231.9439211708044,257.655710107188,444.1925607949357,586.1406091159913,369.4258350010017,276.1638743609878,423.5236207297283,260.926466269519,359.7298271342504,623.4998639952962,524.427341926785,495.8211583355662,424.2327605650848,427.7771892803296,227.8202296051422,313.7422338142303,321.3788075471139,545.5446195767528,557.3718334172507,434.7409593197237,413.39164040689,478.8884887429122,542.2140595856694,413.5218527234798,408.6992544422177,642.0609644771422,382.5545953731763,645.1797739490057,352.1001091667155,546.1241785372924,297.9864479516616,454.2821674866439,591.1171178169092,391.3750481830536,648.4283634266164,238.1785412189943
316,377.65118007909,563.5586269916131,568.190951631615,620.3848031028801,583.1251322834587,610.3690902403439,649.1929807480245,644.2797625721005,630.5119312482803,564.235287359134,390.6264829197476,427.08215459909,679.9369626601006,536.3501320964147,622.0236183956134,563.1025854110113,569.9709817525483,675.0204746047474,686.8821184694767,650.8926753701753,591.4359423223428,613.657706837788,556.3665591591817,555.2857616169478,600.8452285114502,466.7826645308579,502.6248197549489,444.379116363542,511.1215554619093,527.1610411484127,568.8398463168807,488.3207931790295,623.6309344609192,468.4510421577689,546.5608146987483,664.5650772053281,449.1200156774934,520.5627213932092,594.4207217479262,619.9809189320617,558.4659572969675,675.3283419397328,639.2176107969287,559.0097268220419,907.1617012385984,812.0808984031331,705.5789423775789,871.2403344415316,764.136257317077,792.566641101062,769.0178427387104,843.9082918847278,915.3096155767566,860.720286291718,696.8682045534232,883.170659588595,672.4762825602955,839.7049806017883,817.690023271237,801.5894527396338,799.1417073249685,682.1546458986908,735.9149018061671,789.9059913806326,773.8863432358592,763.6080818888554,731.717446791169,706.0970626234435,752.8749056158623,890.6770320029823,844.6882012395687,815.8734086772799,924.3093958514671,742.1668466061851,805.6708836400124,676.8893550707671,678.8760589923302,891.7884885106714,886.6343981318207,270.89559353628,449.4701963564526,462.3609960433577,369.1405228977607,417.6479495048696,472.319194510429,388.6790567687669,351.4814630993286,261.3443288555098,502.2020337704928,433.379658485962,522.0419471846527,469.4340114257473,544.9208911735223,517.6909825116018,346.9078373846798,319.0994171541479,316.5373766100561,244.8171861074525,509.9532361726082,414.6157029911038,499.1505726557953,495.3480234230437,527.9489368120941,454.9959843300828,357.1272153613971,441.3956965577179,322.6401039684451,412.0357009586756,477.9062317055099,428.7206588026384,312.4451799248474,391.8408245375854,552.4426661231086,539.5847573731688,370.5741438879111,374.2338334033676,464.1421486424234,283.7873230606698,503.5378174217544,286.0714899217191,346.5576443408482,399.783252573232,535.0323779232212,310.540859877433,236.9544363265468,455.3736349574235,467.7601046318564,205.9869884589961,435.7331714694931,423.1594402225442,337.0802237146211,382.7957352020883,224.7839435745506,382.880619879502,496.6511693235917,311.7116265278824,469.7049759948725,384.9300590339288,434.9702206933559,247.1003823781637,339.7038245766665,305.8901174420408,403.6075269213357,398.5351983364592,557.0354508612014,519.7513019430759,233.1158515369299,0.0,499.3738893810932,132.4422952347609,41.45720656280425,531.229142891924,256.7326390567472,221.6643358763782,177.65143389296,261.9149348491059,606.1632758125146,47.53593238422625,212.0498414582046,266.5674076179961,211.1346515953356,241.7386050847097,566.3133755929377,317.4134739212329,504.1775734688539,274.7009400888423,179.9227487525203,105.6650188439127,250.6100937856278,496.0875658147326,138.6976694681522,87.45243855948327,206.1702447391462,193.8540296968126,126.9209887028816,547.7350900101119,364.2645674183976,333.706785787664,191.4140621475542,224.845659116153,208.6737485078586,128.1304536294279,111.4719578226202,327.7377478188363,371.7347999918103,208.4191239890999,184.3803970100898,258.1197085122733,329.6366120611873,263.4327511294638,236.5948759947681,551.9404838641841,158.1706407809559,566.8695082187027,169.4056822486218,348.1362338451386,64.9209848727493,245.7930759719949,423.3287198295932,183.6638410490137,537.4483389531231,147.4370317432427
321,872.3829480862121,1044.167669057316,1030.637315627835,1117.921782565555,1079.177155603649,1109.741950028638,1147.315637686622,1120.586034897042,1126.15755362758,1051.588200898225,880.3931136551932,909.1211854347335,1173.99401594824,1017.542240486684,1120.177483906411,1053.577304034946,1022.616324812953,1150.311294293417,1176.628194102154,1147.031067438189,1066.908717567363,1105.075565020701,1052.378873878865,1042.503496238758,1074.37602307015,942.6609807002843,1001.616596050152,943.0739068474928,1000.994434772828,1014.500026347839,1040.707591386997,974.8258645383077,1119.736992659829,960.2138708846926,1023.487554897489,1162.867463197513,932.0041234380146,1012.843769026786,1087.55266862745,1108.864384137174,1028.367246894208,1159.857220625719,1102.669215941782,1050.732484209376,1401.970205980656,1310.759276144236,1201.146879354166,1369.027222326025,1263.13417179104,1287.953942794252,1266.966431631087,1342.859199495202,1407.790493739102,1359.312811570777,1194.916767390203,1382.30889953273,1165.382761954204,1337.444762133847,1317.017096007981,1299.228343558542,1296.555929152627,1178.025691622175,1223.209864354359,1289.208693954413,1273.175854436717,1258.699725194967,1230.79928801765,1205.456167077764,1240.293419850782,1389.667146958434,1344.051386597931,1315.129439398998,1415.202500882995,1239.916971237408,1304.003962678911,1167.018365421552,1178.038252094513,1391.136807856462,1383.186196964251,655.2310190717857,877.3447002862536,871.7386279463952,738.8182554240486,706.8235763265021,857.1653189499681,715.3574430149687,682.1393930091463,618.7072251871657,861.2806193364665,688.9762178021842,909.5334101702639,744.0178558596729,967.6483784739282,977.790413608565,648.7683063270505,709.8444230256428,788.694664975059,680.3957247122358,939.6569796556445,893.1603875967636,763.9491674417593,786.6468004240575,932.540875341649,824.2849089203507,704.6777976518345,837.8457431680699,684.0463800470678,781.6752512723791,824.1498235661286,815.3054539662628,592.3151132155315,863.3449867565575,929.5955322451887,992.7343043372248,838.5119156489159,827.0342307224597,902.3417688286012,725.7797302001219,714.4820845345891,691.9709936380879,790.2633187969675,809.1552915744579,898.2121738837016,763.4985315976152,591.4245947219324,918.6100028228518,714.9869163790875,578.5094989272884,659.8215389137799,738.1922426093785,745.73099229236,817.7162520699619,642.1337285472553,682.915289732036,962.1303936281558,626.2460333938309,686.9202842227461,773.2434137378647,851.4479056537514,655.4284742451191,801.0877998938118,728.8265602957881,863.6755016513746,748.3185581654998,951.4492559837788,867.0782320193074,361.1777996063009,499.3738893810932,0.0,372.0975307679286,504.0376854164333,32.01306587647612,260.1559797391972,281.0493338135803,326.592519816722,278.0744469044101,130.6176847168854,462.3670339243394,303.0730947731601,235.1218266297321,290.9966768715538,299.6155198637039,158.2858284034871,187.9799095024404,146.0288933124445,759.6684132534151,582.8327853247648,576.5759559792996,749.4113342719471,943.0856407879188,624.7775073583545,578.3092067038219,702.8146810752448,611.3237080064883,593.3891566460514,983.0237492975924,854.5352240917578,824.2249299748413,646.6907144744699,724.219348384266,585.0661766583094,621.0295414069252,610.6823180924331,820.5981130028807,870.2674915470408,697.2165156485352,670.2522409653437,750.7384822430835,825.735207896982,745.8952393661217,728.8135879688414,999.6065581831458,580.4988538711463,1004.552859563673,663.3235739601466,847.4753632449309,551.0962326103801,744.5357051912382,917.5860705819455,682.9964973203755,1001.270256832321,578.5028651864951
324,500.2921508749025,675.8929578030337,669.7100722171778,745.9474827973795,715.1874697446265,739.7309084609035,780.4493997833284,754.2410879671401,754.0716363388408,696.4825223948733,508.9492076251813,539.8050712560732,802.0812679383378,667.8357013177458,753.2839888259055,695.5269030105494,666.1171074886665,784.4924735419527,805.6729030669744,782.891688667285,700.6766557084906,733.6196169473994,688.4559952783435,672.0514397141582,731.2306788675915,575.6248762352488,633.2608970579695,571.7176801521215,629.7593051630873,659.376645201554,698.8163432867124,620.4127256151257,755.6544862600031,600.8881992370931,677.3872816064201,791.1122035989447,562.5267887527094,653.0036433570015,726.824729238045,752.358629943974,664.2055822626171,790.5189502411408,741.7827848529779,679.1542895480238,1030.0171456409,942.8018128939538,829.0746268107838,997.0451536219829,891.8252681603458,915.9092210449023,895.0471651426916,974.3066525018039,1036.30079685236,987.6321748881843,823.0504366110611,1013.253816105042,804.8731801770542,965.4583572227941,946.3415350269306,927.228910746889,930.6511957208153,814.1942491854234,853.0547221685612,918.4530405582667,903.6614816097813,895.7520395949515,861.9948195457418,835.0362721671531,870.1226487326048,1018.295781391883,974.0380199227034,945.7260440246597,1044.136915267349,867.9539514830864,932.2094660822054,809.3228722539147,807.0119853432316,1020.534531992726,1011.08868242011,320.4110177217024,530.6332357648344,534.2513197156944,417.2598357654597,430.8200533604166,532.3840553679222,416.8942469098478,378.8092914751485,294.3589880659098,551.2176024408094,433.3648847255412,584.8500996882863,479.994777369727,625.2857657050141,617.4585414430178,359.7671063874779,375.5282157945147,421.6404256014426,324.074355898427,593.2489879303142,524.8860778792919,507.5669046382044,514.4466613899245,599.0703140947817,506.9765010934159,393.2997961018932,506.1536166056189,363.444657057479,462.3331692105645,520.1153490145839,488.1029195467582,310.5584094122981,497.3050224269643,611.2771750972306,635.6992419132223,473.5246411148777,467.8935850204397,551.1181391815586,368.6335414520244,491.2429800234898,349.2037370580262,434.2220101299974,469.814852143812,587.0199886197022,403.0096769556775,265.3292163613547,556.3529850167685,466.9848581689448,241.448050456823,423.0192065012189,448.295665883172,404.3350083713648,466.2656491542721,291.1139279524431,398.1769756696063,599.3416730515346,327.1289798716718,457.2158480665364,443.397149680844,509.7838544049442,309.2460616936757,438.0568393133249,379.991510322022,502.0846460546547,438.4469205331503,623.9678400146773,564.1210803328785,192.6364545983519,132.4422952347609,372.0975307679286,0.0,131.9459080625683,403.5934622338586,124.3569560396635,109.3257439282175,79.53027495729995,132.9390827116271,485.5230993564786,108.9297280454488,80.17118650062959,147.7359366416414,81.11284291918008,162.4359888278154,433.948550072711,198.9717372305864,371.9713652350534,388.7847782444553,274.9760009780325,228.2861368797715,381.9699796601687,619.7950663108136,252.8862948734895,218.3754538483138,331.0382128527046,297.3710280335489,223.8515697502912,668.8722458858023,496.5695281225596,465.9962962392182,281.9543111368599,354.8400686394231,294.3333878492014,260.1320166405432,242.9232823996596,448.595429660857,503.0478233636915,325.3930303561884,298.6621500344902,378.6849400914553,453.692517030464,394.0624850563713,368.8948055727913,676.346206650407,222.5073482638162,688.8430825270693,301.7429254941511,477.3591268634423,179.057812847748,373.605891883751,555.7266632534481,313.3941055406662,665.6132319880356,253.0983181508756
337,368.3779099461624,546.8643510224207,545.8612448178989,614.0355770670121,588.1075189027723,608.9158606467379,651.4361645422803,626.3327038345802,622.1593396543395,575.0830299360612,377.7040482476886,410.3585809243239,670.324345742479,550.1603097520812,624.3121450345803,572.2799821739765,545.337092931405,656.8452113407324,674.6029336741083,655.4847727178798,573.0098435551043,602.2253254620097,561.5283716841394,541.4458192220761,616.8207549774113,447.8739164381171,503.6468031176769,440.1934606063297,498.5915064182976,538.3099187544007,585.6177431004935,500.2386890241128,628.3699330152019,477.5835340940731,561.8741293277931,659.2997801762923,432.8791614247672,528.9174905223404,601.712039119007,629.6711869151491,538.1359416222682,660.5517570396196,617.5170323898865,547.6872077593165,898.2130959336939,812.938231368305,697.1772356944598,865.124629859536,760.221670166072,784.0364339793988,763.1531666477587,844.0990225047497,904.8069433750801,855.8374998042663,691.1827065298526,882.7574956179586,679.5227460087691,833.5367910356684,815.0458183713436,795.3033606389808,801.9101501280688,686.8735702742969,722.4885714654598,787.1254443993655,772.9968207339502,768.7078977789906,731.7524607356661,703.922582071686,739.5339230443047,886.6410312522419,843.0708765610478,815.0921012107724,912.906876490436,736.0430754091141,800.3675374943498,685.595054375387,675.5794577997003,889.2525897772094,879.1523011516839,232.1227281412099,419.113091989063,429.4788541151288,330.9732665925079,376.4784901878899,436.7978051005135,348.3371654934778,310.9172299635894,220.6907099204345,464.8151720417494,391.9282921209571,487.2935987302807,428.2467098284652,514.7139897229877,494.4423445348211,305.591207755279,281.9169368642231,295.0000946482696,212.1179300886856,480.520152567684,396.3733818173023,457.9231251905269,454.6440027927604,495.1494426034254,417.902659832997,317.3786664071329,406.715170628197,283.1898947323226,374.4542457770823,439.428039872353,392.850193713985,271.0703060414743,370.871980959846,516.9849706611324,514.8532206820988,348.2409200984178,347.8177130929416,435.7301202437329,253.3846006308,462.1503873104227,249.853808584964,317.7060583580906,366.093629271848,498.2532079024637,283.1912410486233,195.8401621375032,432.4664569368306,426.3134478907677,165.0271957645547,394.4212290890674,382.6954235101545,302.2699098358165,352.7845985787626,188.389661205669,341.7264554460713,474.6760767010121,270.3928453981125,428.3489282472696,348.6245893941428,402.715825103755,210.1827064759345,315.0441549404142,272.4893763337388,379.3622475708534,359.4234219450684,523.3293331118167,481.7206516778642,264.5241998116331,41.45720656280425,504.0376854164333,131.9459080625683,0.0,535.5386017326852,252.1540032740901,233.5255774119491,192.5473476222624,251.4991069095905,616.0827299498382,81.09633396826655,206.7495088147363,276.2966358071898,213.0582778943791,264.6513263346998,559.5833925529859,327.7921043554411,496.7547990198682,258.3627181621004,218.6992495113634,137.3025509215867,254.4699970420555,519.9421497804794,121.4897982560471,110.6982100520582,199.3623579549237,230.4592324237655,98.23852287318968,573.1925285900721,375.590132011009,345.3661880015195,161.6768441523002,225.6300410554988,248.462943909696,145.3579601763081,118.4729273335995,316.8094621856687,374.7420466813376,193.9447358600284,167.6510029434686,246.8459375779829,321.7606301589549,281.1705161908935,249.2245585790963,574.9778326636107,119.8137744058507,591.6809339801548,183.0707685585044,346.8715490710317,47.21608985502255,242.6971084522188,431.05393023434,184.3486220186969,556.8535490613817,184.5969989072384
340,903.8277824422228,1074.765089867449,1060.376382476055,1149.504444169841,1111.185416433076,1141.596552023355,1179.291155087453,1150.898986996666,1157.586378360102,1083.549150213501,911.5734892613337,939.9135701085316,1205.298333217696,1049.422576010945,1152.151222502618,1085.570877332919,1051.918149915771,1180.546408287559,1207.652616374816,1179.039848734157,1097.228166260698,1136.229718147672,1084.386898670668,1073.446764522632,1106.099311311244,973.1355749259274,1033.543140809845,974.7911624452325,1032.105952664818,1046.465491906452,1072.412073778782,1006.787426727368,1151.745575177182,992.2211611678374,1055.294540890505,1194.520758036865,962.8127405730744,1044.851646663902,1119.562485636144,1140.837527388194,1058.458834249403,1190.584413980437,1132.357683835035,1081.926487536989,1433.285706560424,1342.714561718563,1232.555126242371,1400.608933388178,1294.872562836195,1319.333039470538,1298.57321402951,1374.796225671293,1438.930460140185,1390.98798630767,1226.54025461818,1414.227203524345,1197.38967439511,1369.024130404373,1348.829778612354,1330.800875525991,1328.552237325829,1210.036439787938,1254.066821732751,1321.012793210657,1305.067795935248,1290.712789752613,1262.722200725999,1237.286251042172,1271.150712217195,1421.399847290952,1375.916639993942,1347.028834643481,1446.229037652006,1271.506070928116,1335.650267396217,1199.001174553534,1209.809548694358,1422.958651351069,1414.648963567547,683.6024243147355,905.9641196788522,899.6345879893289,765.9657546958288,731.1270175300017,884.1328111136479,741.0818196630913,708.3764124971519,646.616834256232,887.1496817862053,712.076356834126,936.3504752650385,767.2545888679164,995.7569167163049,1007.507501433908,674.335398263023,737.9686853047241,819.2606912231837,710.1487405712703,968.1497082145896,923.8152808095726,786.5215347701849,810.171954279318,959.9896828400358,850.8099288417209,731.3066587995482,865.3829158507251,711.3771588985592,808.5001607386565,849.7246318843178,842.5765529905833,617.9404617692267,893.7468272402658,955.8717057635629,1022.114758207975,868.8169363075921,856.7853861042738,931.299653749233,755.5092675412795,735.1603431087728,720.7305768701492,819.7960431618891,837.3398948992462,924.0414169946988,793.4498578056144,619.5982276109014,948.5692793096645,737.3577917280425,607.3800203324895,681.9564862068743,763.2142213682897,774.2340512444068,846.825706355563,671.6059800016442,707.9587228352422,992.1124395104086,652.6025621248046,708.3066413521905,800.8387246102408,879.7137064659228,684.5359516747495,831.2289872748604,757.9145260671158,893.6163132274252,774.6318038227213,978.3831624951113,892.406975371678,391.468102556067,531.229142891924,32.01306587647612,403.5934622338586,535.5386017326852,0.0,290.3166605798685,313.0623996768051,358.6055856573317,306.8144310060857,110.3875393168197,494.3557893721786,333.7111020464506,267.1348924671219,322.4806278029506,330.7169554023769,148.7737358966919,219.8596310833276,149.8286767574238,790.7609108254359,614.2737051627804,608.5732442449154,781.3386773722731,974.3323922369211,656.1291897176042,610.30643884144,734.4414215023418,642.8156001289237,624.3847060761686,1013.934927133603,886.5410086804105,856.2336210260823,677.1703159471887,756.0700203370848,616.1211653752869,653.0287829279748,642.5680657011779,851.9704317029294,902.2163861969867,728.5324716441834,701.5122200200345,782.1485573602538,857.2785235036905,777.8698078989971,760.8259940918721,1030.803179554297,610.6103609041697,1035.495105024836,695.3244606921847,879.301815840788,582.6344496425002,776.2841847506334,949.5987018570136,714.8275943804705,1032.831791286144,610.2606965718088
346,617.5263358724071,784.6122751787094,770.5727276885613,864.1811173643974,838.8560037662243,860.9871311829802,903.2991940443411,860.5823267349382,870.7346307074091,820.8389054448594,623.3044697022103,650.1308745168262,917.4891458791792,791.9898546094122,876.1528851220164,819.8339714535941,763.0624314394574,890.2406594458595,918.4630403640168,906.4732574912266,806.9116337384683,847.6257456209431,812.1614213118029,784.0317364970911,854.8936005812948,682.8759871930135,755.6890139875628,691.7849263277972,743.3693573652426,783.7312094721893,822.3001796895,744.7510136091794,879.2699082494732,725.171528054904,801.2719782786752,910.013477280082,673.0609233985714,777.2318150813961,850.9408824964572,876.6997639908196,768.2236494292542,900.6090668873464,842.6358855284412,793.5646541227267,1145.405731472403,1065.065160518137,945.4613006533275,1114.966480526459,1011.486214193364,1031.949482822085,1013.326452819516,1096.253018773011,1150.123548414547,1106.505290126687,941.5932309030313,1134.886590866457,928.9697136786887,1083.386879186514,1066.755395846633,1045.128423325401,1053.680186603897,937.8129034876706,964.3548158191933,1038.807050856825,1025.095656605245,1019.47693108789,983.9064588432752,955.8204556100396,981.4360770411885,1137.737941455574,1095.0375953381,1067.195750230193,1156.975088461417,986.086427456496,1050.848129156165,933.6136016657138,927.16775304465,1140.959738449146,1127.850826896712,398.7430385159985,619.4472386963561,616.2771866164215,487.2272401852466,472.4782241992543,605.6997047924289,471.8041020336929,436.0264856904286,364.4087510511824,615.3256238058416,463.4753348651967,658.5071383449889,516.0907685077023,711.2069087721483,717.746125904916,407.3422877078736,454.0747473674904,529.1062011669146,420.3676521024356,682.0409376495585,633.7653039846452,540.1674191903217,555.8640443818588,678.6575398604879,575.1764870813456,456.0743974121937,583.9364124045925,431.9866935576665,531.3635760562673,580.1543005244646,562.6626380138409,351.8358340850215,603.4510918527308,681.0698423617902,733.068207639284,578.5003792972732,566.9811516158959,643.5325219323388,465.7621864741548,506.1031229086539,434.010078061363,530.4493365678716,552.8076010504661,652.1868655263232,503.3502399568778,336.1384784976834,658.4573667315886,493.9777112550101,320.5507126166062,442.4818967709603,498.5920484970879,488.4545057016604,558.6394120233717,382.497163059545,444.182464903102,701.9751018916967,380.2985103392895,474.2113183539689,519.3758411182897,594.709562744824,396.5624037131103,540.9577114158867,469.8956574202529,603.5270010746474,500.9793894575511,699.7074086236044,624.0566554643801,234.5937389786806,256.7326390567472,260.1559797391972,124.3569560396635,252.1540032740901,290.3166605798685,0.0,99.50624848701968,124.1384382696848,36.64796756739936,382.9310298497618,230.6762066421299,45.40449462052994,92.43778998518268,55.99901820945335,173.1053247358945,309.5952822675785,124.1010368763842,247.6679499425845,502.1856305275633,387.0384393485334,350.8526551877636,505.284778907021,740.1205749801261,369.797095057029,342.6337112012539,451.0409129900137,411.9589126591117,335.650668686819,787.5914324628178,620.924342583337,590.3520643750412,386.9489796273176,477.3868807197892,401.3145840407745,384.48326367169,366.6035056797599,565.1387464181779,626.1635264635228,441.5756005913244,414.1998421847244,495.8515174976799,572.1593903490822,518.0400167054788,493.2484496262676,796.9029664187739,320.3521568237501,807.9792282792478,426.0889840334768,599.0255508388213,299.1812721632618,494.8286072470518,679.8474306550696,435.9703748894354,788.218901714281,370.0823106871696
350,598.893251374336,780.3888075814532,777.2717394154556,842.0310207595147,798.1861857469017,830.6004359802832,866.7130837054001,859.7095925015809,852.084552002154,771.1809569769849,610.3390153252973,643.880629211752,901.2796303959462,738.1482861743638,839.6001479389554,772.7681699144903,774.5512941850931,890.1606649601013,907.1749183861006,866.0326078602012,806.3099325902019,834.3314497691498,771.3913795722551,774.5504153390561,796.8581255791266,681.1542175959357,721.6523190705778,665.827235316687,731.1775235930669,734.0458012904843,763.4652033258117,694.4314491861736,838.7413614601111,679.2386604977776,745.00026653772,886.0726438962098,666.3815961103178,731.8595129650284,806.542983363224,828.2971403430341,770.7978461071533,893.9320915730892,849.2302271166432,779.7000457189766,1128.696315171856,1030.368322062498,927.1612594500081,1092.824170338806,985.247808335215,1014.146954458867,990.5877848993404,1062.670156754092,1136.453750088959,1082.069108926734,918.431388890329,1102.322829414907,884.4065756375994,1061.300502743316,1038.24695961183,1023.203895704976,1015.698052894578,897.0035875501445,955.5369483547113,1010.551382459614,993.5188708616845,977.6504036001413,950.7975414835051,926.5468324980139,972.5588320469445,1111.756867374135,1064.673666546993,1035.373991787832,1145.105948941853,963.774149573649,1027.135117418221,886.3278631831582,899.8374287653448,1112.228639259473,1108.298076685903,428.6775891273388,639.9460952597332,643.3921519498869,524.4772788468913,529.7275869083052,640.5416665975456,520.2476386220476,482.5838038327769,400.8428555880166,657.6506435940868,527.5997550511798,693.1550096406817,577.1005418561479,734.6095423816247,725.2628243044453,460.1987659669896,484.0405312835765,527.7238234777703,433.1873369070761,702.546624853366,629.819630908355,603.4268669096309,613.8272229707059,708.0814604374627,614.1562186352447,498.7289301102817,614.8696583809179,470.0877740776544,569.5351850904469,625.4504190662965,596.353690429677,407.9835938418638,603.5861828694336,719.0050724541312,744.0972666759071,580.3336574328506,576.2786844609652,660.2485024910002,477.5604986346893,578.8558046664538,458.3091351066989,543.1213268903003,578.9606166427533,693.7853323411109,511.3305609167726,371.7088983951766,663.8098714950194,560.1342118857294,349.3302406110643,512.2778680582951,550.3897879111445,513.4794123420673,575.4706804236423,400.4359370332267,498.4143593162448,706.5389876377398,429.1349798627001,545.6014864519761,551.7470341666925,619.0584746082411,418.4451299685132,545.6479690593991,489.3172042830926,609.8610852245675,544.0658413295828,732.6059558497371,669.5837438833354,135.2018000744087,221.6643358763782,281.0493338135803,109.3257439282175,233.5255774119491,313.0623996768051,99.50624848701968,0.0,45.54318637566069,133.1218559598211,384.5074695573218,181.8971210337465,92.47165827300168,45.92750754156484,55.62572468270687,75.11970850661436,372.3770455066459,95.79615121969644,315.3141103953522,491.7698444081326,311.8330804536944,295.8118440021689,469.6124475935943,671.8476738508639,354.6239127663238,297.5441791743905,427.619449659803,339.0556033676849,329.6986096707457,715.7873146577683,573.5847599564985,543.2362263074114,389.761734986382,445.5900228643558,320.6026009844042,340.2124098904309,331.8001093875901,548.3418214107032,590.0774664918614,426.7299135593876,400.9260374382444,478.4075637880287,551.1244874444678,465.4107450411228,447.7739866480717,728.7481029018297,331.7470488850092,736.8118798987076,382.4679285521311,568.9569967844061,278.8845543523345,467.3522206268303,636.542350424679,404.7721394586451,725.8721805842471,302.0120788167321
351,555.2814207528811,738.8336562091283,738.0886127121144,797.65888418456,752.656374384559,785.4926607161706,821.2704015028679,818.6808668889299,808.1179553452196,725.7888022393101,567.5769800153336,602.2417696588849,857.5877659497875,692.9994802888021,794.1641897743193,727.2815842093108,736.5693561968458,849.2455642226979,864.1983848440113,820.5007754252906,765.431997055004,791.1280600753855,725.862529507458,732.046309447494,752.1336481114658,640.3277122482185,676.3685114532954,621.2191400197415,688.2941835014564,688.6449708356204,718.8168256650697,649.0479788510534,793.2102832152568,633.7138259765541,700.0649279279957,841.4809275442695,624.601773209785,686.3320290774744,761.0090892638788,782.8648425426953,730.6773111888945,851.7444834551665,809.8622960237175,736.4805994690786,1084.780714279823,984.966261212594,883.1753014377102,1048.304557968328,940.3912709312101,970.1615854456608,946.0565983394077,1017.309966213169,1092.93877921555,1037.331943627676,873.8981508950516,1057.003778105576,838.8799912613167,1016.800959478892,993.1917784559096,978.7399653474832,970.1959458112776,851.4663864630485,912.9091652326168,965.5240194447805,948.2772841521643,932.1072181448492,905.4839972112952,881.476331450745,929.9038058059759,1066.874159193498,1019.486064431726,990.1080003104366,1101.844709317975,919.3019546713267,982.489178399761,840.8655866433367,854.9286938235906,1067.135966934386,1064.051089284253,398.5350307406779,604.9883220452565,610.5202111476391,496.0319425295551,509.8690509616515,610.3774951140305,496.4244978912015,458.3369648083863,373.5492176427036,630.2527728920819,511.2598867771842,662.6498801792337,558.699799607884,700.1497766132421,686.4166486728587,439.0282751579886,453.2826443450018,487.5303392937523,397.3722024531476,667.3222146603836,588.6800639151108,585.9914125532908,593.6289146858395,675.6804996321514,585.7041169566085,472.6716704818386,583.4551960920394,442.5161801321678,541.0784826806087,599.4580558906501,566.0362734200621,389.1334197116729,563.409231578538,689.5947314428199,706.0820373416151,540.6369520798655,538.4543317796371,624.0813139540877,441.0479596789901,566.9912641526664,425.8535982643882,506.3980589921616,546.1373685048716,665.9072078987197,473.5260891707769,344.5812539092433,624.6301699685622,544.5988125256174,320.0571011665944,499.2436713910203,527.7833056450294,480.7546557263485,539.7516549421714,366.5761700325116,477.4342549728586,667.0383830783265,406.571166417704,533.1890828661346,521.2646461915729,585.4109042923542,385.6398153469871,506.801097128595,454.9851187941454,571.1239732835537,517.7618449623832,701.3019453716811,643.4252619728327,122.378617189517,177.65143389296,326.592519816722,79.53027495729995,192.5473476222624,358.6055856573317,124.1384382696848,45.54318637566069,0.0,151.4371758974168,428.8513570740611,136.6711405929053,99.61925224755208,91.47069319094604,68.89585641836642,82.97500548323575,414.6619042602987,140.7554020019804,356.2979725981763,449.8639394280485,269.8607792491908,250.3755250971006,424.4262217092368,628.7042660694245,312.6542953358956,252.1061753906809,383.8207352481181,296.4821961850938,290.0460905664058,673.538288073937,528.067683459058,497.7094632134641,351.6084599559833,400.7553185844016,280.7960605307785,294.7480603210123,287.0045680629314,505.1257797125503,544.755893815475,384.3223569576177,358.9725299562377,435.3167098770368,507.2848640836898,420.0305484217647,402.2335808015719,685.6265901568779,296.9015070193312,694.4125867164712,336.9861272442819,524.0763246447522,236.7212403786701,422.9133830712112,591.000523201717,360.0978341574062,681.6782111326935,258.1367752062667
355,610.9445282370214,772.039597052169,754.3108954214991,857.7547787585197,839.5730517474676,857.6539645197978,902.2138059399424,846.5883180117581,863.0029188832449,825.2217405716141,614.6259386747935,638.8940842529297,908.7287267236311,798.1964898778475,875.1375881202588,823.1673688927098,745.2302656830334,875.8861347454935,907.9359547253337,906.8872612344628,793.0022484659606,838.0337944402024,813.0116347634449,773.3106419155118,862.6627004622377,669.8761756077471,754.144867565655,687.4825770678532,733.7825888585813,788.2571426277066,830.5094449715394,749.6878784269995,879.8002285716087,728.4204438261552,808.4629075918436,904.1069798066281,661.8507117368514,780.0402451970086,853.0976072423288,880.3923115550472,753.3684061488564,888.5071746262627,826.1649130270409,784.3720678380781,1136.29982035547,1062.839676753375,937.3806078351482,1107.900150461097,1006.165731723889,1023.47221122969,1006.700200595285,1093.532789538312,1139.917989748951,1100.304666617998,935.3076023123155,1131.699062422122,930.960337811908,1076.363842362398,1062.162553501599,1038.128366839219,1052.757603291542,938.2843157468357,952.8304536209013,1034.180611976288,1021.760780801195,1020.147917879057,981.2577828750638,951.7832025288058,969.8897533433345,1132.05244947774,1091.088368397321,1063.860486827812,1146.116774231599,979.3694612842099,1044.496240376614,936.691011758477,922.4771185239634,1136.301730218606,1119.80991143601,377.1908210566984,599.2838595456435,594.002897956626,462.5037518160038,441.9327039724281,581.0648283244243,443.76875772777,408.790689357696,341.110068389532,588.4083303013606,431.1588235398604,633.7139701487058,484.3789845706394,689.705474464128,701.4194572626172,378.4251016055466,431.9462054741561,516.9879494847027,404.4020060737501,661.5825381471033,621.810443629956,507.8192668260858,524.8098944429713,655.3901952890077,549.4229514443289,429.8891543800798,560.6187296262157,407.4221265152954,506.0803923147418,552.51004103322,538.5941455993685,322.3909381581682,590.2540402397568,655.2111621674245,715.5029082949073,564.8781375135654,550.8680082374061,624.4852780283095,449.638014160896,471.6823696567458,413.9566478409774,513.4537361041191,531.1874917160917,625.3491064934306,488.1868288664876,313.5354716445576,643.1436658344767,461.0601917070083,300.5678332222793,408.8658018592419,469.4430153090141,467.6570051643668,540.0419403201389,365.2625740243499,414.6266691981496,686.7186994749063,352.8227669356569,440.1490159970336,495.9766215464829,573.4297970757656,377.7689130769467,526.6196426069715,451.1293724153983,588.1882579331096,474.3726781883028,675.2970746913096,596.1819954291211,267.1127471596765,261.9149348491059,278.0744469044101,132.9390827116271,251.4991069095905,306.8144310060857,36.64796756739936,133.1218559598211,151.4371758974168,0.0,404.5208022570724,241.8541775660386,55.71141110049418,129.0857575525815,82.93803850770065,207.7722636361485,308.6149948073099,158.6999082330916,245.5809912361376,493.5350011374279,404.8885096217384,361.0365578584295,505.9690998334181,752.7340360637846,364.6538635179776,349.1669220739126,447.7123571282665,428.5536993869516,327.8250327561485,801.6687967654874,625.2745078244599,594.8066731274823,374.98951928844,476.8853984498644,421.4765598560242,389.9551789952503,368.7991971511925,558.2564329289385,626.0740240282983,435.2102987033728,407.6342248085795,489.8189360229642,566.7780525445158,525.2385129187613,497.8343675703774,809.281154978393,306.571195983083,821.7036933923237,430.7097773977017,596.8203588003,297.5435555394484,492.5202493252713,682.2680055958527,435.7366112592988,798.0511840025571,385.1401265400793
358,983.2311422683518,1161.322282283717,1151.930777963155,1226.474475303215,1176.430879744057,1213.556163756257,1246.973440708438,1239.192588370878,1236.566896355815,1142.381308591043,993.7772749145568,1025.323277362077,1285.613718610343,1105.309051923677,1219.99941121096,1146.36748347548,1145.491351178415,1269.272272223824,1290.684460708679,1244.00712672265,1185.555146760603,1218.190253884767,1149.751625061994,1157.396148429106,1157.724495443548,1060.689915582524,1103.706241704464,1050.063626407956,1114.668237833091,1105.662615058405,1123.769196245919,1065.948231714164,1216.821139225605,1054.758954198497,1109.094850550691,1270.324453887909,1048.049881469998,1107.274401949403,1182.058480526012,1200.110161554566,1148.170385235841,1276.038130566013,1224.075526121324,1163.603554548283,1513.147980903676,1411.003561592315,1311.646607149776,1477.155844867739,1369.010893400562,1398.629492045344,1374.907654242588,1443.761497877668,1520.593042755353,1466.087130012821,1302.749287176504,1483.7874347866,1259.182634447922,1445.651935238119,1421.352906054065,1407.586805468361,1394.527581619307,1274.54905671847,1338.434983267039,1393.775468960081,1375.655755435437,1354.00634343011,1332.41759084037,1309.624074040851,1355.493605907861,1495.434812511513,1447.116040675324,1417.313760058063,1528.934310902675,1348.149709949094,1411.310064047169,1258.672114441944,1283.475401447738,1495.149596218967,1492.79437688378,781.1317076022765,1002.349555718361,998.3500609376215,866.8095257834016,837.2131515024371,985.3204475705547,844.9398498819285,811.279722740426,745.5981086611945,990.6747397571943,819.591191382193,1037.86077095946,874.6238834559142,1093.745983385859,1099.238620297497,778.506289091652,836.1831576279236,906.5576391133305,802.2646633554891,1064.908197944316,1010.257295917389,894.5538016622604,917.2184469828002,1059.910966267525,953.0236554496265,833.3758914874145,965.1389207226202,811.8204248709434,910.0732544093867,953.8039464852943,943.0474239102175,722.0436223596595,981.92012677852,1058.560733669628,1115.3811016068,957.6318329130928,948.5904582276553,1026.411057566464,847.6262545946565,844.5710652014088,816.8879116003823,912.6880485061357,935.2437329788323,1027.62774955006,884.385764342258,717.856095855034,1039.164453065495,845.5693037129752,703.3836537416424,790.3644609329475,868.2467586295617,871.1889379412956,941.4597489687965,765.0887248578987,812.9764438433567,1082.518039373348,755.3081841225406,817.2786382605965,900.4966995344386,977.3138990675391,779.4761960988978,921.0666225869014,852.7823456248327,984.403169580085,877.3372830129157,1079.595046553631,996.8993634810342,433.18350559676,606.1632758125146,130.6176847168854,485.5230993564786,616.0827299498382,110.3875393168197,382.9310298497618,384.5074695573218,428.8513570740611,404.5208022570724,0.0,565.1802468747915,423.3102446929598,340.1132333089793,405.7762531120475,382.7513142414994,240.305189177284,288.861265005218,256.326961249844,874.1374403000806,664.2836161978053,672.493243481702,852.4918905176239,1018.484768493855,737.5720418308453,679.3170676497685,812.0880350741911,693.2761685424406,709.2594748905493,1053.55244645583,949.3492462983597,919.6080494863983,765.4568194175029,829.5053313644243,660.8887537973194,721.5174264952539,715.8129566767643,932.3769259581394,972.0217738106637,810.0082336858234,783.6726753320488,862.3800519533679,935.5872102657078,838.9090232099609,826.6820315590031,1073.96435324214,701.2464012676334,1075.371600433319,763.3518028094535,952.7425349357271,662.3694547648387,851.7421341719096,1014.388952731778,788.9393707272168,1081.602500231517,666.0050153030209
363,421.1385887116179,609.4863738885257,615.4112025957303,661.7659126196842,617.0179980017874,648.8244856372829,684.9784874887356,690.5139888368558,672.9356272263287,593.1693247498091,435.5559502887502,473.1806828185872,722.9150934825279,562.5590035245741,657.8494183887599,593.557049662985,617.4429148708176,721.3003947966961,731.0670667713968,684.8808206255278,637.8353819560477,657.5636747774876,590.2157759321561,600.2490623865583,624.4997197620219,513.4027711759388,539.75533945631,485.0257648412153,555.643729430433,555.990635277808,591.7755965510662,516.6417493331429,657.5832773813358,499.4222722197815,571.1758846441531,705.2539202961243,495.0442570820311,551.9285739635626,626.384756540436,649.7533344962885,605.3347309767925,720.512194121605,686.3134950523055,602.9487916885731,949.5778278548206,848.5417441933305,747.9185843433863,912.1426440180795,803.85868846092,834.870775382514,809.8935456798608,880.796203737645,958.4947176801793,900.9083528265884,737.7447503651108,920.4285271734265,704.3952746180161,880.6705748757728,856.5350284385787,842.6653601818755,834.209270148872,715.9578035024158,780.5298085757527,828.8780687888049,811.6333405975945,796.9144854490139,768.9024432067555,744.8159144963478,797.4416279428599,930.3145105508878,882.8206825600073,853.480403883863,967.9127726955028,783.2262300963333,846.1737183322315,707.3575422957273,718.3578638709424,930.4690958680669,928.2887007000219,313.0950138706585,496.6219654422959,508.8191094839082,412.0370234405,453.9097116473181,517.4863320172465,427.9765086263544,390.2382916566226,300.0590307505194,545.9085576703849,466.6135508205479,567.6779666364737,505.494135929583,592.1268824170983,565.0467797164808,382.3557676237956,362.9786685464161,363.792618402916,291.1821140421682,557.2776422843054,461.133589537768,534.9083207225632,533.4728019726238,574.4584252554827,498.9720951311114,397.7453548470365,487.0441769983443,363.8151222872212,455.5504222803901,520.4096284982963,473.6461222715012,343.6833138346072,438.9422075868783,597.6678835179025,587.0672615622939,417.8864409021173,421.7653314528279,511.577621787879,330.837790350458,534.1503771159925,330.6981057410708,393.9097543905604,445.8917834101276,579.2880173730573,358.0211630587093,274.1031824483916,502.7113564840379,501.0853727260878,243.949583523062,465.6867346666355,462.0917419399471,382.6099028859471,429.9868960438693,269.2392972496527,419.305398066688,543.8464011025721,347.2709226397823,500.0134938437512,429.5341534552666,481.6322315122935,291.1773866083321,387.2173403581645,352.0583419221364,451.0840590007812,440.1898606940831,603.1914959807657,562.7852026275078,185.7885817602348,47.53593238422625,462.3670339243394,108.9297280454488,81.09633396826655,494.3557893721786,230.6762066421299,181.8971210337465,136.6711405929053,241.8541775660386,565.1802468747915,0.0,188.219764933874,227.6319022488851,180.1255138996165,195.4264774507308,538.7999944103027,277.4258967007245,477.6965141640805,321.0315697209965,171.0544885595629,120.1802169858804,287.7571322331082,510.8935580012179,185.8312773267327,116.0155799493016,249.7504015315246,191.0044284135626,173.9571294615614,559.9956100227192,394.0942289148143,363.5676861362257,238.4701314843979,264.3431448369096,194.7390381148175,158.7557253529296,150.7852722612312,372.1187345108776,408.1876777138131,254.5679742990135,231.1697990840611,302.9820507707183,372.7055256381154,288.4364366457779,267.1633566256908,567.4777479390506,200.9091942126819,579.9287032737318,201.0671728135998,387.5655597054366,112.4359364584393,287.1665863336027,455.7874108581505,223.9846184471895,557.5757434817917,145.5689830009826
365,572.4695915179592,741.1026445712339,728.7912860043142,819.0481410462536,793.638794378326,815.5938533891335,857.9343874127882,817.6205067725114,825.8156012809742,776.2840998405314,578.6655151384108,606.2171787368949,872.7740331318344,747.942172770746,830.7906793037266,775.0391330140392,722.2128383996887,847.4258604070063,874.2072340099747,861.2283169073119,763.9413363299932,803.1305393323094,766.9571386808706,739.8804526045986,811.3985512888114,639.599796631941,710.2987202414904,646.4496451572682,698.9079087005692,739.2050319847806,778.966948240371,700.3230570977065,834.0353332689816,680.3418074072578,757.5549536542211,864.807145978764,629.1235114491462,732.3251612468798,805.9288805350664,831.9916123829616,725.7158054854419,856.8734284338657,800.9175485859246,748.9840970756371,1100.730509375886,1019.664513414852,900.5963236660522,1069.899309453159,966.2081513335446,987.1516905817949,968.203636024642,1050.848526053615,1105.725857467146,1061.317183929247,896.4312773008237,1089.485782179084,883.9394061799859,1038.316054945922,1021.415046985694,1000.058016747762,1008.330590178595,892.5765529165953,920.3984742217393,993.4702455971654,979.699079330837,974.2690580767331,938.5019657223025,910.4518122828324,937.4821056496359,1092.488437339108,1049.660357220353,1021.798564775313,1112.763538048112,940.9797395298816,1005.68401109334,888.7823189314265,881.8415993328944,1095.620853424672,1082.952066785245,361.5053045120456,580.4070807886669,579.0046191468613,452.7597088352451,446.3030172943305,570.7820672161246,441.5760810244893,404.862807593509,329.0438155951591,583.0789028673836,440.9265460378296,623.6467539468387,491.9776220918667,673.1018691641649,676.0461250966242,378.7972095297962,417.1181471982475,485.6220046128114,378.9556008655164,643.1312383948584,590.118462151477,517.331165817129,530.2812408292083,642.196583503154,541.599798753552,423.4492022253953,547.7156169630688,397.5810423504846,497.3711947350283,548.9728005532411,527.2532246230317,324.5759476776786,560.3260666601968,647.3709426072369,692.0810266587264,535.5880606807856,525.3416024112445,603.6319181502905,424.322019699294,488.9881029518302,395.3547040786367,489.3906426265769,515.0955450968873,619.750288077302,461.2990730670609,300.2775282115583,616.2720611616614,472.6845551018455,282.4361599364161,423.2903836673148,469.923854129444,450.21950099141,518.5682725889484,342.0031110773322,416.4406552684288,659.7189487212438,349.8137893267357,456.1275715934486,483.4099425472291,556.614031114222,357.0931464246767,498.427517888979,430.1519496673181,561.4167244369887,468.6929152200222,664.361930484461,593.0738850354767,219.8610706187308,212.0498414582046,303.0730947731601,80.17118650062959,206.7495088147363,333.7111020464506,45.40449462052994,92.47165827300168,99.61925224755208,55.71141110049418,423.3102446929598,188.219764933874,0.0,106.6068877153512,36.84593359029469,166.7190011881547,354.3841434378434,150.2943653118075,292.1329530458704,457.6166002872071,349.3593298167751,308.1221647718326,460.0131874234631,698.883820670718,324.6483570894584,298.4586059310121,405.6786322722591,373.2681189035993,291.0772152775369,747.251969892352,576.3136007638069,545.7566262907958,343.6413771772019,432.0195879888729,365.765813991921,340.0379152354081,321.4613548109866,520.152243954351,580.8439248038355,396.5657554186761,369.247053058524,450.7562943778117,526.9479138768621,474.2260668656374,448.6446284919425,755.5465194638845,278.11027530201,767.4217885674339,381.4549536504276,553.6210568432892,253.7831567979672,449.4263385199018,634.8523187144584,390.6109197254606,745.5654963829112,330.2248296583257
373,643.1405595399937,822.7158947816692,817.4447416858878,886.8947588277047,844.1014005187199,876.1327630905273,912.548615324882,901.5164523755959,896.5778768515141,816.9739661663431,653.8377224306951,686.3674075754905,945.5129857574022,783.7254953771036,885.4298852111665,818.6454705467876,813.6305730431229,931.8485335913035,950.7510154059837,911.9495668364553,848.007256709264,878.134225125538,817.30577277016,817.7392635441868,842.0504703464793,722.8894241053677,767.3481010057556,710.9293314379115,774.7254022726071,779.8473266600693,808.5930683616186,740.2185652218564,884.6576665525777,725.1502830680595,790.386685614264,931.131172895205,708.9777427317556,777.7733154923861,852.4623341348195,874.1251913286104,811.8288552982482,936.7879413634678,889.5187176945996,823.5333219744923,1173.104039426106,1076.164635897067,971.6599375813072,1137.798447427493,1030.541534672506,1058.63302909821,1035.580939167101,1108.427213034387,1180.48607984783,1127.246524680761,963.4331663922068,1148.041022413171,930.3192649638644,1106.258508148253,1083.721723137124,1068.132034446752,1061.587212121567,942.9254656962574,998.7794357947128,1056.001530390469,1039.167466072492,1023.577906730679,996.5134395650988,972.0404417015191,1015.822095191079,1157.068235143867,1110.270397044353,1081.044150673919,1188.89966464556,1008.715382043425,1072.231458379769,932.182365982238,945.1844413382073,1157.735669353999,1153.01709610993,461.6272713910328,676.4648488089603,678.0149789606903,555.4605679959182,552.8228154801269,672.7017101724064,547.0528796870241,509.980741816346,431.4856710178557,687.2175367878217,547.4132709668172,725.5015655535539,598.582222840669,770.5144035494995,765.176505183894,484.9401950993054,517.2596234342619,569.0667121618445,471.0007609638785,739.1997311623062,671.875695341587,623.8709366058949,636.8333000360844,742.1418575028529,644.8233189332822,527.6765373455132,648.2372993160166,500.5445801448058,600.3548478111376,653.8163609560336,628.7768076254969,431.0351653892446,644.8180467759329,750.2825407548006,783.2375961877214,621.1711242244645,615.4733953116078,697.8233308927922,515.8293049635091,594.1055483173105,493.1287191589183,581.4106288202378,613.6963074595689,723.7003903189226,550.6334413140319,402.4354276415169,704.0880125037066,578.9968546558606,382.0796805323731,529.0614070320619,575.9261703599473,548.3253072268204,612.8019276237361,436.7284971622149,522.7309027868876,747.0618523920509,455.3688311987161,561.5728856056792,584.4613632956903,654.437783529396,453.7500215195112,585.7927406313355,525.6570232603356,649.8115533619338,573.025454327601,765.6088808413888,697.9664601420596,160.666508353332,266.5674076179961,235.1218266297321,147.7359366416414,276.2966358071898,267.1348924671219,92.43778998518268,45.92750754156484,91.47069319094604,129.0857575525815,340.1132333089793,227.6319022488851,106.6068877153512,0.0,75.01660545512959,92.69932768257794,330.6068782452588,51.51130106324576,275.4312254468584,534.627130728626,355.0550916283719,341.6610146238651,515.2422824142333,715.6587010820818,397.7402526279403,343.3931934270227,472.119013023507,382.6842365523954,371.0521385026367,758.7813675767807,619.4901612261738,589.1500102606993,429.6900477837727,490.9332239953285,362.120568473933,386.0786600448944,377.1532083581812,592.2717766462944,635.8124607219215,470.0853725599676,443.9459149211297,522.279673781112,595.5896371301357,511.2040438433113,493.6990976249652,772.5172780994983,369.2444963291677,779.9304098467733,428.346224404989,614.3131714237189,322.3323495142195,512.3599886090659,682.4685887185905,449.9977539516644,770.6001201371015,346.6957600405198
378,581.3862938015315,755.6511534494373,747.1192682346531,827.0506428669349,794.1711688880841,820.3646708173184,860.2597852004513,833.4224739704965,835.1618552972102,772.9365104827623,589.7586459120098,619.8513256752949,883.0894725732585,742.6827664324169,833.0897689962276,772.8166260123971,742.13381456671,863.5267962659353,886.3413035059029,861.9649756761057,779.7909988825274,814.454611296644,767.3992484242899,752.5309488365302,804.3698219789097,654.9142703316757,713.4151516067934,652.6765746276949,710.5056661179734,735.7682810723308,771.5065599816137,696.5175264892628,834.693818750239,678.3992353421302,751.2208000067134,872.1753659299884,642.6394084868144,730.7447437015031,804.9082230942544,829.2936285951636,742.63263271207,870.6584574927322,819.264190902299,760.0301516847918,1111.044515894961,1022.95012611552,910.1559144409163,1078.150701575462,972.7942247049939,996.9759875533682,976.1426895995576,1054.612272856557,1117.16226955644,1068.684251007656,904.135911113796,1093.69127843483,882.9731552680623,1046.564359470847,1027.166036644133,1008.336436096073,1010.267227857477,893.2040767773909,933.4675543017313,999.2944510691872,984.1963185196705,974.575015968105,942.3413612785697,915.7879882310331,950.5430120991662,1099.283553714233,1054.705573643156,1026.23965180074,1124.85963144902,949.0562068559097,1013.282962632843,886.6575456227712,887.9096099316727,1101.347225639342,1092.192439351542,387.0234571394305,603.1399057020305,603.7891580791794,480.4885087903257,479.1469862629127,597.8422751922316,472.3255155610237,435.1414791743285,356.5141005551188,612.2092878184227,475.2006479386084,650.6604433235011,525.5985977695158,696.7937646969413,694.6044528197156,410.6716689369712,442.6844998831543,500.7815636515485,398.8848815234813,665.9060288765886,604.5607711301868,551.389785535134,563.2373810643581,667.696395015091,569.8214452896051,452.6833496870079,573.6321997940285,425.5466330894509,525.3650471383445,578.888227392129,553.9725397312285,357.2764973243735,576.1795011153159,675.3097574619702,711.827932104882,552.0008473396106,544.3312102495086,625.1705996133501,443.9973965047839,524.6882858133662,419.1314867765923,509.4722425006928,539.552959251807,648.6851286062987,479.7288555879992,327.4813562346246,634.0297376440003,507.3164965562293,307.5072815473575,458.5831229192942,501.4911518104594,474.2798564366634,540.0665417419502,363.5987905043395,448.615483757308,677.2546699403513,380.7102037724221,491.6463702317986,509.7296149582259,580.5386399828843,380.0344892537375,515.7793721867241,452.3930593969781,579.4415058069532,498.0370637206632,690.8817922358251,623.042813449173,185.2350929955255,211.1346515953356,290.9966768715538,81.11284291918008,213.0582778943791,322.4806278029506,55.99901820945335,55.62572468270687,68.89585641836642,82.93803850770065,405.7762531120475,180.1255138996165,36.84593359029469,75.01660545512959,0.0,130.0728164498587,358.8190010099966,123.2682455570281,298.1682358555875,469.346798569575,331.8393199475217,299.8812845353214,461.6511937077477,686.753007492761,333.8590657444491,294.6391967681937,412.0841773894576,357.170517866103,303.6951713843103,733.4857203647222,573.4483361760136,542.8738528009416,359.8877653900358,435.1320631454989,345.521251756264,337.0836824204068,322.460380407756,529.6364472560343,582.7896454175045,406.3405084947087,379.4965563574922,459.7524296467578,534.8031901564154,468.5551514763936,446.0098489843807,743.6128830131458,297.2046097819896,754.0214558970104,379.1689036669421,557.9530057079382,260.1634577900434,454.4073936722839,633.9170373434179,393.7231570372354,736.3971243099282,316.0585752654822
380,615.276111292147,804.9123008802281,809.3299621327867,852.733641044672,794.3143015654184,834.9169350087539,865.6504629271127,885.8852731119523,865.3786847367337,759.7428480332837,630.7309210334529,668.5812027352905,916.0151581875447,723.2538958004214,838.7987740881207,763.6162911137683,809.797710584457,916.6548567503297,925.521613484196,861.7465026696697,833.1267673216223,851.7951496455257,767.7036898835482,795.3726344920982,777.4898805042174,708.5208707082187,724.1473684298434,675.5379327258839,750.4924503832422,722.9736221516472,743.6473006033865,683.2500753617419,834.6139162058566,672.162694001693,727.7797485141241,895.0132836154911,690.4690584001341,724.6327853562829,799.3933144882558,817.442334524447,800.131636466868,915.729327615156,880.6082441969454,797.2607732203172,1141.643968438312,1029.70888003288,940.1232216271118,1101.802933003097,991.6666765201036,1026.901874966042,999.7068510123872,1062.733903894451,1151.645921345018,1089.322455999396,927.7258990113125,1102.999562698077,876.4467569122515,1070.496076178913,1042.53791112344,1032.748197083656,1012.413663326314,892.1579811963973,975.3448311879345,1015.21171678988,995.6257431989497,971.3720800155293,951.9488546282469,930.9662568252891,992.2106092905648,1117.640883711958,1067.329050488737,1037.024398784447,1161.594871472862,973.4019714227703,1035.268262787411,875.9820962772216,906.0062297471394,1115.933150645902,1119.187432168767,479.7433676063284,682.2585917057552,689.6175330983395,577.7908743098353,592.7788636023673,691.2166541833076,579.2811114502225,541.1599875353264,455.8543840474536,712.2569976854859,593.6466367745196,743.2426963181808,641.4706515106116,777.7279682972022,758.3752081782951,521.9942738544323,534.0570728947758,557.751241787594,474.4506140709948,744.1897196972374,656.3377176982679,668.6253798399882,676.5739272156176,755.0314927928463,667.3601908579323,555.1719490321306,663.6107516646172,524.6441325229687,622.7793658787859,681.8872327717925,646.851763475219,471.88922094283,633.3028274176623,770.7331295735439,779.3272727385366,611.5660559337917,612.4658028283737,699.9929629323824,517.1518829362583,648.0710716458659,505.6695346063782,581.9874426650688,625.3932248804382,747.7165882198818,547.8284694721949,426.9755188076207,696.1894106263939,626.817049830535,401.8367890182788,580.6929794310353,610.7297201060356,560.2323181667302,616.3929668326878,445.5812791818503,560.3987212751008,737.885946875661,489.5371328082404,614.4471382605632,602.0598759188898,663.9302757739407,465.3483779263208,579.3707646526755,533.2536517529812,643.6172773141727,600.16806092526,781.3724401189938,725.7886306412985,68.59423423606604,241.7386050847097,299.6155198637039,162.4359888278154,264.6513263346998,330.7169554023769,173.1053247358945,75.11970850661436,82.97500548323575,207.7722636361485,382.7513142414994,195.4264774507308,166.7190011881547,92.69932768257794,130.0728164498587,0.0,415.1175191694364,117.3637433845262,363.2582737343781,516.3356042422911,284.2197987334478,291.4968426593671,475.3608170536937,643.6502581863735,380.3113022043887,302.5217114122599,444.4178525011521,312.9920696960261,362.8546846361767,683.4615126114236,566.8977746320094,537.3356027727704,426.1356695698062,455.2233676976801,285.4506759465302,343.4417808885877,343.5929121682564,567.0325632397752,592.8032687950925,449.92790149532,426.1176184380589,498.2177389959152,566.5752864515564,456.2784039061746,445.7051017508341,700.0914275974378,375.4846381613812,704.9671916351256,384.3388051168682,576.9946117981195,305.1500325485295,479.8018802170765,632.365525713099,416.2606381708712,703.0438095987396,283.4453214785476
384,918.1135569055491,1071.03450541393,1044.96697084036,1164.654180159351,1147.572128436597,1166.109855620979,1210.767400081512,1142.197654777901,1168.724629226852,1130.418198789645,919.9927775143944,940.9030399721223,1213.205969713013,1101.162257154555,1183.677483174703,1129.396773506965,1031.4239671812,1170.484355837849,1209.934725488341,1215.030980003638,1089.130088694613,1141.608232917673,1120.942027551635,1075.473121810374,1163.188257745699,968.6930457945957,1062.736641542929,995.7287937223944,1037.68643499308,1093.302111656011,1130.315801969206,1054.278168689003,1187.89038035599,1034.7131560539,1109.975525749345,1211.340190446372,963.7748829677361,1086.709104628054,1160.269441906844,1186.291363874005,1047.609265196057,1187.844229145937,1115.599251655191,1088.617965907357,1439.901758580888,1371.439685131882,1242.601072949047,1413.95697566653,1313.705788771573,1328.08328010489,1313.267824555495,1402.071060416607,1441.85588082787,1407.144376771352,1242.229424369058,1440.132951707329,1238.260474230125,1382.495614983552,1370.08209497696,1344.323502069668,1361.300165978935,1246.410699486813,1252.996386554955,1342.096041105944,1330.177139472619,1328.203043825999,1289.8192507561,1259.993426267666,1269.958824642411,1439.264910487391,1399.284839208023,1372.267834277656,1446.93676683641,1285.88748540651,1351.259370846179,1243.156096954748,1230.418219771253,1444.155591120288,1424.803051921501,659.5856206245461,880.0171989208695,866.7813510138878,728.8514238526619,673.3844130577216,843.3808787004451,693.1717261154314,665.1398943503228,619.2357708954426,837.6655251731679,647.002564038214,893.5954134441768,701.8760598686474,963.5870888149692,992.4263972755349,626.8732312885776,710.2369808198789,818.4958209179778,700.5473104491583,940.0626346361308,922.7937422169929,716.7412883776416,745.817423237645,922.267951677497,806.9836066323251,690.6459194032835,829.8210610120553,677.0677051953712,767.8491283592195,798.6430337088749,805.0721116000809,572.5666098800652,889.3222076019738,908.5377625698484,1002.856299435293,863.3867305936437,844.2403539234218,908.5148954378503,744.5943228431606,655.6614105990961,699.6973982817437,805.2497849417208,808.2105678497433,873.7254665781686,784.5599408123962,595.5366930324013,937.2940115633704,667.3264848702437,590.6916296430811,611.771657688669,709.7355468852696,749.4131349284914,826.9894070770396,659.6274908545289,655.8518125444217,980.5749108835028,611.7854444661311,633.2330515924372,766.9303683229112,850.6629672265074,668.1033908956247,824.1570286863367,739.5364792856802,882.8849742678742,730.5246226163943,936.0403425419182,838.8738848560522,482.5760512729231,566.3133755929377,158.2858284034871,433.948550072711,559.5833925529859,148.7737358966919,309.5952822675785,372.3770455066459,414.6619042602987,308.6149948073099,240.305189177284,538.7999944103027,354.3841434378434,330.6068782452588,358.8190010099966,415.1175191694364,0.0,298.0680959330306,63.17179185788068,799.4081082974075,684.1155939372941,658.697677099899,813.8516426886949,1043.304485752386,672.9804527947828,652.0926670303984,756.2984429808566,711.0671040841833,635.1292631365897,1088.038854035932,930.5180778541751,899.9445624372485,678.1421330413106,785.1934579327508,692.5683626342383,694.0537400165508,675.7163501823594,865.3342656516164,934.3252916605679,742.9076898060349,715.3062378699456,797.5588609803249,874.703862193912,827.0562271106485,802.8429834094497,1100.228136034959,608.3550603075181,1108.987579272702,735.6838978228634,905.4345155876324,605.9745297667926,801.1311869191961,989.2110917390614,743.9315608853083,1094.84149126479,672.4575861765344
386,694.3802496546163,874.2181549985157,868.5844438326067,937.7969360937362,892.7321291943645,926.2417183338196,961.781432866235,952.9719176308101,947.7137562988161,863.7988142601356,705.2816330169721,737.8770534592978,996.7678694858231,829.56684244486,934.6937437370299,866.0553713869305,864.4445106092525,983.2878664119229,1002.189316481799,960.5413380738248,899.4509470191716,929.5231676114224,865.9536435314196,869.2273942837862,886.5590730639674,774.343413458273,817.0964296297248,761.6233058864184,826.1647999072002,826.7367745358049,852.9324770785823,787.0424321452552,933.2644609205731,772.9699216190199,835.5389749456713,981.8677593177824,760.4888811102159,825.6094199791042,900.3782432654197,921.145856464846,863.16604929328,988.2970748613695,940.6800746985195,874.9132740709628,1224.287032591717,1125.558322068998,1022.794510543472,1188.612404064565,1081.01717858348,1109.775577978873,1086.377897799124,1157.964525720942,1231.816499640137,1177.860729564017,1014.222140599568,1197.700722731942,978.0984476052854,1157.086354796107,1133.927628356967,1118.984730076404,1110.46907968715,991.4177422463046,1050.264844177194,1106.249349066467,1089.020401809782,1071.800346832944,1046.187886262924,1022.216497876239,1067.305562501061,1207.519455825041,1160.240357809513,1130.840817553572,1240.296275853916,1059.556846684882,1122.931267267024,979.3728775819084,995.5899492107485,1207.882845474852,1204.024791160626,510.0414254389386,726.3354756383055,726.9989770004601,602.6424464221049,594.9533204210501,720.3852637438691,591.7084361237795,555.1139413385263,478.7565561709173,733.3533300215666,587.1756371013784,773.2364928165214,639.4064870720579,820.0586492917117,816.2538983095561,528.4354537825848,565.7133354913298,620.4800964815005,521.5199470281646,789.0968735328785,723.3636152890597,663.8464588380147,678.6608076800496,790.7917827990702,691.6820466383057,573.7200341535747,696.6041592245818,547.5362014694599,647.368238249383,699.2498335406405,676.6566648680453,473.6306436178859,696.2061423329491,797.3777620739797,834.0779820744334,672.4909335303397,666.3753479670704,748.1224753540797,566.4752267411502,630.1081731836546,542.3961378249827,632.0284428178089,662.7901563849736,770.0038670714611,601.5906088160224,449.8400419866938,755.2708919074436,617.9182328181131,430.5814656372356,566.576906971725,619.6705570436593,597.5377713197997,663.0459975013953,486.7075009664974,565.8066974384682,798.2971751200739,499.9460377830733,598.2958941889929,632.5549202005327,703.805968323422,503.2905561409351,636.9659844881734,575.5592510498345,700.9207691504182,618.9776003117881,813.6748804683515,743.3415071090141,184.5124056304925,317.4134739212329,187.9799095024404,198.9717372305864,327.7921043554411,219.8596310833276,124.1010368763842,95.79615121969644,140.7554020019804,158.6999082330916,288.861265005218,277.4258967007245,150.2943653118075,51.51130106324576,123.2682455570281,117.3637433845262,298.0680959330306,0.0,247.9639002406218,586.1321260342436,396.1185570181286,389.2116265206648,565.181621672635,756.9069586455436,449.2201425546631,392.7088275617968,523.2341698358559,424.3579260416817,422.4974306607027,798.3253721911401,667.2687937868238,637.0599759033947,480.8622426019098,541.3569995049535,400.3076450860167,435.2780868082502,427.5711477988355,643.6165159929062,685.4632933387193,521.5418516536091,495.4375674217564,573.6359371559356,646.72990405292,558.2126088670218,542.2339376962171,813.6080315216068,419.7580286658653,819.6891356553607,477.4495300646273,664.7143418162642,373.7578095281772,563.1392560037483,730.8821164736207,500.5642539286063,813.8892195272248,390.6568572243459
390,854.955473026752,1008.647057658063,983.5720762176542,1101.515894285642,1084.826642518633,1102.970850904678,1147.788715985241,1080.241294946477,1105.668513899206,1068.402061131662,856.9418180000725,878.151763724029,1150.263282416628,1039.632061504394,1120.708035423351,1067.135060864251,970.5876858764913,1108.666879642656,1147.24694283282,1152.238134135386,1027.086371540852,1078.744600159557,1058.217653610875,1012.740958229454,1102.194156014647,906.2843723715638,999.7258249917072,932.568232722637,974.7753412282511,1031.312808616678,1069.455403050526,992.3812139891793,1125.115592539743,972.4208849452425,1048.754748630981,1148.185933701762,901.0386776288076,1024.332137964286,1097.769087423257,1124.118661043091,985.7721265838912,1125.454221541121,1054.41264376241,1025.682629424726,1377.069582153724,1308.351362144361,1179.59250029017,1350.886008920249,1250.540719984934,1265.138008612078,1250.154757823943,1338.950038328648,1379.210376488775,1344.015625371543,1179.091905328637,1376.987966785594,1175.73089131449,1319.417409716556,1306.910305881171,1281.238857132949,1298.329679437507,1183.625027991203,1190.525457826424,1278.924251875388,1267.030269558228,1265.444986868214,1226.707826337813,1196.828466835535,1207.503087064471,1376.11506149392,1336.118508641583,1309.119394628801,1384.424227189079,1222.776970152881,1288.134264611727,1180.849802119534,1167.246514765745,1380.984201099356,1361.827664344504,598.560379140725,819.6789892827886,807.4303629367478,669.8959529374105,618.5500813609602,785.3392697626167,636.1513209032835,607.0944877244474,558.5171084685044,781.37295268266,594.0183580287702,836.0340615911666,649.179813941091,904.286285576981,930.9463575887983,569.526134276477,649.809226412467,755.7483127867648,638.2177112722771,880.1129440547826,860.1383442440159,665.3925262027827,692.9731521725461,863.8277735040267,749.4480096909581,632.2035247753752,770.8384092606684,617.5118261817627,709.6167284273645,742.6102641829151,746.3666282517938,514.5750170824184,826.848435629913,851.9319248522278,941.8429944680298,800.9568076381497,782.3496098423021,847.8087941519717,682.4309061456838,607.3083725552017,638.4211278737173,743.4912863776516,748.1887380656119,817.6952223367231,722.2926774248389,534.3401263696346,875.3944128453822,615.8814152896265,528.7246884576771,560.1473970649369,653.9972951428725,688.6920203377916,765.8118210728526,597.4109551923617,599.6149389430351,918.7410566970485,553.1043388623967,583.2655779641533,707.5429325314354,790.7085833925893,606.2880850938254,761.8020254175734,678.0526759115074,820.8808036872192,672.8475879519183,878.4767813334216,783.5004784730509,431.5428292972398,504.1775734688539,146.0288933124445,371.9713652350534,496.7547990198682,149.8286767574238,247.6679499425845,315.3141103953522,356.2979725981763,245.5809912361376,256.326961249844,477.6965141640805,292.1329530458704,275.4312254468584,298.1682358555875,363.2582737343781,63.17179185788068,247.9639002406218,0.0,736.3082847925854,626.1543053523683,597.782956704,751.1185702003914,984.1767376389184,609.8342072493357,590.3004222160732,693.2072742231636,652.6914111157834,571.9593353674869,1029.747847144551,868.4417696014667,837.8813562243555,615.1969776081627,722.3229099830253,635.9086253519745,632.0917926713992,613.1913718654566,802.1779208005073,871.4830878250161,679.735898551606,652.1344464925855,734.3870697383303,811.5329475467944,765.6210921108523,740.7689334336269,1041.085468377991,545.4674889989253,1050.548241476882,673.5830350455311,842.3882069668674,543.0461877501118,738.095151089959,926.7512244397174,681.0967873648915,1034.565079737225,613.2004673200136
399,120.7202583318976,289.0560232613933,297.5564616180603,365.4988002625021,379.6693836716883,374.1340882000894,428.3566848429708,369.5792314221808,369.5306518594961,397.061624770419,121.1681673262994,152.473488803973,415.3991363627919,391.6003626906037,402.5198693265293,385.5582237568173,304.6760302628533,400.3278570906138,417.0138195940906,441.7329045808355,316.8056859754112,345.525269234096,355.737837895471,283.2746821622558,464.6645759420908,192.5615448224091,283.7348054106313,204.420311663372,241.3479503915056,365.6293394281037,441.3944265182103,336.6846379230041,416.5506920787727,301.1823140504891,411.0951302734438,412.5418457568051,174.7407091852925,341.9527195223736,403.2196269394399,441.2565043811009,285.0687142032434,402.1908575222649,367.064605022493,291.3817647649992,643.2443410548157,580.7215411640956,443.8461202314533,614.6298336881971,515.306355804608,530.0270559112588,513.8738562620392,609.2825431667009,648.1835782558134,607.8231080471112,443.0306022197711,645.6196968782384,475.4658330455707,583.1386187622463,572.6420919418082,544.9447304533016,576.4035052998414,472.3308968465542,464.3012198657617,544.7159873939131,536.0680029933907,552.9217205177614,498.4988553425454,464.4927125590568,481.3632525446639,640.2143848406013,603.0482086086594,577.8088459758097,655.5662368530086,486.4879181864363,551.9176299624371,489.0247789810171,433.5493851261875,646.3346675671304,626.2788611753044,202.7472269868664,219.0009300527823,250.0585933220796,242.4410995267321,350.2082860845728,284.5423998534513,299.4391166162043,280.8905425358417,236.8426193449205,332.8050357797459,388.3565554175576,319.3763782821229,391.6802624959579,304.875611704603,249.7500842266728,309.3103284587209,198.7322219958397,56.25758450358594,128.5788615144368,267.6527461275734,140.1781565648618,418.3822808075853,392.730293006974,307.326328093741,289.6524024886436,264.0009946043127,249.9306521040201,237.5637543230604,263.3140159489001,328.9290625529242,253.2670848043008,321.7717154054607,121.7293125253214,353.7222010023821,275.2528587674884,105.9073033079075,129.4076067730266,219.6084087437603,110.9436606768578,464.8589954714987,172.2938596580229,126.2220836775705,207.2008572869982,353.2682300374826,93.32666433937098,242.6683553854049,188.1091800928912,414.2614430546986,229.4665096609903,415.8305104899284,327.9665206067888,178.0777824415725,161.4259003809425,164.5255766871998,324.0343934774675,226.2429467681592,287.7996090690368,439.7612958647242,226.36586294258,221.5584946716468,171.6880430137385,91.54263850778237,147.4439823683379,143.7462176920027,278.9454904301875,341.3447759990202,357.0661997984985,501.0489331227038,274.7009400888423,759.6684132534151,388.7847782444553,258.3627181621004,790.7609108254359,502.1856305275633,491.7698444081326,449.8639394280485,493.5350011374279,874.1374403000806,321.0315697209965,457.6166002872071,534.627130728626,469.346798569575,516.3356042422911,799.4081082974075,586.1321260342436,736.3082847925854,0.0,339.4650476164186,258.7278276996099,128.677947444138,432.4307056890109,137.2197106574174,229.5257552344469,84.81461618638946,326.3531817541871,166.5477187187262,490.6911457307326,234.0588976630206,216.2114293275727,123.9442460104612,111.0896517537691,371.1087231265113,202.243246865126,181.9638068399333,68.99272128578319,183.5307375081571,66.52745119556633,90.89479101699537,36.43068604317042,86.43121358777157,221.4947182671689,179.5232439966851,474.1918725021986,193.4948615647024,502.1135041706353,181.2244113576873,139.3433298381681,213.1428712494671,86.79255243982583,254.3299484146009,124.2936826576128,432.9178699323136,306.1523630912897
404,398.19213248813,599.6707916576961,628.9951395146268,608.1380177735715,523.8129894699899,577.3783662007406,598.2402165160826,681.9622983844954,626.4874285361547,480.7058462273624,424.6708501108993,473.169391325494,679.1346841341,441.699994683915,572.2172124198775,486.8434339434124,641.0622379352576,712.4600723540689,697.5450438614222,589.7600541866342,633.7058669096809,623.9754325316397,497.9105005284736,579.4031219279976,493.6561394963309,518.8094947143611,466.0573031622496,435.6690627992685,532.4781235342944,444.6289635551947,459.7482964710723,405.2442374318691,563.1787148026687,399.3221115276706,444.8533578645531,645.426151437655,491.2179812165461,450.6559928131886,524.5125927957681,538.4939515591451,610.8715654935019,697.5506636145805,694.0221784737103,571.9377026526655,896.0531503391192,760.9679848993012,698.3890124381039,848.5956862543653,735.1477511464701,782.8171322668653,748.3575619068885,794.7332690668546,910.8957711854893,832.9796858673634,678.1490018696447,835.5422314323072,599.91216749036,818.1598604615295,781.4674631307826,781.7035991141302,740.2681924874222,619.1132221108868,749.7877281233626,755.1376311661335,731.4767516444164,695.9592723724458,686.8125320163541,671.7324328465639,765.7732651120934,858.4699286079782,803.2523598600235,771.6730897564496,923.6947278900392,723.5897872756924,781.3648345651949,597.1074947190791,650.5286243692483,853.0640635943143,869.5768171224569,422.0467481787567,552.4193209759505,576.310048029929,512.9841893712216,581.1958848685864,598.7622525085068,545.2014071619176,510.4819707908919,423.3919648019608,637.6761437340613,602.3383201401706,642.9013224104459,632.6173332853876,642.7922713294197,585.2331624855195,513.3923941130085,460.1868138169103,394.3225215191315,373.1836911976366,605.7004053383406,468.2117409137844,662.5943181644869,653.0780053954325,638.8947963133425,590.1979049004943,510.4013292888067,564.8387111366037,475.2070629304274,551.2452085455931,620.2900092318506,558.5225310929943,485.7215778223323,458.8954339697155,676.0935653700838,612.5674128884061,445.2995476807246,465.3263721302607,557.5791262184583,399.3721178751676,675.6099049503215,424.7454739703923,450.0296327744749,520.4872406119364,666.2831843177364,411.5085439179536,403.2695339909752,525.3533602584986,636.1796010856477,372.0400189850764,609.1254043331454,579.9459005622062,466.3653433987259,488.3024001047077,368.8577921093188,546.7111556797155,559.8536570876772,478.7541155152317,642.4098521244198,518.6846527265924,547.2910319280942,391.450644642853,426.9717255258914,431.3210705115977,483.2093991246284,546.7530478740233,671.5129562544247,658.5085622335744,231.9439211708044,179.9227487525203,582.8327853247648,274.9760009780325,218.6992495113634,614.2737051627804,387.0384393485334,311.8330804536944,269.8607792491908,404.8885096217384,664.2836161978053,171.0544885595629,349.3593298167751,355.0550916283719,331.8393199475217,284.2197987334478,684.1155939372941,396.1185570181286,626.1543053523683,339.4650476164186,0.0,93.99019186435497,243.0894574430883,360.8667807122383,244.9084060238609,131.2548258957989,254.6847036161207,29.00373152872731,264.4864058756238,403.9547625530736,297.6262832482764,270.7778257862021,317.3411275806908,238.5808087634529,33.52689978340679,139.9377661676726,172.0388079552949,362.301943854241,341.0146026487456,282.2136476917055,272.6460065461438,307.6339585553589,351.5921825405821,188.6792952528534,195.8404897205242,417.6461716018342,315.5288163157026,424.9918009747814,159.7151458023692,339.5445385742819,211.6215106861158,267.6677831174738,365.0085509502559,215.2165377726841,418.8252737767595,37.72542207510695
405,335.5706484739577,534.1624707826344,554.6049387646824,564.1737912312176,504.1279478071723,543.6385188270125,574.539948801029,616.6355106051815,578.7599188416486,475.4304354970641,357.1700873990026,402.047085311218,630.3970071799805,443.3620099884358,547.6086816900028,477.0076965013126,563.3266260811694,647.4784423620732,643.731364434679,571.8283884994423,566.1464882842058,569.6202863746548,477.4030117745966,518.5558102010353,504.4914882178918,446.2499487511378,432.6979127603443,387.3401472216525,472.1693938828202,438.2795270528948,471.6772111196564,398.7025765332642,544.5913673705325,383.7582981835703,451.4143579686082,605.2542871856928,421.9036304276304,436.3977975661538,511.170110968595,532.4906539047977,539.2877398663711,638.7012536055244,622.3062074091599,515.8201359151001,853.6619554353629,738.596937424864,652.8365859659953,811.6476416739486,700.7285117164301,739.1186600650467,709.7902166427499,771.4835708963144,865.3807328037216,798.5349211828942,638.0629602905826,811.6600801233787,588.8938058096559,780.4862452478177,751.1377659286162,742.9736410413528,722.1561595972732,602.5578791186266,694.9607646490496,723.8723418941146,704.1350569639752,682.6835893135028,660.5087127831556,639.6348783999712,711.4904714732774,826.4691086499168,775.8323144031581,745.5621012647136,876.4609780858233,683.7997283601114,744.8591162686479,590.5214621625148,615.0972371277592,824.4631833825061,829.9554556564068,328.1211971097369,464.9999468075421,486.6734247556114,419.1549887223682,487.9736975721322,507.0092821274297,451.3523305712259,416.8642600824155,330.4408761338468,544.8031856733874,510.1819862509939,552.2647131711262,539.2558728504026,557.2533002724741,508.1418171834011,420.8930544609838,366.4049660861502,311.2455048213937,279.9682522515697,520.4596828563906,394.2873979893486,569.2262120470532,559.2046655254968,550.2263726543624,497.2398461250813,416.4522456638323,473.4180436274874,381.2655678480622,457.7958839820413,526.7092383264095,466.1309964496605,395.6285710288445,380.2871443556984,585.0777936681626,533.9786031369248,364.0928866033551,379.9011012457762,472.5524080712055,308.002868716999,584.3041993482763,331.0076239190936,361.5053670952797,429.2815987764658,574.029500407273,323.0108552506915,311.3053148557968,446.7912072867035,543.8005728773296,280.2819904775773,518.5706853714663,486.0776901424051,373.6299496641176,399.751009385403,274.8676002449637,453.6084206754972,483.9307718878563,386.5243893767197,551.4462583328697,425.6689544654024,457.7988802134826,297.4652598428627,341.9589866497544,338.8436472855805,401.1598441899214,452.7975423322357,582.244893851172,565.3152508943566,257.655710107188,105.6650188439127,576.5759559792996,228.2861368797715,137.3025509215867,608.5732442449154,350.8526551877636,295.8118440021689,250.3755250971006,361.0365578584295,672.493243481702,120.1802169858804,308.1221647718326,341.6610146238651,299.8812845353214,291.4968426593671,658.697677099899,389.2116265206648,597.782956704,258.7278276996099,93.99019186435497,0.0,186.536948892624,392.3533007355718,151.923236413753,37.26463403144395,175.1081919573975,97.08712286169965,170.6124737929916,442.974301229239,278.05716956578,247.8757006138403,223.8656461734867,171.4497186016059,127.3701198434107,58.01153743085111,80.83698930199324,292.8898514580887,301.5403870914756,196.6826157294474,183.3699138837534,230.6292288572627,286.942768480298,169.7210447230722,154.2954456421502,448.6461666138831,222.7334199386359,462.414402330061,94.44564889020641,288.484258565801,120.5105725735366,199.0941419880722,342.0975487694629,138.4156710247423,437.463875687558,56.26476978924821
408,155.1337413961516,356.6464671778393,390.276565853962,377.8833367085174,333.7205738778325,361.1172134151965,398.6085963294684,438.8852402978933,392.2306467204393,324.1454093715197,182.986663757602,233.3425224177112,443.9497281993832,305.0244694940512,371.4385791392307,319.4156401156496,406.1008643964784,469.3708010904106,458.3612656707504,401.2317705350428,390.996352013838,384.3123519035851,307.0991338953437,336.7081017062166,375.7674393121669,279.5861053806414,252.2052645227988,200.8595012940984,289.8349538539225,288.17853250066,347.5653326231921,252.0319450649122,374.0603093665106,225.299416445781,320.240183829463,419.6664205937446,249.8709142671875,275.533853590829,347.5275051078409,377.049816037634,370.0420428814525,455.6786608971416,452.862077304376,331.1077916332783,667.2888586717345,561.5162514002993,466.3199595861001,626.4440578670948,516.7859436491966,552.6824260761501,524.3507123131188,593.4688383550434,678.8443367064827,614.219829070928,452.4001264252012,632.9053481647557,425.1913640162995,595.136550067473,568.8851390591019,557.4133374301583,548.6950568881995,432.5938158908626,510.0287053984337,541.2856185996391,523.9256112024669,514.3537092701013,481.389528527734,457.1549805021195,526.3759110668448,643.0744131903455,595.0657417751404,565.8145118938453,689.9941209505702,498.0975448041655,559.9627942443191,432.0148951176246,431.1624407252457,642.7594330405317,644.0416963542344,305.1476801101372,344.3647562519968,377.6668121230545,364.0710109754576,464.855430332272,413.2104354649523,416.4555105641334,392.439607585464,330.0416659609323,461.3359630189589,499.4813123174943,447.0635267667732,509.9682363789157,424.4853065429078,350.1825500166396,414.2395697575479,315.8399564834477,182.5923433119253,231.8239394734204,387.5705927166276,231.385250074943,537.9698297735787,515.404462803748,432.5874565944211,417.6741965313565,379.8277154034008,378.6084772499409,349.3162095565128,389.2508697488831,456.1863194097752,381.4980312623493,413.8951114770725,229.9384405723857,481.4369893995367,379.2818651486272,223.1411569293656,254.9425452773217,340.5336028499427,230.8379779549735,577.1124291409184,284.3825985294488,254.8999914652568,335.7668453788222,481.8930520625037,221.0874688161555,326.1627322404314,293.8956502792396,528.2585988634463,303.4554656208907,521.8995441308772,447.4502330794452,301.9370101592494,289.6967516331551,255.1598228340978,435.4008013610712,323.6655846892357,387.0092514346175,549.2096541394347,352.4401723343865,349.5027951066842,270.4940281177509,218.5173647467155,268.5497058422242,261.0131495940881,400.9797995487515,466.9394529105205,485.4714292393471,444.1925607949357,250.6100937856278,749.4113342719471,381.9699796601687,254.4699970420555,781.3386773722731,505.284778907021,469.6124475935943,424.4262217092368,505.9690998334181,852.4918905176239,287.7571322331082,460.0131874234631,515.2422824142333,461.6511937077477,475.3608170536937,813.8516426886949,565.181621672635,751.1185702003914,128.677947444138,243.0894574430883,186.536948892624,0.0,315.114451904088,154.5793443584942,173.3584975500716,76.75643133438993,223.0776577074199,198.5358883414219,373.3927476057569,130.282821222956,103.6738775158771,197.5610652414798,32.6334361127024,270.5282632894373,131.9242969740357,139.1908151326223,123.7522779630489,121.1384526417825,112.9797132982243,130.9763194286556,92.53547732890532,109.4644500663739,93.11383591838207,54.31982923701038,362.1507211390134,250.0181422644513,387.0945098346408,92.09338251637745,101.9981283884674,208.948377037243,42.48533541404674,177.7024146065064,70.80843718007037,328.8867868855328,217.2978240111188
410,379.1364818950063,523.6974764069879,594.309258213083,432.5093663438572,276.7719812915345,368.3181668352943,347.2257799576867,588.1751982541327,462.5086543742421,196.1624987508664,414.919407979218,462.0700438455135,509.0621021275956,147.3258959478309,330.190907046184,216.1974290645411,624.0736272190991,611.6927130023473,546.3262825841296,320.607147410363,560.7114630239372,489.5024418962629,262.2966327196922,485.6355028242767,157.1913314368928,500.6293711450912,292.9600910615757,337.5873721101306,449.3460113519654,177.9590225380989,126.6672410475696,160.8158164421207,301.909138754121,193.4336887273888,132.4472832354013,446.5133168950173,464.8595505204518,210.7168835778622,254.746938961242,241.1652134017655,564.1874839088251,569.3739042719598,632.1503109478952,458.136457391391,673.4762927501339,482.7239289211737,511.7073771579294,610.3089263065256,500.0706574686993,576.7427910584179,526.8662226875718,516.1343597836221,698.991615117853,587.3347292490824,472.9377841529672,555.6031880308591,306.842282171598,585.3871894565202,526.7695573792843,556.7460784660198,451.2495133070417,340.2315165011876,594.8824370199067,506.4822045259709,472.2613237813623,397.3949006861063,429.8325558351764,437.3981530419001,606.1870758068359,602.3376179390251,536.9069635484655,504.1051726918727,717.4665222505142,510.1225745240473,548.2734241747054,291.4247354396073,432.2486255683933,586.3265680241791,639.0411660430339,620.2562656521493,621.6390461621648,661.5069496617162,674.6541320431153,779.0937448396512,705.0995171874758,729.7817866128516,707.1573268882114,644.1053705129632,756.7136024412904,814.431961774439,728.5396026497563,822.9220541771595,679.9573451848792,575.7079706030073,729.317630206361,628.7387099659146,476.7013441577856,546.7552268624054,646.967082685072,473.2678696008772,850.2328069654989,825.158688502067,704.1421390185486,717.2504807519226,693.4766891495673,672.170735483329,663.8713544749522,694.8346856147422,758.2599946136855,680.5049190340927,726.8114337070142,492.6198377134493,761.8982662115841,606.4399673453261,498.6253775101028,539.8758535309205,606.7192814465045,541.8283677537389,891.9995974615626,598.5500157242118,552.4011385695947,633.156458607577,770.8663376309134,524.6066296471975,638.000214020862,539.1921758391712,842.7697480698525,612.9016383223478,836.9395372221124,759.6409912984535,610.5081765370628,581.2836228208292,569.7205654542223,750.2344500816959,549.3744843733357,701.6229302992526,864.3100852612887,657.9717021777365,636.381886753212,585.5660260602368,510.1626267169486,579.1715956118145,530.1295351669628,711.2903323699712,738.0039576232904,781.7500836332998,586.1406091159913,496.0875658147326,943.0856407879188,619.7950663108136,519.9421497804794,974.3323922369211,740.1205749801261,671.8476738508639,628.7042660694245,752.7340360637846,1018.484768493855,510.8935580012179,698.883820670718,715.6587010820818,686.753007492761,643.6502581863735,1043.304485752386,756.9069586455436,984.1767376389184,432.4307056890109,360.8667807122383,392.3533007355718,315.114451904088,0.0,457.0427202524175,410.1587221761783,390.784903814347,332.9792496987963,499.4151660767425,58.39904002995431,200.3205668163958,216.3315632051064,511.1696194051065,345.5201104115197,358.6608421684101,375.2822961985784,408.276806345336,391.4153466643702,268.6315791800735,428.0200483391599,443.9652032294145,400.1852480485037,366.8167368387927,244.3669133499298,285.8944042081389,56.92371550888115,555.7813365258985,72.94789574465455,342.5058658663814,310.3973321890276,485.2492096377902,355.1550130518214,212.5939626657921,370.9936968746411,76.98893686193016,370.9764553540768
411,247.9086673826148,426.1959600480878,429.5802616181249,494.4000356025257,480.5250410967158,493.143798955511,539.5970831683753,506.3307168283764,501.5313109007562,477.8695421265004,256.2273468824607,289.5989735914801,549.2323965224276,459.589425186663,512.6956257475096,471.9144907401898,432.1301546724135,536.9889177932262,553.1156465498524,546.781977555561,453.2721485387219,480.8079765680554,454.4858361720582,420.0138254236016,530.072568489074,328.3883797581524,391.3764206968497,322.8287159010778,377.1092376506217,442.2844322104112,501.3315391312353,406.5501202732985,520.0805539335687,378.7173217328652,474.5207319197319,540.2380818956461,311.9494957808686,427.6674057908072,497.6734380222133,529.5565278612196,419.8207840333127,539.3118381973973,500.5282761528168,426.303767233985,777.1968793180778,698.8106892512031,576.454943531127,745.279830473739,641.8933251982974,663.2056905872016,643.5553819788225,729.1848883841151,783.4481605495969,736.7122153703513,571.796754706706,767.153763793738,574.3810151030021,713.6939027025642,697.5929857311439,675.4372369056281,690.0305403394842,578.1440614487782,601.0461681999643,669.616826280157,657.1967683146439,660.0621735930426,617.0082198000904,587.129345814328,618.0856580442899,768.0340177102702,726.4345147801429,699.2875517498055,791.4461941887685,616.3352364871708,681.0514726246969,583.1796297081074,557.9157834211723,771.7589348397424,758.6569189118636,183.382044537542,318.733951510017,337.1287189599381,268.9779817091558,347.4529671393378,355.3758361336706,306.2612460310999,274.3888347752514,195.2352509317602,392.9182604567694,375.0430925876933,401.4590440789827,397.3741057443974,413.0872799790858,379.3320264333306,285.6893245407483,216.0862693938092,177.9842476234307,128.2805747734376,377.1040397403257,276.3988317930863,427.0807870224114,413.2131865906766,401.6475740607712,345.381943804332,270.1713696419878,322.0455677010771,235.4591602894572,306.4024162730501,375.551775571771,314.2373978174838,272.9782286665189,253.1492870794561,433.9010244339147,401.8435658170039,232.1289755848653,238.5204803899364,330.1363243387769,157.1333053943703,451.8385004650886,180.5684316892788,214.6310960290735,278.1669098330037,422.1536970174229,176.9018875011704,183.7027468303826,316.9753936831175,407.1459967043652,156.5914042791138,390.2139628026497,340.5175903133496,221.7080331940119,252.3401886971325,128.6749443764295,314.2767285085725,358.0157378698103,253.7738250571029,420.8452307583211,273.8314362649404,308.5679652815061,150.1829795284565,202.6298000371297,186.9592557787234,265.9206343778529,303.6460523477259,432.8246139904701,413.6063742036577,369.4258350010017,138.6976694681522,624.7775073583545,252.8862948734895,121.4897982560471,656.1291897176042,369.797095057029,354.6239127663238,312.6542953358956,364.6538635179776,737.5720418308453,185.8312773267327,324.6483570894584,397.7402526279403,333.8590657444491,380.3113022043887,672.9804527947828,449.2201425546631,609.8342072493357,137.2197106574174,244.9084060238609,151.923236413753,154.5793443584942,457.0427202524175,0.0,115.508175535068,84.68725021525675,241.9629163309845,43.99750756897057,514.0561697730727,284.4190975861044,256.4415577506373,72.82754196854533,122.1759966462361,278.4347788742952,110.9836621374444,73.60750412514773,195.8468645441736,267.4127224122671,72.51506082179576,46.32569106194254,126.1564285539869,202.4249586512048,213.526434374937,171.1784628874963,508.0772531323947,98.73893623425971,529.9789829847434,122.0805143319267,233.9338020551305,75.93938017390586,130.8173476929458,330.5580885558709,87.19987406124505,479.92745070244,207.4776287175337
417,315.084394371679,510.6523621760453,526.8432137756598,550.2166446083829,501.0024199803575,534.2539573943219,569.1699235354515,592.8639591835961,563.0603134116839,478.4520704121773,333.9683605077154,376.6302098338276,613.9826372162263,449.4846709109319,542.0600113947206,478.1837771260801,533.951371928245,623.7572205148931,625.0216581672723,568.865243388076,541.5416943985346,551.0231661648662,474.200197824821,497.2894151373171,513.4987967184658,419.8376586787711,424.528672896403,373.0265692183086,451.4501571731581,441.3046401314635,481.422110971532,402.1982419623158,541.5676998648705,383.8275465058967,459.3360175638356,592.6984547472316,397.2357974662404,436.2477007210896,510.5848397564556,534.6746443028965,512.907500661758,617.7716890640197,595.5847008115999,496.7417011211091,839.1650761899876,732.8676145861012,637.7062210486865,799.5742266648765,690.1444277491648,724.4317852291817,697.4089106569071,765.2566870600566,849.5274937317681,787.5566215504298,625.3660629252437,805.0224003092276,588.6254177479038,768.2123033316183,742.0569981885944,730.3900647396475,718.2468228369531,599.9449751357133,675.6054453387139,714.5133080019425,696.5027422768422,680.9353835798244,653.525285837746,630.3336598070712,692.3164649957754,816.4187555925529,767.8654622521083,738.258663406821,859.8484421373348,671.0099937598184,733.2097866620654,592.0233376435929,604.5188444659909,815.8325944932461,816.6980973665904,290.8937384025296,431.10497930985,451.6240324126682,381.976059520137,451.1015954020551,470.8754073871585,414.1613273500699,379.7981548676792,293.7711168872901,508.0949407950141,473.8434032058569,516.6605794205307,502.3052557264878,524.138964323274,479.2459788887676,384.4194180368906,329.2557835643561,280.2212729596381,243.1758138887348,487.5529022024875,367.5212485877201,532.2686535043135,521.9979674465224,515.5923609208867,460.5001572527077,379.2095402365585,437.4730771126904,344.0275941115246,420.8122497903713,489.6502321191597,429.6917840928697,360.4595876256457,351.2169089863517,549.2689531565909,504.277541350541,333.7569572785627,347.257656443645,439.8504411543736,272.2712743740682,548.3542580500193,293.8876111962048,327.2517019475258,393.4832755342164,537.6193822569546,288.8849050884533,275.2227383103164,417.4093045475135,507.3381290753647,244.3720955290737,483.0306752405037,448.8755184547815,337.0550291359773,365.3944636980642,237.6029662135201,416.8057078257983,455.6939648036952,350.2165756948997,515.681310772253,388.9201832488586,422.8571422399115,260.2034921272942,309.6917823409054,302.4367879572214,370.2020742723129,415.5509946485366,547.2889553566816,528.4444669348051,276.1638743609878,87.45243855948327,578.3092067038219,218.3754538483138,110.6982100520582,610.30643884144,342.6337112012539,297.5441791743905,252.1061753906809,349.1669220739126,679.3170676497685,116.0155799493016,298.4586059310121,343.3931934270227,294.6391967681937,302.5217114122599,652.0926670303984,392.7088275617968,590.3004222160732,229.5257552344469,131.2548258957989,37.26463403144395,173.3584975500716,410.1587221761783,115.508175535068,0.0,148.302328676101,133.1189066251704,133.4392359516833,462.83224283709,278.8141601854473,248.2370836277391,186.9479357780145,152.879472776167,164.6229113999042,42.74014650956259,47.77011501273274,269.5232625027924,292.8448912377323,165.3332349421102,149.5811742181818,204.0752710007474,266.192436482651,176.0719948730305,151.4267468047637,465.6342259158194,186.2742613201657,481.5373048859262,85.05159331006791,274.5865130017049,86.11773325513033,178.4334706612979,339.8443525584412,115.2464427785449,450.096157530924,93.52940382069211
419,171.5271896953156,362.7820360908026,379.5325432307719,415.1596561122349,395.8487473637089,410.1213668949539,455.2402811257252,444.8208809785951,424.4796593498627,395.0603441940436,186.7404717154596,228.3299272627685,473.7670307815669,379.191491373443,428.2851466288523,388.2834918358638,388.5193125094066,475.7159908081083,481.3222391476264,462.1046290356839,393.2953933259226,407.8270005754927,369.8399585256633,351.1113229989247,450.7367455460326,271.6994511877394,307.006121481661,240.8447711618232,306.074608915943,360.0007132409315,423.2523822564112,325.3308826766211,435.3938912523201,295.8597574439007,395.3317995721204,460.0948289243277,249.0418282600095,343.9476491616206,413.2987926769375,445.8550906265712,364.7902193519935,471.5796468175517,447.6252631115602,353.2041556653091,701.0768693552013,615.1441042498369,499.5603460270024,666.2499981368037,560.8619986725762,586.5418191386806,564.1565218490218,645.8412996539012,709.1612904279348,656.600300840559,492.1025943747421,684.1464791903728,489.8236763087293,634.6739671272425,615.7626771375199,596.4765490549681,605.7417723268818,493.4712623756966,530.9362168291444,587.8283148711442,574.2603442541953,575.3959103063977,533.5505876652121,504.781432302876,547.8155727505934,687.2950556715216,644.0152263082786,616.3667321160656,718.3014631052589,537.1312460161093,601.2134760265137,498.9610675055671,476.244610110597,689.9704951495747,680.9585698061156,230.0240073792154,300.5724782420198,328.4002896444073,295.6207973594985,391.7700861143932,357.8541267361076,344.7038986612806,318.754552161563,253.555596981772,402.7933368705978,425.0824770687512,396.9951067981348,438.2517248697387,388.8046573830441,333.1613351524543,338.7997238186697,245.3339843525214,139.8787983581818,158.3237822041464,351.6204783381543,219.4999264916626,466.8244422051827,446.4823345826913,388.367112572299,357.1777176376348,307.8591794949012,323.0908348416611,276.09621066011,324.828442811425,393.3733615915796,322.1492582098448,337.1839365436454,205.5242854283951,431.0663475557099,359.3996312161826,190.7144245792245,211.9203278735486,303.4940836505795,164.514927268636,502.7806613178251,212.2767466880987,201.6376647266067,278.8722228124973,426.7895947546203,164.2256246959756,249.4168588232319,272.1094052063254,454.6452130089301,227.0540108772362,446.2936037407091,376.7627489227594,236.4866453232858,239.1749594516688,178.941246626274,361.3734598899396,308.8265791172245,310.8499879906211,474.2197783404986,288.7065815168762,299.4121884115405,195.1625638403985,173.5125020774519,201.6273732628574,228.5356873174945,332.4101592794229,421.8922806586607,425.9823608045479,423.5236207297283,206.1702447391462,702.8146810752448,331.0382128527046,199.3623579549237,734.4414215023418,451.0409129900137,427.619449659803,383.8207352481181,447.7123571282665,812.0880350741911,249.7504015315246,405.6786322722591,472.119013023507,412.0841773894576,444.4178525011521,756.2984429808566,523.2341698358559,693.2072742231636,84.81461618638946,254.6847036161207,175.1081919573975,76.75643133438993,390.784903814347,84.68725021525675,148.302328676101,0.0,242.1380660895084,127.1399908343441,448.8948657832725,206.1133465867687,180.3340628744839,120.8619254827089,45.26563584583177,286.4654711316513,117.8967093444355,102.1505001856615,122.6703064101125,182.9553153037041,38.6701309186264,54.28622204970753,55.81154313925505,123.5051097704675,156.810677236274,111.8231499732365,438.6349124176619,175.0217348950257,463.094175143415,97.40297534156184,149.488679687838,152.1470597865978,46.23722787070255,247.485474090051,39.76167820618284,405.5708514199559,221.3916636082064
427,378.020478226432,579.4753437364968,611.7260802836694,583.002947494534,495.7912249089893,550.7607074507787,570.4713471979359,661.517080197509,601.9926509500013,451.8827232164746,405.7898284684029,455.2380058856235,654.7333302131584,412.7247756265215,544.5686242350979,458.2118017464133,625.1356644951816,691.8535095736568,674.149559850511,561.5238054162356,614.0482788169063,600.8457624102343,469.9985065269508,557.9606658756213,464.7221531183974,501.197541059835,439.6470930547515,411.876817050515,511.0405574567496,415.8778105750563,430.82538788595,376.5467124022574,535.0195328209065,371.1984036062565,415.8513699665193,619.6053086810092,472.5901560534748,422.3355724909794,496.0372747386631,509.6602830953663,592.6129180472594,675.3251909826946,675.6143527645623,549.3412287819557,870.2825313239719,732.9365638342636,673.3706195794136,822.0701790093317,708.3975615206434,757.3693749852931,722.1561638043219,766.7532772591579,885.6255131809783,806.1412279691534,652.2640477775024,807.5916852024587,571.2493710858341,791.7603794761384,754.1862370697866,755.48916417398,711.9309768016255,590.7547162684511,726.5296082879195,727.9850128537781,703.9222786165795,667.3561184019941,659.1958300127328,644.7668957671617,742.3713410252852,831.3181599610778,775.6491190556854,743.9655274330582,898.7146296290151,697.5979835154127,754.8407987453326,568.2651283721605,624.0166402694401,825.5460909676056,843.4089470831043,422.6628415054327,542.0722321797787,567.6903508392031,510.9408980401406,583.9807045734768,592.3456171725595,546.0894906716738,512.3074325466956,426.8500033530703,632.8847420317243,606.9541677148998,635.1107902299793,635.0457063387009,630.934923935727,569.1786095135557,517.537779982886,458.0491857247937,381.9705450528405,369.759840367468,593.7426012962261,451.3253195707399,664.988548965797,653.7309243415433,629.2987017302304,585.6456597534905,510.6714017534015,558.0849524604516,475.5996117913541,547.8465192917607,617.1463900257319,553.0779074046942,492.703069664172,443.9845136898891,668.6546936773354,597.0912575985454,431.6825514709544,453.9523351104655,545.6218996672116,393.111859334145,681.306462929627,422.5313480202626,440.8836068628976,513.5968902251906,660.4346254882253,402.5253591030975,408.2316590885072,510.1383717737699,640.4561390366003,377.2755242410982,615.6547802714392,580.6945994865473,461.7063816174657,479.0256898663262,368.6700261164479,549.7722469135394,543.3916708882228,483.3174215914054,648.5009733351708,514.3904324756481,538.6175460186519,390.9412797029459,415.5304425093681,426.367866291889,469.8428111182337,545.4762165806246,662.3620982121457,654.3257159464489,260.926466269519,193.8540296968126,611.3237080064883,297.3710280335489,230.4592324237655,642.8156001289237,411.9589126591117,339.0556033676849,296.4821961850938,428.5536993869516,693.2761685424406,191.0044284135626,373.2681189035993,382.6842365523954,357.170517866103,312.9920696960261,711.0671040841833,424.3579260416817,652.6914111157834,326.3531817541871,29.00373152872731,97.08712286169965,223.0776577074199,332.9792496987963,241.9629163309845,133.1189066251704,242.1380660895084,0.0,265.9034024975309,377.0643425793325,270.2650301338926,243.9999122780738,314.7904582995294,221.7081097915339,47.59414792951441,132.6498096185635,168.3554122058364,344.4827740008313,316.123977393294,272.2882992827762,265.3935763968366,293.196140062325,332.3648706723258,162.497660821081,173.4888406559087,389.8330661001706,319.390277367631,397.9344946755973,145.1474060591664,316.9353310881483,217.57728345274,250.6998731840389,337.6760769378872,202.3773449169852,390.1114910235016,46.52214488144201
430,283.1526815192443,452.0697741438662,448.0429449694063,529.9378468966971,522.5661620289542,532.0142126555759,580.2404743856582,530.4762366774573,535.432157183682,521.4973489604691,287.654291911093,316.1561993300664,581.8559277500772,503.5582574400995,553.468255639895,515.2334658317959,447.1118871056527,560.7964178570166,583.2680177407744,588.4271682000355,476.95564106537,512.0533247445682,496.7009982735582,449.1236167084526,574.0700441253965,351.847588558199,432.181502592233,361.1682998678934,407.8361701443848,486.0307164032382,545.3021054538203,450.4473947630725,561.8775357939057,422.3100117522922,518.5181440220073,576.3734972765704,338.9508585114256,470.9346958772949,540.4245453414823,572.8448483361109,441.0992727155157,566.9671574479382,519.8430231341157,457.9283260389838,809.7563764875607,738.2506086841863,610.0095446582882,780.1426793200833,678.6060004192739,696.381195830422,678.8775790475734,768.1860020242943,814.6655351000329,772.4915191615896,607.4974752780043,805.7255318791757,616.8300203421677,748.5943638096566,734.9816526515734,710.350927508272,730.4566201991664,619.738379860054,629.9257772745086,706.99619300954,695.7748328606667,701.5834141996241,656.2379041427727,625.1617180891038,647.0066384450249,804.3285134391755,764.3898077799174,737.8111175047662,821.8443395152138,651.5510172985332,716.6746945204861,626.1007727543263,595.3406947980548,809.0344613205181,792.4423854187355,157.5788986102646,322.6658976651061,335.6935588991611,250.8367991488554,318.1513429459403,347.6685756537898,280.7402585710886,246.4452374100923,161.8195292250979,380.6146450927986,342.557950553748,396.4481520153129,369.1445160777749,418.1839522359115,396.4237854324103,252.8838484558723,198.7418766874287,198.0717394507153,118.5922755049602,383.4626975142525,301.0377748350679,399.0853266119469,388.6001511889108,401.2137769057219,333.0268823805158,245.962882566011,315.9118285807525,210.7574190420207,291.529052866733,359.4347685378204,304.7132224508911,234.8109661424329,273.9048396534856,427.5153907178406,416.6260602112928,250.7049131004169,249.6211660289012,338.1243557082178,156.8941828338465,418.2751388693394,164.0454219388947,220.2182002318137,273.6074882046731,412.0799717473503,185.1095270805398,146.3554217904851,334.5847791927461,375.5679658438418,117.2641791782631,354.7295319542662,315.4704149603926,212.1715561915916,256.0447801553876,105.1138688063736,284.0780452232329,377.0420420505083,219.4971884747154,386.3773403210966,261.8930805951936,308.1415275489193,127.9291580858281,216.8973036558473,179.8103687943358,281.2294452538807,283.3344937475514,430.6583722007721,399.6661295259269,359.7298271342504,126.9209887028816,593.3891566460514,223.8515697502912,98.23852287318968,624.3847060761686,335.650668686819,329.6986096707457,290.0460905664058,327.8250327561485,709.2594748905493,173.9571294615614,291.0772152775369,371.0521385026367,303.6951713843103,362.8546846361767,635.1292631365897,422.4974306607027,571.9593353674869,166.5477187187262,264.4864058756238,170.6124737929916,198.5358883414219,499.4151660767425,43.99750756897057,133.4392359516833,127.1399908343441,265.9034024975309,0.0,556.1006917239355,328.4165039435231,300.3956891026657,64.51691278380702,166.0774691662569,297.6832715896172,141.4171354717069,102.2930547720151,230.4379896318067,310.0766232233464,107.8901257113209,80.32209718104451,162.5091263153112,239.7511007819083,255.2957215794574,213.8999566267524,550.9802223053655,57.80104609463957,572.3620661943321,160.5325464644266,275.170800126636,63.12814142427369,173.3650557875919,374.0702494053676,130.9155585207413,523.5949420247964,226.7960828161979
433,434.5960561395773,571.0011796860502,644.2001573281348,469.0386445156383,306.6474398878109,401.3296391512437,371.4215622648689,632.1001463901697,499.9260194238978,222.4324020187287,470.0678510312905,516.1564267144541,544.0092086787739,177.2829501478012,357.7230407761085,244.8529019057366,674.9982090915881,654.304197855611,583.340105365921,341.0938941415869,607.5306051185303,530.5537128221024,296.2422901838178,531.9466339684325,161.8679757052694,553.4880926643648,336.8901982084053,388.5155670869314,497.8150961696469,212.7183698887141,139.5540345176659,204.2248873665508,325.9812423563851,240.4895892963278,157.025437408965,478.2232302526792,517.8581851741063,248.6316096503046,279.8689540074275,257.5817462862273,613.528823462986,609.2469988829866,678.8250523192869,502.8705190233604,694.3490687473102,493.4328292678625,543.6228826485585,628.7864642925696,522.110734373095,603.1509927345586,551.2693661788546,525.7990931033295,721.7198486723246,604.4987668860558,502.4595987984301,563.8805900676726,319.9820903211574,605.7286864614089,543.0691364401288,579.579713580614,459.3805920405744,356.4621361315276,630.1652509482577,524.9423874678545,488.9314229928222,403.9722888989266,448.6125227678063,461.7367025502949,640.4635291513725,616.4552539657112,549.7097428224633,517.4316752366724,741.063946681499,536.7534520940638,569.44269362937,300.4310626326149,460.473799563128,597.8612678808022,658.7626094754249,678.5079994087359,677.8543092032586,718.0806045465467,732.9737354307442,837.4886241408515,762.1849711830042,788.1778594297408,765.5276846178589,702.0628026401016,813.9818674128153,872.7764552252179,784.7189005370652,881.3076467683144,734.0227936699357,627.9177539235384,787.5372097572858,687.1325262732171,534.5161710768732,605.0939798552805,701.5836983154936,528.1143384894013,908.5943843335307,883.4016126909927,759.5416520137152,774.8870693632538,751.8756785110063,729.4469864492708,722.2511529092385,752.8877685673768,816.0316964987317,738.1496152270223,784.5268677606247,548.6292229371912,817.8952024636477,658.4535257681126,555.372613377936,596.9687350249114,662.144693320568,600.1946759424409,950.3560150080294,656.9417483578904,610.1764765480409,690.7679321569498,827.584732140747,582.7210003305919,695.5999163238652,593.5016402055694,901.1567655720738,670.2040392482056,895.1310601878143,818.0077246773706,668.7661533515048,638.6426888922288,627.8010523245537,808.594718710663,601.928850864335,759.6845295640738,922.6023159118671,716.0484749673689,693.2611623016554,643.7901152954996,567.7469421592456,637.5177796890993,586.2622472669728,769.5892507487216,793.2276872822591,839.0551234518739,623.4998639952962,547.7350900101119,983.0237492975924,668.8722458858023,573.1925285900721,1013.934927133603,787.5914324628178,715.7873146577683,673.538288073937,801.6687967654874,1053.55244645583,559.9956100227192,747.251969892352,758.7813675767807,733.4857203647222,683.4615126114236,1088.038854035932,798.3253721911401,1029.747847144551,490.6911457307326,403.9547625530736,442.974301229239,373.3927476057569,58.39904002995431,514.0561697730727,462.83224283709,448.8948657832725,377.0643425793325,556.1006917239355,0.0,258.0209309076787,274.6716972685339,569.1211790656398,403.6389011078799,398.1301953094792,429.4052120697845,463.3977194925229,448.7128242158703,324.631170850751,486.2498664377184,501.9088913495153,458.5571736054547,424.0554652367162,300.8089926765194,343.0927694808025,40.50662565815811,612.7604507046354,21.87313780775255,398.0619529308154,367.1737686727619,539.8837137244709,413.5350422806024,265.3573846898572,428.4120109157016,97.06017005081397,417.520757480511
434,184.5593572314766,358.4986327043598,416.6561889257516,320.6902195683628,227.7662383191633,281.5539027718808,300.9929499908735,434.016686603916,343.5705446318561,199.9967538596687,220.8801780984434,271.2054652353491,396.1223422211835,175.7684297265531,274.7468831891058,199.4628503876276,442.0427897850219,461.7957045068143,422.2016975298354,294.9245233693953,396.0318336228747,352.7138567196906,201.3735140746278,326.5153907378395,245.6538094886086,313.6910386489063,171.836142233301,168.2266241567846,282.8628437882832,162.9849591668683,217.295873020471,124.6497912019252,267.867817179118,105.701128670936,190.1016400830449,353.2279603698035,278.1951864013044,158.3406283771243,233.1219886695448,255.8717011006479,389.3838651413764,432.3320754146094,465.8043524625934,307.7423033866276,603.2446345014457,464.4304901551131,410.7803794819255,552.7309574683069,438.6579404375814,492.0405963011792,453.8803505549504,497.9593269829297,620.636940775252,536.201840128884,385.430686296548,538.637226836145,310.8529775216471,522.7706280523877,483.92274086487,487.1049214239077,445.6895067078979,325.2604918795868,474.654786079782,457.744097502577,433.8773988045403,404.8030745806159,389.2673443214686,374.7078962530803,489.2540741717058,561.0724257538584,505.6801690773883,474.2242939368935,635.0401163380444,430.1512225640953,485.5654313981476,313.2722772475764,354.9600484369942,555.4447421664014,575.0339001834086,429.0398420336511,423.1267579485171,462.233063792468,476.4280122312472,583.5124873144568,505.063499828473,533.2124831621757,512.8472131791995,456.9401033309887,556.5042790777464,620.509363287054,529.9267575433302,625.7103583150791,486.8996655664604,389.8190118456362,538.0062417728374,432.2422268059465,276.4969716289523,354.2172688426504,452.4782402835916,279.4658538700978,652.4267512664954,626.1626086310457,507.3287676924281,516.9381941888433,497.4118694772303,471.9682535670808,469.3793367710769,495.0633323736645,558.0156964596573,480.1940767797236,541.631218369573,295.0231639558485,563.6097992580106,420.7896619257443,299.2675613566331,339.9074691993835,410.1678814486757,344.6295425052706,697.6106117808931,403.7451256653051,352.1573729230548,432.8383740483149,571.2734113867157,325.1188383807429,454.9151873337369,346.458857054613,647.4984434665731,433.1594571995333,645.6051579726137,562.0250479305938,411.7673298098452,381.0389673272621,381.6977359945961,556.0893070577017,362.6639803107043,512.6917340124662,671.3124352686774,458.2817907628587,436.6381947504593,395.1152786323605,309.8421176780637,381.4736795484231,332.0532214311983,512.8056569225137,541.5342441322432,581.5135954031573,524.427341926785,364.2645674183976,854.5352240917578,496.5695281225596,375.590132011009,886.5410086804105,620.924342583337,573.5847599564985,528.067683459058,625.2745078244599,949.3492462983597,394.0942289148143,576.3136007638069,619.4901612261738,573.4483361760136,566.8977746320094,930.5180778541751,667.2687937868238,868.4417696014667,234.0588976630206,297.6262832482764,278.05716956578,130.282821222956,200.3205668163958,284.4190975861044,278.8141601854473,206.1133465867687,270.2650301338926,328.4165039435231,258.0209309076787,0.0,30.58341981028803,325.8389380323015,162.9157247606213,314.4163491351287,236.5279677532545,257.1380022426328,191.3119117268453,75.73527128676953,239.74474431558,260.325388925414,203.9303757919289,166.8308809043696,110.9622315607076,127.6772455455609,240.1340501235623,380.288707981173,268.4282381289188,194.8588851786033,111.9336315981522,332.574959218722,164.0303842100228,67.41111104278626,198.386350179068,200.9374455726102,286.248820549506
435,182.7868503480273,367.4730949663529,420.6397500768897,341.9107889924701,256.9963526400008,306.7618751214505,329.343877716999,445.1993645191527,363.2718239574139,230.5335852594729,218.6884904210133,270.4420591578524,416.0610493136732,205.2715807495229,302.8432947069472,229.9997222778248,444.0073575910766,473.7686219947135,439.9527360540433,324.4261599310326,404.6892041935741,368.9480006006631,230.436017813417,337.7822510805851,274.1740244029817,314.6242777193248,195.7916999107194,180.7855621709578,292.7192948548473,193.4883890346714,244.9250598970534,154.9488244102144,297.2792051148254,136.0064175291741,218.665138751691,376.5022259106837,279.8181383589564,188.6233660735413,263.3374344889244,286.4545863633955,394.7277449547811,447.4838364411203,473.2552359660629,321.6660298096636,627.0566144361333,493.1229785064173,432.3245245633773,578.0784600843311,464.4241564146557,514.9171884190354,478.383573611019,526.4980208549084,643.4526818476995,562.218127496382,408.9959476870613,567.0703968725894,341.170596286568,547.8171231511834,510.9171746655299,511.6936957388808,475.0809211059504,354.9470110835256,492.5562675782311,484.450939671189,461.5224795655638,434.8223867081282,417.1016616577485,400.9584073696612,507.5828015786306,587.7701429592018,533.3819601967832,502.1829676133571,657.3001693907994,454.1106362475507,510.8513753525904,343.8229868820122,380.0378972320146,582.9320591947671,599.6392965688639,406.501928658955,414.4022654601545,452.2239966422031,458.3248045341293,563.3550025278188,493.2621341126454,513.6975346580855,491.9019230015645,432.9467557108774,543.9447798786424,599.4351721494008,520.704349047232,606.7087482744212,482.7614414832018,390.4399009867196,515.6550674614174,412.6281407849619,262.3131526281174,332.1496737795283,447.4944178831027,276.474609919672,633.9280088743607,608.9189493695208,500.1561536606084,503.0494582216849,477.5256560146278,459.5975249810767,448.4980762300006,479.1200998911424,543.4847172356017,466.3338285447762,517.1784559726862,288.2717323549139,554.7081136745406,421.260322890025,289.8944206025865,328.8433270739359,403.6771232294735,325.5393506522176,676.8222890135329,382.9812154615312,337.9527811403545,419.2242284491458,560.4121253856167,308.8007373820984,429.7320236277512,343.4974648857905,627.1822075801207,407.1180102798988,623.3638789833841,543.3485893104175,394.2586295323025,368.6745315344746,357.8286805379803,535.088095531889,363.1340461370837,489.3907961530234,649.8167281272307,442.2004681541802,425.7894640120577,372.194806835935,296.7849650718517,362.8461995499837,324.4045978030613,494.9752206327569,534.5606207215621,568.7750711969858,495.8211583355662,333.706785787664,824.2249299748413,465.9962962392182,345.3661880015195,856.2336210260823,590.3520643750412,543.2362263074114,497.7094632134641,594.8066731274823,919.6080494863983,363.5676861362257,545.7566262907958,589.1500102606993,542.8738528009416,537.3356027727704,899.9445624372485,637.0599759033947,837.8813562243555,216.2114293275727,270.7778257862021,247.8757006138403,103.6738775158771,216.3315632051064,256.4415577506373,248.2370836277391,180.3340628744839,243.9999122780738,300.3956891026657,274.6716972685339,30.58341981028803,0.0,300.919790892446,136.0772045802801,289.1239456673703,205.944983678475,226.8938322637736,180.9912013527045,82.66337113638676,215.4446556665065,234.6054900430161,183.9298727141128,157.4185309798661,82.5294033186725,97.11243753799513,260.297402131962,353.2249571530338,286.8075653812406,164.3033324572767,108.1978050387223,302.6772003043359,140.5013633705087,95.31530025306677,169.7850683802972,225.2370005280522,257.7429555578164
439,244.6638882009656,397.6744029939076,387.757333368372,488.4459410244986,499.3012254939726,497.9630160264402,551.1084546600255,474.0370137348351,490.9644998697158,508.4480817618942,242.4155320180189,263.9065441729684,535.067755553437,496.4076704907088,524.9671895055757,499.4266812762378,385.0000665577663,503.9476597143689,533.0127062426233,562.9595463460998,420.3611737267161,463.6619965472638,474.4775801421363,398.3753343403985,568.7081114795253,295.9736727300049,404.9673822954797,327.7689007847656,359.5974370774662,474.6894963965964,542.2227332612391,441.8761870170046,537.2295367581488,409.9093458541884,513.600636300572,535.7440741596257,286.8627777458196,455.1457928508289,520.6245505455504,556.3552240927581,382.7504444505997,513.8210555552307,459.8296530738933,410.4856795847337,762.0338860492114,704.6019071609684,564.5427760440377,736.233674730084,638.6290713665051,649.9438809308012,636.1628908572634,733.2260764008789,765.0361411946236,730.2935897027196,565.836091890433,769.527696200909,594.8611714395225,704.8529898926489,696.2333750227177,666.7683346668696,699.8122474745586,593.8668872436376,577.91207086231,668.3375049375026,660.0070420330559,674.9912547120879,622.3727248944411,588.3965042207449,594.9797020009629,763.0387589764446,726.8308638533888,701.7324068052355,771.1274793540157,608.7589407062438,674.3741203406016,606.7399640115037,557.3347979452269,769.783497526464,746.669104672687,113.6070372143554,258.1609446759567,271.6379140254759,196.1504397406106,278.0953278221971,285.6919003713379,234.93370725549,204.6417664672297,132.9419709810152,321.2772951581367,308.2755677498761,333.4572708735586,327.0700764442345,353.6971274513662,335.5650881492773,220.2039244495373,143.2587274252639,142.199649469902,56.41566481074649,319.0929691802082,246.973931305296,356.5414947258208,341.2200603517283,337.0466501763211,273.6517492754128,198.4807891788597,253.196720084749,164.2300081337499,233.9407328718911,302.9499892367824,243.5577630842889,216.3341609043413,216.7022108990894,365.0867257354822,354.5193352542119,192.1798100955666,186.8474575466367,274.0591082586892,92.378758859668,385.7655119643344,107.7408897207334,156.0444941361292,210.2271982961063,351.4186769754462,121.9398397190594,129.1014938723053,274.4088693564896,339.2991289108084,109.4691527787603,327.007039282755,268.8543499898597,150.7059163343849,191.5664456706433,59.63785916475388,245.8637117745223,317.4766831648408,190.785290886583,356.0299162329922,202.0830896364602,243.8769899578073,79.16868459395306,156.1056942223134,116.9756002600033,220.1660330084613,230.9128549724036,366.8696103616996,341.4966813653129,424.2327605650848,191.4140621475542,646.6907144744699,281.9543111368599,161.6768441523002,677.1703159471887,386.9489796273176,389.761734986382,351.6084599559833,374.98951928844,765.4568194175029,238.4701314843979,343.6413771772019,429.6900477837727,359.8877653900358,426.1356695698062,678.1421330413106,480.8622426019098,615.1969776081627,123.9442460104612,317.3411275806908,223.8656461734867,197.5610652414798,511.1696194051065,72.82754196854533,186.9479357780145,120.8619254827089,314.7904582995294,64.51691278380702,569.1211790656398,325.8389380323015,300.919790892446,0.0,165.9760268353015,350.8612149035683,183.4501687293962,146.4350460936934,192.6178607696903,293.0303302887683,86.31486911750565,67.21231850803693,133.2453306318266,207.3112634492519,272.5629663558936,228.002124313139,559.4619288346111,70.03310929419585,583.656771070949,189.6658964289175,252.7415299440715,127.1944144361914,162.0778130276109,361.5856628155986,143.1418273803198,526.0679850491151,279.7808926167835
443,164.1399499457692,363.761679077518,390.4566434732853,397.7990868420411,362.8392953592437,385.5267808503053,425.9148512878695,446.2878747367406,410.200631251664,355.9738854442222,187.1952683862459,234.6806481739603,461.1138808835241,337.5416494820058,398.7724904883273,350.6752295582864,403.4348759634235,477.0480332753424,472.8146139667185,430.0243843928788,396.6825731301803,398.7318325822505,336.378587451734,347.1492373059101,408.3826710778897,280.2317214182584,278.433553692947,220.7855955807314,300.7217739727203,320.2119144809001,380.1940874689458,284.3772630227356,402.9720806515475,256.9375327679007,352.8604055607171,440.9424481510364,253.1934495523109,306.6083640166847,377.8709732590796,408.3386621845855,372.4468504352368,467.251958420843,455.6337793353915,344.6909198294637,686.431714147297,587.9643601937001,484.9013093283557,647.851442649018,539.6601982315434,571.6861760809422,545.6095747614103,619.4994544806568,696.6480967887292,636.5888352276983,473.475278747416,658.5655336993681,455.2525152897236,616.4010993524897,592.8827367928316,578.4412605995982,576.3333958337807,461.4267443697457,523.7905834809707,565.1226662454919,549.1407444134124,543.3210371724755,507.2130947134949,481.26312096635,540.3912028151873,666.1668971383493,619.8573853568973,591.159353615921,707.022425829972,519.0108174436523,581.8312752617028,462.797765061594,454.2564625004854,666.9610222966509,664.3647432773075,275.125841773518,329.9758449008925,360.9504698699623,338.0766760983718,436.2753570436133,393.7796058647414,388.6692683970979,363.4453540029098,298.7740991640477,440.48056589404,470.0317344439015,430.1792310725572,482.2499002398945,414.0222731899524,347.4721932761028,383.9935975030043,288.6658612071658,167.0951827331862,202.8130024405581,376.8479414803834,229.7754700419964,510.6026737510605,489.2944545850144,418.3357683866301,395.792430825849,351.8882727986491,359.0111702856395,320.5962611253983,365.3748062218097,433.2213885164612,360.0941366777701,382.2199415184969,222.9794085184062,464.4880429021932,375.503561260371,212.6756561797044,240.2963134481373,329.1079149722593,205.5642365692125,547.7220993147243,256.2659589356772,235.7597230220305,315.3892313080277,462.7219219028195,200.0720724726269,294.1659481894557,288.7495125787786,499.3527991117261,271.0808720573608,491.5225817608771,420.3031877961279,277.3545994477473,272.0114479570101,224.2066216500925,406.1940166256202,321.7159973370138,356.1149097268069,519.331917218255,328.835029602305,332.3060961789193,240.3038593915238,202.6200380301698,243.1351551837066,250.9778756416731,374.9676193653169,452.4045668079742,464.1926214447302,427.7771892803296,224.845659116153,724.219348384266,354.8400686394231,225.6300410554988,756.0700203370848,477.3868807197892,445.5900228643558,400.7553185844016,476.8853984498644,829.5053313644243,264.3431448369096,432.0195879888729,490.9332239953285,435.1320631454989,455.2233676976801,785.1934579327508,541.3569995049535,722.3229099830253,111.0896517537691,238.5808087634529,171.4497186016059,32.6334361127024,345.5201104115197,122.1759966462361,152.879472776167,45.26563584583177,221.7081097915339,166.0774691662569,403.6389011078799,162.9157247606213,136.0772045802801,165.9760268353015,0.0,268.2473443395085,114.1202654078793,113.7908616902608,123.8950803911598,149.1929050951516,83.0480140005837,99.00837290421886,75.0726246350658,115.6456292190073,114.1996929752439,70.00707196984852,393.488668966606,217.3948954184862,417.8357198476834,79.86453372558046,123.3799769832532,179.3667184103295,29.08997955457571,209.0187565171364,41.44993973788925,361.1684210756898,209.1657993728687
447,425.5409169504512,627.0177699303987,658.589874529042,629.3846017552963,538.0118073252409,595.6765041217377,613.2879160546361,709.085497136375,648.7756360425997,490.4926198869783,453.0831988580334,502.2867249450588,701.5539821309264,449.4873460700915,587.6918927419055,498.1053798791905,671.4726146260452,739.4333150401538,721.3971799176131,602.9897708810342,661.5233425527736,648.1840907109855,512.5563843280115,605.5506583116783,497.7070714243437,548.1561535132622,484.9139256004755,459.0463087842311,558.6316064371898,455.1150546862755,463.716371969486,416.2283993338141,576.7732084091537,413.3155824655515,450.8929837948652,665.3959337095658,519.837057404544,463.6895149222248,536.6447672231521,548.0770534941591,639.7828694237224,722.8433843595955,722.8342579325649,596.8092511215244,916.0461565945294,774.9271529473092,719.8066542300328,866.9871212336761,753.0437957836824,803.4523705424717,767.5060895710477,808.8753673277142,931.8263313871189,850.6181211684942,697.9785572212205,849.7768825501239,610.8025531792407,836.8493877446865,797.9334955820057,800.812743244468,752.8979877397708,631.7385401769869,773.8144712731024,771.9784972407567,747.1412859485388,707.1491778545833,702.303605790312,689.116044235497,789.6082277936819,875.2709800122154,818.7235930951471,786.8135251794284,945.13064273638,743.1864341471988,799.7819909986391,606.5196745061891,669.0295211503242,868.7864243290594,888.7602875603593,455.261807269319,585.0801667068799,609.3748065007351,546.4614543752754,613.9141467715975,632.1552786882373,578.329931498465,543.4449804906415,456.024035294558,671.1851529983876,634.5282181851571,676.1215451408269,665.4043671758219,675.0149155567332,615.5601241836267,545.774237897943,493.6751801781701,426.2914965675444,406.7105216468734,637.881144323657,498.0137807790668,695.3806893849738,686.2212394575432,671.7620063343034,623.7132329211589,543.638443502859,598.1907503158552,508.436436404529,584.7700942388476,653.8084621763915,591.9934484626306,517.1315078033292,489.7954866396084,709.3701590303854,643.2190170307945,476.7922588008341,497.6601380905599,589.7485731561915,432.749754131379,707.3941148766883,458.2417629760988,482.9546375582682,553.8163232714705,699.7330358794169,444.4551644506115,435.4885789499718,556.1210272065198,668.4613102346575,404.2073525817414,640.6246071038582,613.0890276407364,499.8705923758174,521.2100432954409,402.2019582829931,579.3741347146536,589.9378850346893,511.0325849320258,674.0617971132357,552.2043337706558,580.3396682106555,424.8223951485415,459.2686714131483,464.8091567970924,514.8221541475116,580.1675920532127,704.4850014585513,692.0333045037471,227.8202296051422,208.6737485078586,585.0661766583094,294.3333878492014,248.462943909696,616.1211653752869,401.3145840407745,320.6026009844042,280.7960605307785,421.4765598560242,660.8887537973194,194.7390381148175,365.765813991921,362.120568473933,345.521251756264,285.4506759465302,692.5683626342383,400.3076450860167,635.9086253519745,371.1087231265113,33.52689978340679,127.3701198434107,270.5282632894373,358.6608421684101,278.4347788742952,164.6229113999042,286.4654711316513,47.59414792951441,297.6832715896172,398.1301953094792,314.4163491351287,289.1239456673703,350.8612149035683,268.2473443395085,0.0,172.9194520787463,205.5207036770391,391.4582569887631,362.8281343261379,314.8579180092423,305.8386631241655,338.6752745644588,379.7143820075655,208.5693837188014,221.069151721196,414.8781670865907,348.1642052780755,419.580321018813,190.4407309250026,364.442630969039,243.8946179216484,297.3089029366243,381.7188986578111,246.8239380843433,420.7739009231179,71.14673257734775
449,278.0186204862605,476.1879297733876,497.054501242081,509.6196355686633,458.2622735660067,492.2142074751424,526.5281397021478,558.6500230700832,523.2444600529243,436.3649709714326,299.1900775011129,344.0931925662888,574.5442694142945,408.2465890643563,499.428723694687,435.7674946338265,506.4153851585236,589.49827226705,586.8972706973781,526.1250968978491,508.1351321772731,512.802826521764,431.4600514217817,460.9151310008733,473.2151809347414,388.4202292346731,382.1976109348571,332.4562861408601,414.6415021232851,399.2497546953733,441.5027747514146,360.2927293414946,498.8275533933622,341.3155641608585,418.709834298921,551.5900712952645,363.8979982481353,393.6814951737604,467.9518416754894,492.3919054155722,481.4239775711956,581.1722668231349,564.4835899445412,458.8056281518146,798.882868451318,690.2810051325744,597.651658759192,758.3612949551791,648.454100150193,684.2051733807161,656.2748948521141,722.7289891608358,809.8700076328375,746.0003747505239,584.3195356329293,762.5518028617271,546.0028735216696,727.0597671108484,700.0081423759885,689.3352979044416,675.5304342765744,557.2062238182084,637.9105913158086,672.5210018785497,654.1654727876959,638.2123336373121,611.0796404194613,588.3071079136088,654.5068143180894,774.6147383323377,725.5988232669456,695.8756047538534,820.5766758801187,630.0117322822335,691.8442505493729,549.6077108729904,562.8012873125525,773.7015230500858,775.9098360654696,294.0290579006439,412.5869974336594,436.4554027277352,379.316550708959,457.5152831338562,459.9084722395401,417.1448292094666,384.7773161416655,302.8197510969208,500.2379002687823,483.5235522842734,503.3084531520631,507.8253060931482,503.5142170842554,451.0411796136741,393.8652777698299,326.4678681067219,255.8785301625306,237.614773094336,466.5146387848037,336.5571039883753,537.6147859557177,524.1929528390585,498.957748987332,453.0182313442949,381.133803567196,425.7527480064318,346.3608426280391,415.4923756268265,484.8430675343428,420.4446726609923,375.5713464605146,323.4080037563515,536.6607719370515,477.2616298994247,308.0155529444166,325.9649388467317,418.4456085806578,260.5663466585673,559.5659307041344,290.98769249693,310.0937462365499,381.3032601508447,527.8709579039124,271.576351960134,287.6616852251861,389.9850746574494,516.2120022261189,258.0124913244813,496.1280635553574,451.4617107986051,329.0900332012866,348.3650341876225,239.4258105095964,423.9378746721291,426.5778472413854,360.8038111780178,527.778155750885,381.813612889476,407.4206747741733,261.1316670032177,287.7164830046351,293.7300813043054,345.4730933431374,414.3445048629118,531.5933270096921,521.7343854188406,313.7422338142303,128.1304536294279,621.0295414069252,260.1320166405432,145.3579601763081,653.0287829279748,384.48326367169,340.2124098904309,294.7480603210123,389.9551789952503,721.5174264952539,158.7557253529296,340.0379152354081,386.0786600448944,337.0836824204068,343.4417808885877,694.0537400165508,435.2780868082502,632.0917926713992,202.243246865126,139.9377661676726,58.01153743085111,131.9242969740357,375.2822961985784,110.9836621374444,42.74014650956259,117.8967093444355,132.6498096185635,141.4171354717069,429.4052120697845,236.5279677532545,205.944983678475,183.4501687293962,114.1202654078793,172.9194520787463,0.0,39.12766013537191,234.8869068716151,250.5074312068949,142.5222645948499,133.0848780908903,173.0673799715906,229.2814235645658,136.2326389065735,108.9404724562869,429.9316314289681,198.4686442826033,447.4260214172709,42.31144754137472,233.7119000269223,110.7893347105326,141.3185758779909,297.1457089837752,80.47510260925701,411.6732249097354,104.645996179959
452,271.7491401157404,464.9288425016738,479.4347120228109,510.9830122519414,472.3016958094174,499.1197242762094,537.799411157403,546.9289717946476,522.3896964607405,456.7682488334235,288.7679126455494,330.1721650999948,572.6545594969991,431.7535197690115,510.6293941035831,454.3724134792141,486.2412368272058,577.8227046896395,582.0308006919159,539.9798836128527,495.2585900953062,508.2359681562883,445.5873202555059,452.8524003772415,498.8285334253725,372.9156602771508,391.1544565741137,334.2744444036707,407.4532183565556,419.9364047308679,467.938491157589,381.7814614904854,512.7506980440816,359.6277034623616,443.7387741104672,554.5248135090995,351.0946312935619,411.2728600098153,484.5778056968863,511.6382542920438,465.9269910708921,573.3648397998753,548.4497817220845,453.7368668619727,798.9699394760731,700.6121614294631,597.3176933111712,761.3925223457946,653.4480770103121,684.2404410240562,659.1419648213736,732.440502104403,808.2921746128407,750.3289123811754,586.9885827278027,771.728245800745,562.5493822098042,729.9106207536431,706.6025730227561,691.8923780153182,687.8505496263899,571.2930443958978,632.1185868947388,678.8637135434741,662.5003790455665,652.9001077682683,620.2614863285668,594.9484142342484,648.9288448047747,779.9573509069991,733.3873735988925,704.4689915568744,818.0498709243631,632.4525242680656,695.4978225376555,567.9032598400325,568.0459758897689,780.650993357834,777.5147576523742,255.6401544979486,384.2997782168379,405.8676436942179,342.5854858343038,418.7513572896582,426.8729249971493,378.9326211091565,346.1738617828414,263.7367829052729,465.7002742941705,444.4620586940003,471.6539027823247,469.213086929776,476.9094885087257,431.6112974420913,354.7949650985024,289.6937735189576,232.4561045259732,201.6182977169046,440.2294502223495,320.5232999808293,499.0431216353562,486.2296445214943,469.3914626539394,418.2655979891308,343.1164672673156,393.0906067584114,308.21097837628,379.7823055978492,449.0053423873217,386.4847390927387,336.6114496105096,303.5915401075964,504.596806948534,456.5384618991569,285.9933541194324,299.8070323883026,392.4409924265188,227.594833199647,520.4514701782812,254.1759358144263,280.7016158762385,348.8432264691428,494.2634902548263,242.2252184758856,248.5697921236611,369.7159373412071,477.2120228669207,219.0214342294922,457.013913443454,413.3617631529137,294.3779733453009,318.9354084684974,201.1857136890265,385.0702295752263,408.1962780045873,321.6843530112879,488.6505430533418,346.8054281617791,376.9780595984122,223.1485439161145,262.115491686789,259.2886559575012,322.4411636927793,377.1951768277979,501.420032871428,486.7053543917728,321.3788075471139,111.4719578226202,610.6823180924331,242.9232823996596,118.4729273335995,642.5680657011779,366.6035056797599,331.8001093875901,287.0045680629314,368.7991971511925,715.8129566767643,150.7852722612312,321.4613548109866,377.1532083581812,322.460380407756,343.5929121682564,675.7163501823594,427.5711477988355,613.1913718654566,181.9638068399333,172.0388079552949,80.83698930199324,139.1908151326223,408.276806345336,73.60750412514773,47.77011501273274,102.1505001856615,168.3554122058364,102.2930547720151,463.3977194925229,257.1380022426328,226.8938322637736,146.4350460936934,113.7908616902608,205.5207036770391,39.12766013537191,0.0,224.4978566337233,260.3292677739641,117.5645834433903,102.6051196172974,157.5888251863877,222.9965601413951,165.4271320102952,130.9718372434808,462.0237843286635,159.4499603538536,480.8599189996009,66.23397704619326,237.165929148787,77.60136158880752,136.5150087378141,313.5813378647965,73.20065521433722,440.6602626730332,134.9737836984048
454,52.78986171229759,241.3811582178355,267.2819272216531,299.5000326787728,312.1003768056237,305.3499098257008,359.4218804573728,323.7935578521761,305.7167046719302,334.5366886265844,64.4571748768984,110.8733224044877,353.514884531251,333.593341164296,333.6661260881781,321.4863462593664,282.351734857822,354.6566687301723,359.1448806785451,373.3002830529603,273.3524439100595,286.0139072914055,288.7472592481983,228.4443246626794,406.3660419343124,156.7153189185787,215.5207618080034,135.4285306308958,183.5249971284793,304.9959996700526,385.4546499466631,279.2575130151702,348.386206638607,241.7729797435481,354.4083322682738,346.0100120975529,129.4063313867242,278.6884794531591,336.8517188953477,376.118152690801,248.5852442576773,348.9264594679952,331.7598162801111,231.3715877807429,581.4232098128693,512.0090616172129,380.6119305877637,549.8937794812803,448.4340805252313,467.3627178500789,448.4763748621885,540.8149383780595,588.2161403662028,542.0535429889686,377.0601959494888,577.4525696662527,407.8432414230251,518.3256914638757,505.2608572195484,480.070774895945,507.4228577195157,403.7549033990654,408.4114432405898,477.2942720351124,467.7446596200786,484.136147094027,429.7774604684961,396.3937422605155,425.3243606881267,573.9522530887873,535.2581664165532,509.5834371730535,596.7723911176261,421.1683757731431,486.239844969555,422.2487409385891,365.842014973075,579.1600564153857,562.8588247380345,267.6009075715678,233.432611406689,271.427620317559,294.0538121065761,406.2849869380518,313.753628230713,354.435935618617,340.0923120280125,303.5547750038999,365.3045873144508,446.3367691860856,339.735740689543,444.1949475587657,305.5014592447803,226.4305966750015,371.4175650040237,256.0883132125533,88.94455225376723,195.146047533779,269.2773210517683,107.641210311505,469.3001608864783,440.2323791169987,319.6503742137354,326.5315653648472,320.6450502915647,280.7620232095621,297.5112225287543,307.4329097004991,368.1184968176669,289.8549918825709,387.8324541916868,109.4311202616436,373.7184650735238,255.6180101653285,108.9071440870296,148.6100146562721,223.9713407348097,170.1764901089375,521.4088297016307,233.8691029762306,162.9767278300043,242.4280056969775,380.1124644261457,141.3134880767635,310.8535493704428,170.924197710657,470.0657253504586,298.3848755096035,476.2799965046107,380.1855183207797,228.8801876411133,189.9311524253868,232.6669962983734,382.6609109713283,199.9444960437248,352.2953035475043,498.2406106577083,271.2176836976537,245.4328517784039,238.225147940022,119.6016447008142,203.2504693285231,144.1071206046826,329.1738654128462,354.1181233063852,390.3570194431194,545.5446195767528,327.7377478188363,820.5981130028807,448.595429660857,316.8094621856687,851.9704317029294,565.1387464181779,548.3418214107032,505.1257797125503,558.2564329289385,932.3769259581394,372.1187345108776,520.152243954351,592.2717766462944,529.6364472560343,567.0325632397752,865.3342656516164,643.6165159929062,802.1779208005073,68.99272128578319,362.301943854241,292.8898514580887,123.7522779630489,391.4153466643702,195.8468645441736,269.5232625027924,122.6703064101125,344.4827740008313,230.4379896318067,448.7128242158703,191.3119117268453,180.9912013527045,192.6178607696903,123.8950803911598,391.4582569887631,234.8869068716151,224.4978566337233,0.0,127.7220433994199,123.5909165233843,150.9458367576985,70.0061050993533,24.7186911834726,211.569205707178,177.7791093515052,428.0574298280803,261.7270407922214,457.9436926597449,203.6601921900059,82.79043311339358,270.1052374524951,94.92823782589252,197.297522997972,154.8438858942962,382.2429124379402,332.9970574722423
455,110.7897654350954,285.1165397458621,341.0838972112201,267.1393595356905,213.7577671957949,242.120959465862,277.4701441531178,362.5386722468213,285.9502838350957,215.5640427206209,146.9138470231467,196.1794209171617,338.7406498804636,208.1075667899933,250.3001267590083,206.581517741295,366.3087317849153,391.1221324502714,360.0536505790726,280.834840392097,322.4489178803051,288.0255864888782,187.4204785638686,255.1208389896705,281.1705564637012,238.0966771994385,131.6926853483167,98.70993734925494,210.129369120523,182.7030532677609,258.6385706199181,153.2370473723984,253.8030547854287,117.9513516470327,227.9659958501896,305.4720850370363,202.5300062178377,162.2281536627387,230.3479243786962,263.8268827728402,314.1380879319113,365.7347833532289,391.518113864138,239.5770287902239,555.660341835469,440.5090125139043,357.377446365626,510.8465489778991,399.2685531789426,441.9965325676787,409.4373459398225,472.6256899246322,569.9181243194124,497.1488677201923,338.3052824740314,512.2489394962724,306.9921578432138,479.8910708710676,449.7653307655893,442.7445956998566,427.6060154968999,312.2388075908388,412.657732883105,422.4089042555133,403.6674134606985,394.14488475989,360.728136735495,338.1633123992783,428.055235163489,524.9291177897504,475.0955796295522,445.414259977036,582.6982881865636,383.9744316709271,443.8454094155484,316.0937228633611,313.6856053843031,523.3095230101362,530.2676480857174,385.7415594595697,353.2238477514405,393.5738102352235,421.0305255015879,532.0118331130265,438.4579376951583,480.5293092473709,463.9554238287252,417.9841540793099,490.7044962316708,571.1119161867241,460.0956491011559,571.2079026409616,412.980752467416,314.2199907138677,492.8343357171611,380.8514649308912,216.4609451629505,310.9051902914777,379.1729620419013,205.5441210476784,596.6707759470866,567.9338119336373,435.5784629067194,453.3354542205609,445.9511458040349,406.345494827494,420.779594489028,435.1461747263426,495.224129663699,416.7810277843409,503.288943962987,224.0432977768741,493.3381043054366,345.1985365693407,231.2257824946455,273.594608909233,338.1679513800688,293.4339163939227,647.0344654881245,355.7395135639569,290.6301232288994,369.3981396198011,503.1769982173882,268.1040522017141,420.3752462027086,272.2160129646786,595.9917744145829,402.4970905917483,599.2884039506135,507.1896622052501,355.8129470860027,316.1495504371997,343.6105387316634,506.963188626199,287.1110082392887,470.7212190548644,622.7451464714561,398.9340609017653,369.1675234558776,353.5964040710644,247.0550725096252,328.4695548996977,261.6384675491524,456.4993423126913,469.5242529343064,515.8624375926495,557.3718334172507,371.7347999918103,870.2674915470408,503.0478233636915,374.7420466813376,902.2163861969867,626.1635264635228,590.0774664918614,544.755893815475,626.0740240282983,972.0217738106637,408.1876777138131,580.8439248038355,635.8124607219215,582.7896454175045,592.8032687950925,934.3252916605679,685.4632933387193,871.4830878250161,183.5307375081571,341.0146026487456,301.5403870914756,121.1384526417825,268.6315791800735,267.4127224122671,292.8448912377323,182.9553153037041,316.123977393294,310.0766232233464,324.631170850751,75.73527128676953,82.66337113638676,293.0303302887683,149.1929050951516,362.8281343261379,250.5074312068949,260.3292677739641,127.7220433994199,0.0,208.2741210409242,233.3579125025337,161.0445084352703,103.2794234882417,154.7020845680102,148.7446731521786,301.7139443724143,355.4073167243556,332.45060074091,208.7582343402819,45.17528270585584,328.5588046498976,136.7187049714095,70.82446078065128,190.3937857519228,254.6177704711173,322.4734865914083
456,175.9765343719907,355.141359014559,363.3550347356253,422.7592135714289,417.8331946119509,424.2077989328884,473.3797405197024,435.9582158608741,429.2961665608194,423.1418848663034,183.7694650776398,218.6773278093957,476.7775187515144,410.1952367357139,446.7595560097132,414.8495284103521,368.9723753245636,466.735726545632,480.6826507200668,482.8297205993262,383.2802359683126,408.2999239393386,392.4279395934951,347.8260598687305,482.4235989438407,259.081675356817,325.6799207459022,253.3121525557993,304.6612343616071,388.9860763225414,455.9178981875008,355.7465449816499,456.5848219991419,324.3068220223362,427.2925219680543,468.9285172487714,240.7086281187666,370.4846177701497,437.541556709724,472.0802248866827,351.4936532645643,467.4233918446387,433.2803381425128,353.7894170647286,704.7573487576402,630.5670493729536,504.1560797906377,673.4019512328879,570.9668474610768,590.8461836848102,571.8514058762628,660.3737102090279,710.9331971635487,665.2446252434253,500.2582597070605,697.8483449980188,512.8748335500289,641.8257244139489,627.1744249250463,603.5677455671794,623.3219482977308,514.0181345218916,528.8085368832067,599.1883697188389,587.9028198383581,595.6685861180206,548.4999610604518,517.2737956465579,545.8335371546074,696.8577292120143,656.5095379626614,629.9324175094337,718.9623057852209,544.5787158976411,609.4962594777885,523.5950047094647,487.5133726085184,701.2564463521977,686.4405360905556,192.2686786407437,270.2269955250995,295.5304270847423,257.1219251285028,353.3067901629663,322.5790694664077,306.0629988361068,280.4092211283585,217.5055677222382,366.3607326166061,387.0080901224916,363.4072315419757,399.620828218733,361.0602622531272,314.6802880979999,301.2976337383792,206.6804426956963,114.8965715871769,119.8247628855396,324.1155608566534,206.7056025890862,428.1654176788392,407.8756657654346,357.0712442999574,320.3018878912195,269.2267316895378,287.9284057388804,237.6220849386659,287.0205482897434,355.8192286873169,285.7266323815457,301.9308791553379,186.854717724922,397.2222488579158,339.1498504758405,168.5021368853766,183.5215440675926,276.0988204783716,126.8262061844654,464.6931606134637,173.6279665760934,168.6299999166847,243.4931393878515,391.3515111665663,130.3856457371027,215.3790592734226,252.5672583325423,416.3166977250477,195.1045182564779,408.9354068847293,338.0926348828588,198.663270446721,206.7395392102652,142.3980142382742,323.146240461929,291.859764594425,274.1200255658125,436.4374289897887,251.1501454581817,266.4565561497635,157.5459779534361,145.3860569576488,163.5746763445038,204.8893504555732,293.8733602891389,390.0739047155839,389.2274251549351,434.7409593197237,208.4191239890999,697.2165156485352,325.3930303561884,193.9447358600284,728.5324716441834,441.5756005913244,426.7299135593876,384.3223569576177,435.2102987033728,810.0082336858234,254.5679742990135,396.5657554186761,470.0853725599676,406.3405084947087,449.92790149532,742.9076898060349,521.5418516536091,679.735898551606,66.52745119556633,282.2136476917055,196.6826157294474,112.9797132982243,428.0200483391599,72.51506082179576,165.3332349421102,38.6701309186264,272.2882992827762,107.8901257113209,486.2498664377184,239.74474431558,215.4446556665065,86.31486911750565,83.0480140005837,314.8579180092423,142.5222645948499,117.5645834433903,123.5909165233843,208.2741210409242,0.0,27.60145393687439,54.65117119142233,131.8627032064048,195.4808051057188,150.4903733554366,475.0104953072707,147.4003701179899,500.07122050851,130.2366938530168,169.9978024694625,147.8474172407494,75.80152735256112,275.8995820633435,73.42117781202015,440.2901927239078,247.146780491201
457,203.4498205320091,379.8981928977477,384.6582631108342,450.2643891733383,444.1651683708593,451.7121732469898,500.4836401859899,460.1494214417837,456.5687259117797,447.361379836342,210.2870912285615,243.3007887699673,503.8017176108494,432.8050720318148,473.8034192565079,439.7211396028043,388.4343669363589,490.8361209685503,507.0744204974463,509.4792823253281,407.1659655686618,434.9671839919812,418.5906644307332,373.7948192322634,504.5977133978544,282.4105603569988,352.6241291556706,280.8483397008594,331.1133762255184,412.7435198281022,477.3577317842568,378.6933525886798,483.1224407325927,348.2848696827041,449.2577054097798,496.4856943054251,265.6292447220561,395.3384256492394,463.2537616141417,497.1158329696153,374.166373973202,493.006108532558,455.2694790178285,380.5341643873081,731.7943327995757,658.0103244512313,531.3720654746256,700.8287609288392,598.5549020809614,617.9974557564756,599.3327449902476,687.8830068015345,737.6672981110131,692.7710354022998,527.7788027143606,725.4034359829302,538.9732967995742,669.2570813535671,654.7758788471209,631.0004701137309,650.5392944937018,540.7161372247878,554.8379402028788,626.7898236335394,615.4529676193647,622.4453889729753,575.9686335956168,544.8587950140325,571.8841857260404,724.4229040032968,684.1006953576691,657.4890784756278,745.489396318217,572.0479791054695,637.0086096571212,549.2203443758707,515.1145303349172,728.8573401400298,713.7073374772356,178.9456584112522,281.6985906157352,303.7805009803351,252.3172300329726,342.5123590466662,326.9522158482916,297.1893159048678,269.1037639197435,200.1540257265243,368.224270162367,374.226272132728,370.2834296050075,390.3241132299931,374.5632996532763,334.9719032545348,286.8438836629517,200.3450004282901,133.6441514977732,110.9899460731807,338.0186052047953,230.3008483997043,419.3944473396892,401.4194610174826,366.9422232982708,321.3353695278709,260.3530048399148,292.715118874589,227.3031090614283,285.4837458092737,354.8030135232869,288.0324785458756,283.2379873226801,207.9988324677393,403.5842354438404,358.3111410811414,187.8701963596553,197.9233399782902,290.4059759287454,127.8574864767856,451.8631002416232,165.7712384064021,178.1429273807688,248.2454227218873,395.1171301091163,139.6410581664693,195.2028373543653,272.6272083167846,404.6133886071909,172.8454468814935,393.9569633686449,330.2339859165215,197.8224103534316,216.4018085596559,126.2940506534857,311.1278718725606,313.0619568794017,257.9229376802567,422.5933405983747,250.7142686841194,274.807142150579,144.0290355243479,160.7771993568046,162.3155807467676,222.8105697542475,288.5411216033843,399.1789298900935,390.2608748260669,413.39164040689,184.3803970100898,670.2522409653437,298.6621500344902,167.6510029434686,701.5122200200345,414.1998421847244,400.9260374382444,358.9725299562377,407.6342248085795,783.6726753320488,231.1697990840611,369.247053058524,443.9459149211297,379.4965563574922,426.1176184380589,715.3062378699456,495.4375674217564,652.1344464925855,90.89479101699537,272.6460065461438,183.3699138837534,130.9763194286556,443.9652032294145,46.32569106194254,149.5811742181818,54.28622204970753,265.3935763968366,80.32209718104451,501.9088913495153,260.325388925414,234.6054900430161,67.21231850803693,99.00837290421886,305.8386631241655,133.0848780908903,102.6051196172974,150.9458367576985,233.3579125025337,27.60145393687439,0.0,82.252624019656,159.4503124264672,206.0701711574106,161.2767796321926,492.4404548386693,122.1803177052369,516.4770397569113,129.2147730515771,196.3163341264422,122.2517265808668,98.15121593221097,299.8420258745865,77.51224193063685,459.8415218085759,236.3742043534668
458,121.7531013626225,307.5630591984734,324.002114448451,368.3429872423387,366.2400124171865,369.7895809691038,419.9004831906498,389.4081794056796,375.4412816729343,376.5499514264188,132.583452393022,172.612065835642,423.4930927832996,367.4300003429165,393.4361285520031,366.7462360893573,333.85135769428,420.2973883077495,428.8817089453197,430.4110070630027,337.6709334657966,355.9241425979101,341.2866855004198,297.2838031202668,440.3160630120714,215.8956549806607,272.7127149955293,198.8418318468324,253.0173675364574,343.6316870220934,415.6000650227424,312.5256880718462,404.4535632276022,278.8015061872267,385.9263178768016,414.3836259017501,193.5336379845796,322.5832348126592,387.3896313123353,423.4405101952624,308.9866959304674,417.5354329087043,391.8523519333955,301.2960005731268,651.3671667080123,576.271232504304,450.4099031835771,619.1445662234735,516.347094222232,537.2251973579473,517.4776855539379,605.9279268272436,658.2149573521523,610.7635091316802,445.7984246468083,643.2994383231805,461.7073969108093,587.5605383006049,572.5232566888985,549.3027399175023,569.5365065774919,461.4633202612311,477.7968345896744,544.5372013552987,533.3675385884136,542.888069215798,494.1531300616211,462.6602328622585,494.755199491581,642.2886267181954,601.8809552887385,575.3813558762258,666.7004082675958,490.2351017286194,555.0492503400885,473.5028173115879,432.8628009613896,646.6066621374842,632.5405502083443,226.4070873366019,254.928754990705,286.4461536352061,274.7008621890192,379.7381709958227,320.8374015859946,329.8131860198462,308.9215812027698,257.2125115748655,368.8005846842814,416.5867339580689,355.7804166697418,422.7789318974516,339.4117879492057,278.2516639066646,334.8349465448102,228.7441890833524,92.05234351771911,151.3093378048638,302.2029168088529,163.7369973320853,450.0548710732928,425.6906254811102,343.2974242030469,325.2443790966817,293.7519260068203,286.1863477045807,265.45269315839,297.7010354110988,364.0621137559914,289.0038091764297,342.523381984356,151.2724006101127,390.1311633049412,305.0633934781303,138.6574307277264,165.2373592523055,254.3318086934305,141.6483540193099,493.688325013401,199.817159184628,162.4954307606181,243.2367080880048,389.6107429772276,128.6521595900548,259.4037843545298,217.786405582062,443.6743976878703,242.4487467469887,442.2032904194874,359.4572568505515,211.2545446607214,197.8565864241136,182.6023190644296,352.1647863236859,253.5514571181387,310.9763541380852,467.4709948242139,260.7909775058534,257.9772344704479,193.3689234550011,127.6961897889192,179.0796549424534,176.9278225955861,311.4701663498395,377.4032387031911,392.9470386876695,478.8884887429122,258.1197085122733,750.7384822430835,378.6849400914553,246.8459375779829,782.1485573602538,495.8515174976799,478.4075637880287,435.3167098770368,489.8189360229642,862.3800519533679,302.9820507707183,450.7562943778117,522.279673781112,459.7524296467578,498.2177389959152,797.5588609803249,573.6359371559356,734.3870697383303,36.43068604317042,307.6339585553589,230.6292288572627,92.53547732890532,400.1852480485037,126.1564285539869,204.0752710007474,55.81154313925505,293.196140062325,162.5091263153112,458.5571736054547,203.9303757919289,183.9298727141128,133.2453306318266,75.0726246350658,338.6752745644588,173.0673799715906,157.5888251863877,70.0061050993533,161.0445084352703,54.65117119142233,82.252624019656,0.0,77.26699528569186,185.1494369233132,143.1010024437476,443.5341635182138,199.2129645145806,470.66282948103,148.2439358708204,119.5962690888439,200.1014992904695,50.41032441275663,230.9021800947155,93.06057631401467,404.3378767211023,275.4630245572214
461,48.89196091671582,248.5040712599043,281.3223626173101,292.2949874542608,293.3420475987049,292.6009586268345,343.8643361339628,330.9913486334981,300.9890525721829,312.2340193878711,73.52486832420098,124.4487029261998,350.3349789011603,309.9270900428633,317.662779773649,299.8998065883606,298.7277325454674,361.682930257512,359.0818458281715,355.952549457469,282.1260850102445,285.2420486356125,269.3126116914961,231.6357761425529,382.8187527162507,170.7584995534185,197.880112467706,121.6436072561439,185.4169371830278,281.985900722595,361.4425257395346,255.4147633757615,330.5184832949399,218.3280860221699,330.5006624636374,337.8592746870382,140.4134983592065,256.6622629126194,316.8226862696004,355.1837063266591,260.5970882002118,351.9194388474482,343.3985177500141,230.7722237653693,577.5718430424996,499.1673633564916,376.0710755052238,543.3675749289804,439.4853960823041,463.0479169365746,441.4398706879573,528.705307817999,585.829914499693,534.376005715888,369.5451963991453,566.033476235247,389.1306395843744,511.7791046808233,495.4127212767281,473.5434657513774,492.9960748492318,386.73331645909,409.4380750305788,467.4278957962736,456.1046294647499,467.7139091896311,417.0116843919699,385.4111250579563,426.1785511193364,565.6108896193969,524.6508164367175,498.1152512573015,595.2339352624911,414.2993848422831,478.7817501817606,402.5973191637266,355.7323251559634,569.5322758981305,557.6223376068709,288.2533078081007,257.1176573560606,295.5770138052984,317.9826269778365,429.6896123788701,338.2972285903249,377.9742295194072,362.7734598087658,323.1388386096432,389.9351501319755,469.3966647033798,363.6498978169031,468.1617808264257,326.9400218055554,243.1477001183307,393.2945216509863,279.0380654432199,113.1833321454741,214.7423103382497,291.0901467013049,124.7319994692289,493.4623565383361,464.671062718351,342.7616769682592,351.2496873505249,343.8520305241193,305.395858422806,319.9439740507431,331.9857474933487,392.8323767877268,314.5736813444447,407.8976522188406,131.2941664704153,397.5370607575459,273.0060813556103,132.7516573176774,173.0964444606129,246.5151680686126,192.3930774391968,544.8006656680834,255.7107770854606,187.6073195317382,267.1466957723653,404.4632765186349,165.0830152761447,329.0070640279308,190.1649491221622,493.5637708012397,314.9436111342161,498.7463149484134,404.1413505665528,252.7701224095415,214.6049128057786,250.9111986047805,405.5246242226481,216.196882685792,373.2014359613091,521.2210014899488,295.695800396701,269.811990692166,257.8914321430149,144.3029989474417,226.3316268000224,167.016992700659,353.3009047082957,377.1836399514379,415.0006730632342,542.2140595856694,329.6366120611873,825.735207896982,453.692517030464,321.7606301589549,857.2785235036905,572.1593903490822,551.1244874444678,507.2848640836898,566.7780525445158,935.5872102657078,372.7055256381154,526.9479138768621,595.5896371301357,534.8031901564154,566.5752864515564,874.703862193912,646.72990405292,811.5329475467944,86.43121358777157,351.5921825405821,286.942768480298,109.4644500663739,366.8167368387927,202.4249586512048,266.192436482651,123.5051097704675,332.3648706723258,239.7511007819083,424.0554652367162,166.8308809043696,157.4185309798661,207.3112634492519,115.6456292190073,379.7143820075655,229.2814235645658,222.9965601413951,24.7186911834726,103.2794234882417,131.8627032064048,159.4503124264672,77.26699528569186,0.0,192.9544720414027,162.1745810474198,403.340352834988,275.1598229599769,433.2329772535066,195.1049655584631,58.2105360014551,274.6444432138447,88.00933785836901,173.2455112323359,150.9731559850693,357.6631936618958,323.9231280255922
464,231.8921677390477,429.4510501061731,472.6069213907427,420.8201302264688,338.7275494699697,388.7195547363537,411.6934126340615,509.9682202895851,440.519231852656,305.7712917388585,264.4905195146762,316.6120029084798,493.3380300802533,274.1332344339522,385.2751491321413,307.9547484603806,491.4984526436459,539.5950251399686,514.484881263911,405.8135430785451,465.6027096187723,441.9420227995223,312.3256107964741,403.9370511344885,337.4278205673149,362.7417174590827,277.3790730060029,252.2515539995877,357.4490241596118,268.6441432510383,305.4395761040047,229.0209578187811,378.7953572179948,215.8860844718332,283.3375459078402,457.1079435483165,330.4200841551998,268.3666406861547,343.1510804664519,362.9695148718332,449.7459317663988,518.4083151062063,531.1922283143016,391.9800333253401,707.7854703394581,575.3137600543168,511.2504802386834,659.916519121407,546.5262397263458,594.9509708168024,559.7530891360863,608.7797774759856,723.2802905497513,644.3976399004526,489.7679960616657,649.4061866185026,420.4253328332278,629.4908242669188,593.4040302438974,593.0940671621631,556.6025233708773,436.026399156707,567.0505068587063,566.8816342705414,544.0460364968368,515.1038632220537,499.6027135716923,483.277319594378,582.5757858891935,670.1848885451991,615.9031105176911,584.6672741589406,736.5658130642273,535.1178917810518,592.6858236747352,421.1602728993717,461.8498890137326,665.46135211474,680.9932041558864,384.9984202343389,437.2685458245432,470.7806480414365,452.032574468775,548.0450070959374,505.9844484199422,501.4439361798806,474.7937018230323,404.7424251382711,553.6303916759448,580.2928643218413,540.1773626851549,594.9576708380413,515.8811366500864,436.0514173306849,492.7375661998196,402.108924199277,275.7061792303073,314.8734874970955,479.1778144181341,317.6604773684884,623.6053586871059,603.1160593956197,525.3966996725965,509.4303480682801,464.5831668715525,471.3201026983749,432.4745128672748,479.5437330878637,547.2408991036457,473.4957026398389,485.5146810770868,320.2628450232197,574.5508253179187,465.9604453028854,315.2068778303731,347.9648248910714,432.5624988714312,319.7496301795401,657.9332684214298,369.0478744356158,347.6427497583391,428.1904122719085,574.7554773924707,313.1136858836303,396.2682096129472,382.4013869836227,610.5182428546318,370.0188076068769,599.502252578275,533.5733284000413,391.5540975961146,382.7375723587862,332.1113796601639,517.0699375015079,409.0231912125028,463.054046109325,628.5470257681693,442.9585053716602,442.602088160813,350.0696415248673,311.6312006650972,357.2891246525881,352.7196671736111,488.8921492230315,559.7910941064973,577.5770528961724,413.5218527234798,263.4327511294638,745.8952393661217,394.0624850563713,281.1705161908935,777.8698078989971,518.0400167054788,465.4107450411228,420.0305484217647,525.2385129187613,838.9090232099609,288.4364366457779,474.2260668656374,511.2040438433113,468.5551514763936,456.2784039061746,827.0562271106485,558.2126088670218,765.6210921108523,221.4947182671689,188.6792952528534,169.7210447230722,93.11383591838207,244.3669133499298,213.526434374937,176.0719948730305,156.810677236274,162.497660821081,255.2957215794574,300.8089926765194,110.9622315607076,82.5294033186725,272.5629663558936,114.1996929752439,208.5693837188014,136.2326389065735,165.4271320102952,211.569205707178,154.7020845680102,195.4808051057188,206.0701711574106,185.1494369233132,192.9544720414027,0.0,45.02943781745267,297.0829154438658,312.1090077980352,317.2747153852455,99.19388505891027,162.5011361755213,242.9975166311308,134.7409160079288,177.6647779203788,129.5737933058896,275.7135507082834,175.358365067701
466,205.7201740373917,406.6947587148854,443.484980991036,414.7961462443749,350.4989690217254,390.2041758184241,420.2936877368534,488.4687747791743,431.7897521015995,327.6415749166724,235.5054837351171,286.5627940789482,484.2360081936731,300.9841253460423,393.3379942612876,326.8270348079642,460.0126309530409,518.6844776739865,501.7721982889213,418.3172496841537,441.7805703615995,428.1457957033139,323.7197419219711,384.4945964890138,367.8796033773282,332.8677066171395,278.9063112549177,240.3227632011706,337.5823955205985,290.5783259951868,337.1543461841296,251.859009873874,391.0357949201638,232.4039717789707,312.7669996715154,454.0875876906495,302.3261042140181,284.8261593760943,359.2233156008657,383.4916288087591,422.482357477051,501.9500803446176,504.9865204215496,376.1523658993995,703.9416930733786,584.3369290080894,504.5799782408694,659.581276903233,547.7414541506189,589.9313155325722,558.1688832746208,617.1924048972577,717.3901196241495,645.6813714706078,486.9302884064279,657.3656680882514,437.2434345944672,628.6357347306727,597.3431537959714,591.468135351851,568.3084339680156,449.2422315604531,553.971664730086,570.2104000501137,549.9526556472913,529.9198926970288,506.2455109867817,486.0248179304553,569.9938313088747,673.0537503474518,621.695128991144,591.3199818507406,729.5565496430552,532.6286073406078,592.5557000331185,440.6672673564613,462.245667827547,670.4794069554877,678.9311072243172,340.1390885415668,397.2559609484016,429.5254010077959,407.2243960505878,503.0430431863848,463.3885666235748,456.4177916896779,429.8142632668024,360.4842447376502,510.3945044605066,535.4431388072506,498.8739139405993,549.9288551615192,478.5109708523373,404.1481880300631,448.0772972744121,357.1509768048738,234.7388129988603,269.8445746951703,441.5338837748828,285.3192410998374,578.5852125232819,558.2319719283634,485.5933669816454,465.7919610904252,419.5559122341974,428.6484944621358,387.4582545972457,435.2375770698044,503.19455438188,430.0565569225014,441.8683250888391,284.2352508914139,533.2281379148018,433.3937152365031,277.0073562502322,307.6229006729011,394.3233071619339,275.2175755569595,613.1025463695811,324.0280826388777,305.1687489047985,385.1842340936761,532.2842248365858,269.9053795485943,352.7459782738919,348.1805966661297,565.5704149560536,327.1113119282955,555.0079879556167,488.5782229773688,347.1122194631309,340.9334351034152,287.463312071337,472.1390136010137,377.5151373033343,418.6755698773368,583.8556628040635,398.7570778918668,401.0782301818841,305.20424261855,270.5796856155588,312.6762137421669,315.0081864929217,444.0626180377243,519.8545186178181,534.1586623416549,408.6992544422177,236.5948759947681,728.8135879688414,368.8948055727913,249.2245585790963,760.8259940918721,493.2484496262676,447.7739866480717,402.2335808015719,497.8343675703774,826.6820315590031,267.1633566256908,448.6446284919425,493.6990976249652,446.0098489843807,445.7051017508341,802.8429834094497,542.2339376962171,740.7689334336269,179.5232439966851,195.8404897205242,154.2954456421502,54.31982923701038,285.8944042081389,171.1784628874963,151.4267468047637,111.8231499732365,173.4888406559087,213.8999566267524,343.0927694808025,127.6772455455609,97.11243753799513,228.002124313139,70.00707196984852,221.069151721196,108.9404724562869,130.9718372434808,177.7791093515052,148.7446731521786,150.4903733554366,161.2767796321926,143.1010024437476,162.1745810474198,45.02943781745267,0.0,337.080426600685,269.9128589331693,358.8193172639387,67.19589272341891,143.7166342306107,207.9258467047082,93.01789541500384,188.7752739121141,85.50081462182882,311.4291427659278,174.335024021377
470,410.0128825640064,537.6221383854946,612.5822353146518,430.9530278030091,267.3477958854674,362.4424310735462,331.1755569688705,596.6520421742831,462.0579917619083,182.8617994632654,444.8231924523105,489.2044616443728,505.3561205686072,139.0156954964417,317.8862926469245,205.5919033168759,644.2185879740312,618.1924652679354,545.2181847834156,300.6381732848164,573.7645841886836,493.9611622996395,257.965133676416,498.0242838840097,121.8199138488344,524.9221205918947,302.3575447227804,358.6167933334497,465.4357667899103,175.3929335181678,99.09376952124693,170.9251606124346,285.7814753317239,208.8531578937834,117.8086048734468,438.9135963361168,489.5545178054537,212.0390761235495,239.8822957210837,217.0753256414464,581.5279912745519,572.0592703489461,644.8511657172767,468.1058722141001,653.8456162505572,453.4210843013955,504.2770372261924,588.2951474156806,481.6514985690276,562.9564832687032,510.9275874098103,485.9365005304495,681.2554758218695,564.0423154552167,462.7286709842034,524.2363316507464,279.60909900987,565.2236093489246,502.6360840603643,539.1404989025782,419.6720081812783,315.9782354698199,591.5038198973233,484.4428802111242,448.4708025621851,364.4330821440822,408.106118740335,421.4314567293947,601.5418060260301,576.176171049651,509.5160331838492,477.1779113544038,700.6327714396833,496.6144382059747,528.9511389571596,260.3892856412099,420.5917742303171,557.8164521448244,618.2568693973053,666.6813801496053,653.9578781846013,694.8756110424002,716.5476278501951,823.2701949044458,740.1655645809356,773.2052808285333,752.1071516762984,692.1606707521471,792.407436207129,859.6845403030451,760.5840151178127,865.8202442944379,706.5665076578287,598.4741266580562,775.8486904419286,672.1778154190184,515.3518607144265,592.440093991667,674.9406532196873,502.2016634207181,892.5589108743598,866.0460185108577,734.0224859981226,754.5585104439494,737.2688481613097,708.01222743726,708.6765922250438,734.4193559319239,796.1673799419185,717.9025086939515,775.677405130826,524.6209956978157,793.3622179599636,628.7490384553887,532.9076230253823,575.2696184334201,636.8291051519286,584.6704133254431,937.0113633888396,643.1034800007118,590.6607312341955,670.4764355723487,804.5593839893189,564.9153600525124,687.326059785297,566.6401536923898,887.1866096501764,663.0507554028964,883.5628729687453,802.1564397974599,651.8203039222168,617.6164352664368,617.3074921314532,795.3141302216461,572.9072192389691,749.1258658595095,910.1137315333232,697.7673119004503,670.8165160962706,632.2559341735858,547.6168536033775,621.5931068077481,562.3943827000049,752.8837547941084,767.3746355348687,817.5595605525033,642.0609644771422,551.9404838641841,999.6065581831458,676.346206650407,574.9778326636107,1030.803179554297,796.9029664187739,728.7481029018297,685.6265901568779,809.281154978393,1073.96435324214,567.4777479390506,755.5465194638845,772.5172780994983,743.6128830131458,700.0914275974378,1100.228136034959,813.6080315216068,1041.085468377991,474.1918725021986,417.6461716018342,448.6461666138831,362.1507211390134,56.92371550888115,508.0772531323947,465.6342259158194,438.6349124176619,389.8330661001706,550.9802223053655,40.50662565815811,240.1340501235623,260.297402131962,559.4619288346111,393.488668966606,414.8781670865907,429.9316314289681,462.0237843286635,428.0574298280803,301.7139443724143,475.0104953072707,492.4404548386693,443.5341635182138,403.340352834988,297.0829154438658,337.080426600685,0.0,606.7145710431851,33.82377954762649,395.9536254012517,345.5767832994449,539.3207424372806,400.7021861056219,238.4229439443766,421.3420375680939,58.87793667203346,427.8873360404385
472,314.0922444074574,465.4702140413127,450.7028434352409,558.4367704277427,565.0074723482695,566.9552621477603,618.8988021999414,540.4246474013643,560.9740981751244,569.5161826612057,312.448641166817,332.9505539592232,604.8796278778278,554.1785262985171,592.5367592898996,561.8653333122458,444.9396683704449,569.9669023702928,602.1555194653553,629.572702013345,486.7791302584493,533.2782103016045,539.7278008497926,467.5431890615926,625.531800972089,363.3168981461613,471.9245965458823,396.3538229126458,429.333632038339,534.7830568041045,597.5812027080883,500.3498495783145,603.5146377071715,470.4064944398347,570.0597031863125,605.6971133404529,355.8831742468835,517.4831216031974,584.9406498511705,619.2199271438304,447.871494762604,581.9784994328905,522.8400407991705,480.2861961920815,831.6173571007259,773.649454108746,634.4777305361647,806.2364277685022,708.5600190571653,719.7567500058142,706.1960000384995,802.5409472619347,834.1968203977251,800.3255040131517,635.8466327876766,839.0618038389669,660.1904988623651,774.8649526729528,766.0708495859249,736.7882028724083,768.1476741842162,660.6565125103434,646.4479407033955,738.1589975425882,729.4323215786454,742.1008280556114,691.420686533294,657.9473717005088,663.493502445224,833.0538768686636,796.5423886265351,771.2253051502698,839.9683546527444,678.7920499006957,744.4058276682019,670.9874424358441,627.0429535739494,839.6813197250146,816.5332382612689,112.7259486857273,308.3168366072937,314.1333300596803,211.2204030036933,265.7633726605348,318.0791254927136,232.2968255255733,196.1271554335452,107.8670922573412,345.0204997972801,287.5714579188197,369.2425166824082,317.3186177736856,403.2988276602758,397.9924139026612,198.1709298299993,162.2638873498461,210.6894350062122,101.7660213966028,370.8421565142362,315.4449000775635,347.2881019097532,339.8858180066109,379.5776257860882,298.1875660796568,199.5524005295418,288.9785362425027,164.7686086098355,254.6465695021266,319.8345828309213,273.9079643302273,177.1935793793939,283.7080717408536,398.195375559965,414.6548492060518,258.4438793576897,247.3828708615546,328.664592464246,146.7927904774306,362.3931043024091,131.1150655883987,212.2922797661988,249.9465565638011,378.6221010566808,183.1889071854556,89.42852779087104,338.1989554599356,321.0877771081106,59.58766583556837,297.946290331497,267.0325586747734,184.9738723324975,243.7613018767792,70.18295240102147,231.2104253983619,381.6810625604995,163.9651633913229,330.0517947215342,229.4157383199253,288.6035587132038,90.95701354101072,220.618708054605,158.0846646284725,283.3171062325706,240.3968072827899,406.4123143798756,361.9532006321643,382.5545953731763,158.1706407809559,580.4988538711463,222.5073482638162,119.8137744058507,610.6103609041697,320.3521568237501,331.7470488850092,296.9015070193312,306.571195983083,701.2464012676334,200.9091942126819,278.11027530201,369.2444963291677,297.2046097819896,375.4846381613812,608.3550603075181,419.7580286658653,545.4674889989253,193.4948615647024,315.5288163157026,222.7334199386359,250.0181422644513,555.7813365258985,98.73893623425971,186.2742613201657,175.0217348950257,319.390277367631,57.80104609463957,612.7604507046354,380.288707981173,353.2249571530338,70.03310929419585,217.3948954184862,348.1642052780755,198.4686442826033,159.4499603538536,261.7270407922214,355.4073167243556,147.4003701179899,122.1803177052369,199.2129645145806,275.1598229599769,312.1090077980352,269.9128589331693,606.7145710431851,0.0,628.7179181895868,218.2571955933112,317.3035919505726,104.7734630037863,220.1703621869954,421.9685093933422,185.4614792621481,577.6903740661327,278.1866512529419
476,441.5205723474576,571.4014205764424,646.1550413262461,464.1050934672743,299.7558275216279,395.1318185044748,361.9288160318487,630.4372028167179,495.3009039177115,215.1166818273765,476.5981835513018,521.5862023422311,538.1540019210638,172.3417779881986,349.5555715247919,238.1271682845528,677.6447135085447,651.898663725648,578.320198416708,330.4646582576518,607.5698950975353,527.5938467158012,291.1169366886318,531.8341606863668,148.4805107667521,557.7989548073615,336.1784784039424,391.777281695486,499.1024371064326,208.9819777209635,129.6233681987728,204.6082388536091,316.7268497286715,242.2928488092272,150.6244238948887,471.1817536982723,522.3468416783692,245.7504033213821,271.3903590687785,246.2783321388429,615.1564335781017,605.5291481276014,678.6669483620279,501.9281812005729,682.781867139181,479.0778198002524,536.47849328928,616.5280188452889,511.2799883640111,593.7084624457793,541.2035728409392,511.0682360328591,710.7519605655551,591.8604975074559,494.4597998882422,548.6860132659286,307.0811136064724,594.1292703917818,530.2829246635816,568.8904136729265,444.387482701947,344.3188352650664,624.2728326852067,512.8950220972225,476.4014407279341,388.7299807140091,436.8974726945786,451.9046214680386,634.1119888396149,602.8494596276591,535.8368018807146,503.7889239452163,730.3761326732579,527.5446890163876,558.1981249925352,286.4140413816887,452.1022032828988,583.5232403184102,646.8634752475332,692.1878158635304,685.3110746199322,725.9687331725995,744.551082841216,850.1501310801742,770.7845411666478,800.4730568626165,778.5336687769644,716.5625130209162,822.8500926355453,885.9602535289077,792.0546302721057,893.3818369966608,739.1637910604156,631.5971542562534,801.3150734442758,699.4023703798571,544.609713385178,618.3784000976121,707.2770292406503,534.2414266858093,920.4095815473133,894.5557192632525,765.9925352386143,784.4454580314004,764.3316718543161,738.3736815651193,735.1728367293225,763.4369945307848,825.8544473783774,747.7427151339173,799.480268763059,555.971429831839,824.9886115325268,661.9402550818684,563.6419740708567,605.6991561106616,668.7044445348715,612.1558222644693,963.4433387223102,669.7178480552664,620.1208619506303,700.3220220793604,835.6060545746086,593.5463502478204,710.7494756634746,599.01945649675,913.9482898638184,685.7748990556178,908.9894702974623,829.89078698472,680.0631666391486,647.7706049091523,642.0243041243353,821.6767921283802,605.9182533003565,773.9330828668133,936.0660851983969,726.6835950633129,701.5938873808803,657.5809089778671,577.3396537448708,649.303640651509,593.7059925732464,781.0399933095055,799.4664368774085,847.973917448176,645.1797739490057,566.8695082187027,1004.552859563673,688.8430825270693,591.6809339801548,1035.495105024836,807.9792282792478,736.8118798987076,694.4125867164712,821.7036933923237,1075.371600433319,579.9287032737318,767.4217885674339,779.9304098467733,754.0214558970104,704.9671916351256,1108.987579272702,819.6891356553607,1050.548241476882,502.1135041706353,424.9918009747814,462.414402330061,387.0945098346408,72.94789574465455,529.9789829847434,481.5373048859262,463.094175143415,397.9344946755973,572.3620661943321,21.87313780775255,268.4282381289188,286.8075653812406,583.656771070949,417.8357198476834,419.580321018813,447.4260214172709,480.8599189996009,457.9436926597449,332.45060074091,500.07122050851,516.4770397569113,470.66282948103,433.2329772535066,317.2747153852455,358.8193172639387,33.82377954762649,628.7179181895868,0.0,415.2226643165146,375.8032617774921,557.6552907454536,426.596485673459,270.5972876598971,443.854193241361,92.52233214602249,437.9812712316706
478,243.1714260559542,443.4950436507237,469.5438109974926,469.8075173844222,415.9508269034867,450.7279285494171,484.3319640675551,526.0133491074175,484.3225806446501,394.8357559468462,267.0527503890543,314.3046441469123,536.0036722490395,367.7562241615368,457.2459270162885,393.8439371320095,481.3514628296298,556.7433324657787,549.8279153418132,483.8136506020918,476.5393442703904,475.7279466239721,389.1486047267946,426.0759986272923,433.7938096696029,359.630576368988,340.393556973379,292.9050988334302,379.4335388416426,357.7741395147488,402.5492182532248,319.0228694288828,456.5161069708174,299.2925549601014,378.9447722326597,511.1604549713635,333.0225836223008,351.5825742881681,425.7666840410275,450.6162579943929,452.0849658297061,545.8236218646773,535.282232480977,422.1594826748436,759.2720534052467,648.1424212335941,558.3943075984714,717.7400580451605,607.3278985009741,644.7035695184574,615.7715200872367,680.6551722201862,770.9375506905295,705.0025673499142,543.9444363366524,720.5398048440073,503.8264938222463,686.5135385266841,658.4705548019392,648.9092443334404,633.2460629003346,514.8962852765239,601.2624201251374,631.0507057033402,612.3094836671524,595.9198699242952,569.1044750838884,546.8130036324583,617.7133512079697,733.3383129044284,683.8156620588202,653.964835367877,782.0598236979406,589.6710379952268,651.0709057347535,507.6694641174698,521.6675333838004,732.0642778923285,735.7514742437166,303.1027339678798,397.9499303565071,425.1591819307802,381.4178415807911,467.6452715902636,452.7836961390794,424.3441728986589,394.2400576853006,317.2485490147033,495.9812361088028,496.5603468564686,493.3961832967652,516.7291582425452,485.9493831510547,425.5180613137439,407.4439430183541,329.2025287051341,236.9740874297578,239.6167723810175,448.7406299921819,308.6916073672418,546.1631822793987,529.7677428035471,485.6481384543195,449.5129904822275,387.7038588099586,418.1535998430062,353.7843549566176,414.5266530578357,483.7745234559354,415.44447221965,394.5476379247793,299.3706212857929,527.3071362129829,452.9131756888731,286.5686559727247,309.2973371446314,400.6397352673395,255.5836224771051,573.5967543003333,294.274386784015,298.2196020443904,373.7014835269116,521.5049185168873,260.2934489213955,305.4230347124579,365.7472120384477,528.2698375094808,277.4107572758616,512.2904435164359,457.9579667876293,326.573772097049,336.0476164676995,248.5716005010689,435.0429202791456,400.1759387916031,375.8117482038762,542.8150530554537,379.4234844723792,396.1142293906056,268.8331270034425,270.899734615579,291.1038151196711,324.7058897435435,417.4841235167626,519.0664821874768,518.4910473714125,352.1001091667155,169.4056822486218,663.3235739601466,301.7429254941511,183.0707685585044,695.3244606921847,426.0889840334768,382.4679285521311,336.9861272442819,430.7097773977017,763.3518028094535,201.0671728135998,381.4549536504276,428.346224404989,379.1689036669421,384.3388051168682,735.6838978228634,477.4495300646273,673.5830350455311,181.2244113576873,159.7151458023692,94.44564889020641,92.09338251637745,342.5058658663814,122.0805143319267,85.05159331006791,97.40297534156184,145.1474060591664,160.5325464644266,398.0619529308154,194.8588851786033,164.3033324572767,189.6658964289175,79.86453372558046,190.4407309250026,42.31144754137472,66.23397704619326,203.6601921900059,208.7582343402819,130.2366938530168,129.2147730515771,148.2439358708204,195.1049655584631,99.19388505891027,67.19589272341891,395.9536254012517,218.2571955933112,415.2226643165146,0.0,194.0445696844885,143.8185972817979,108.7319705238345,254.8884285494058,57.78242788384425,374.5512748968169,129.3368991131534
480,74.59827234151444,266.9798790133117,314.065219185661,275.9239544513273,247.8696328030189,262.4133834019703,305.7518732989658,347.5332830451194,290.4065760313259,257.9942640172567,110.5300677261064,162.2631047887585,342.3354746849847,252.8416308708103,278.8008305052072,247.3820166432959,336.2848352575144,377.2824476558454,358.2912272293382,313.2870290714883,303.2865146059039,284.527278646542,222.4349076560553,241.9770384659733,325.8700934422287,206.7435894606737,157.5188253611404,98.86411062719925,195.2658042121346,226.2862366521558,303.7399180172573,198.0825572693482,286.8364634776082,161.9076072555666,272.9772837864013,318.1202420472715,172.3433929950477,203.3755301384303,267.9448206803686,303.8938830973923,289.3921060018375,358.4018431910411,369.7560000643199,232.4520071048137,565.2947093240919,466.152905394818,364.3528327128037,525.0172896177014,416.314946434571,450.6843983013709,422.8313654729268,497.2274780096079,576.9520166068507,513.3657790761345,350.7795523220777,535.956895111112,342.8910124895179,493.6364278524604,469.5541209204774,455.8036435400335,456.2609952625454,344.579079859152,410.3792134004233,441.7728206727212,426.3049453999839,426.4126740889891,384.8809143875524,357.9847563312129,426.4834409312166,542.8057476147653,496.7615682169192,468.3758101472739,588.2900429275668,396.4281216236334,458.7713572054814,354.0599527575541,330.8811662530654,543.6617697649599,542.2171052557352,342.0002574370661,311.5087380879766,351.1143074083718,375.8563751090832,486.9604815808408,395.0673218282761,435.425485093599,419.1811522613972,375.1151131947675,447.0496230078495,526.213630859528,418.3839620926257,526.0347679541437,375.5901963095709,282.3764068614511,448.5431424789034,335.8960153429246,171.3492982920978,267.4426211208114,340.8351790576993,168.5977008010148,551.5032147912045,522.8711420488513,395.3981295785782,409.0185164128075,400.9416493304539,362.5712436583278,376.086030834536,390.1907153452842,450.750563752681,372.3935726373869,460.3322809695433,183.1066995275073,451.9418315634505,313.1495802455601,188.2405806556539,229.9096453907547,298.2408014630574,248.6222012571159,602.011096874314,311.2323363530678,245.7670731077037,324.9766701030375,460.4858257149361,222.9292018600354,378.6593966686655,235.684444723944,550.9209176301912,362.0372445252622,554.7264571998002,462.0160555194183,310.6384600842044,272.0476613363977,301.289051194717,462.1291066795397,255.0619196333929,427.0457853546744,577.904197540935,353.9050842285592,326.0889842998541,310.3559376891546,202.3364356450583,283.4293553919103,220.2412635503698,411.3310184745266,429.6009109481718,472.1708165847586,546.1241785372924,348.1362338451386,847.4753632449309,477.3591268634423,346.8715490710317,879.301815840788,599.0255508388213,568.9569967844061,524.0763246447522,596.8203588003,952.7425349357271,387.5655597054366,553.6210568432892,614.3131714237189,557.9530057079382,576.9946117981195,905.4345155876324,664.7143418162642,842.3882069668674,139.3433298381681,339.5445385742819,288.484258565801,101.9981283884674,310.3973321890276,233.9338020551305,274.5865130017049,149.488679687838,316.9353310881483,275.170800126636,367.1737686727619,111.9336315981522,108.1978050387223,252.7415299440715,123.3799769832532,364.442630969039,233.7119000269223,237.165929148787,82.79043311339358,45.17528270585584,169.9978024694625,196.3163341264422,119.5962690888439,58.2105360014551,162.5011361755213,143.7166342306107,345.5767832994449,317.3035919505726,375.8032617774921,194.0445696844885,0.0,299.9139439295068,104.319015300897,115.6866048955791,164.4802919851825,299.4625055087585,316.6986030393724
481,321.4483667591442,502.1351654631418,504.1947500519565,566.8896750568883,542.1679479924564,561.8146476236944,604.8221442634484,582.2037221685191,575.2100270737074,531.2951158675977,331.5313562768223,365.5383152146052,623.5766529277425,507.9145007067606,577.7197463961551,527.7795537693319,505.3671905206115,612.8377479039922,628.4324166995436,609.3910465787291,529.0871641156205,555.8212907491617,515.6634837924825,495.6661549218916,575.7051173634611,404.1141856090703,456.8969169908249,392.9823504143031,452.4090183029157,494.7268642102542,545.0798076923443,457.1114437082269,582.3329337719489,433.2316833569952,520.4719386904651,612.103839312222,387.8807478089149,484.1588751282274,556.4717672651486,585.304062138421,495.2139772975789,615.1371927271032,575.4652999807569,501.2355405881655,851.3984830753667,766.0486266200359,650.2505374597754,817.9878285517449,713.0055892883554,737.1427963324294,715.9927539515352,797.1188787568808,858.2751272027775,808.638293312209,644.0068640941997,835.7070845846188,634.1284897247752,786.401252545642,767.8516436884802,748.1729791387205,755.3398994799155,640.7931409686071,676.6559255340284,739.9279001777978,725.9160607392793,722.683124443789,684.774652988507,656.757647648068,693.6807357919554,839.4259107962249,795.9265181631307,768.0154110078522,866.5751972867816,688.8962167928466,753.1814432300035,640.7799680071842,628.3725424814959,842.0590371076569,832.1393941536363,215.3383175479456,384.8885971059635,398.7243547626981,311.4142278350579,370.3593209576734,410.5973023452049,336.7592084327861,300.8609792206249,212.3989455965613,442.6546934676663,390.7194419100662,459.5492999805545,421.988228043402,480.2583685878457,453.3965656052087,301.8798516501836,260.0272679386833,252.6020904549233,181.7151504449018,445.1640787808759,352.2307571104061,451.9468312473367,444.4967009864492,464.197977946471,395.1571170848545,303.3145822008277,378.9901799897897,268.2397193742113,353.0790440096729,420.2986856238741,367.4618269595446,275.1259133860283,328.20732248805,490.5191912134372,474.9528084658497,306.4460090821781,309.3366163567928,399.2532441847109,219.4255028027017,464.1942148897706,225.9098007459043,281.7560715548778,336.7352969908563,474.5791714806023,245.6266470443971,191.6508132063494,391.1417136087065,424.5920256194149,160.4209342691903,398.1626577766843,371.534662700771,275.1004661775241,318.181521084864,165.5682386421154,335.7249687415631,432.7366934063036,267.1598404953152,431.1735169971448,324.3121823084968,371.0602494593343,188.3320928414811,274.9900407864546,242.9327710080936,339.0131930161639,342.6733545888427,493.7627352124156,461.1902388046104,297.9864479516616,64.9209848727493,551.0962326103801,179.057812847748,47.21608985502255,582.6344496425002,299.1812721632618,278.8845543523345,236.7212403786701,297.5435555394484,662.3694547648387,112.4359364584393,253.7831567979672,322.3323495142195,260.1634577900434,305.1500325485295,605.9745297667926,373.7578095281772,543.0461877501118,213.1428712494671,211.6215106861158,120.5105725735366,208.948377037243,485.2492096377902,75.93938017390586,86.11773325513033,152.1470597865978,217.57728345274,63.12814142427369,539.8837137244709,332.574959218722,302.6772003043359,127.1944144361914,179.3667184103295,243.8946179216484,110.7893347105326,77.60136158880752,270.1052374524951,328.5588046498976,147.8474172407494,122.2517265808668,200.1014992904695,274.6444432138447,242.9975166311308,207.9258467047082,539.3207424372806,104.7734630037863,557.6552907454536,143.8185972817979,299.9139439295068,0.0,195.6609482457775,386.2457312320804,138.360073184066,518.2392507855757,174.6856841949916
486,136.8406316358067,335.3512703644534,361.3678453986464,374.7464210594008,349.7286838269191,366.2448063003368,409.8414715389566,417.8718602754136,385.8754418980894,349.3926811106397,158.5467612627439,205.6402661151744,436.2351063704714,334.833319690772,382.8219021848177,342.2575031130086,374.4938343107038,448.6697561531304,446.5890271683316,416.1305472132655,367.9923327976856,372.6017530622435,323.6687497067948,319.6134489017876,406.858303755025,251.1496580898338,261.6700531906419,198.6228622778244,273.4244677970078,314.6243556999277,380.1497439305166,280.599908454188,389.3600240556466,250.248103725067,351.6428980723981,418.7721694664502,224.3033819310711,297.8995024626295,367.0640008852011,399.7906530478519,343.4165965033285,439.9278140474488,426.6089606827339,318.3091278164349,662.4604944659104,570.4628139033457,460.8056180178867,625.4731778733008,518.6000839675742,547.735790784029,523.240620414616,601.4620336757918,671.8756816586483,614.9786782818943,451.0867065382875,640.0620449680599,443.6019739761218,593.9482932980787,572.7595739506075,555.8570825485741,560.3877751816177,447.5129487432022,497.2192364926563,544.8874658539983,530.304123551504,529.4541156594022,489.1196871548629,461.431971090625,513.9084279824721,645.1366427667102,600.4785481284293,572.3974528187157,681.8222421767116,496.4245882824653,559.8830927399173,452.7454967032097,433.5484446286397,646.9442770445675,641.1878966830651,266.0065422691116,304.3064943662413,336.5821435571538,321.9980233676902,424.0135370788141,371.2436990808447,375.1250101579434,352.0114768478952,292.9456889723496,419.0717925984129,459.3699393514324,405.9523346260261,468.5372049889824,386.774297105116,318.5176544749457,375.1662069310442,274.2846978908182,141.7212535692013,191.8079370254753,349.6655835473727,200.7052639846735,496.3434917449288,473.3012448027055,392.6650843766898,375.2572738213355,338.6249897639156,336.5844136579655,308.7165616652889,346.7894406896786,413.704208820051,339.129684445408,377.6026701471887,194.5542391483075,440.3157517661901,346.6753295610454,185.1908762809701,214.6418940507066,302.1424043634433,188.6892968984999,536.8862446231359,243.4473724126096,212.9018696011087,293.5498496896568,440.0210212539703,178.6982674880934,291.1682646661517,260.065972674048,487.627884324779,270.3894091141588,482.8785116942613,405.7645339553886,259.5771368419665,248.1748567411696,217.7185465833841,395.115086856814,292.6939389653663,349.0122383917956,509.5222699545996,309.9676851199528,308.2113395799619,231.7036654158683,177.5717265895838,226.3901028567831,223.4235241039372,358.8913310614751,426.892778162125,443.1426616220489,454.2821674866439,245.7930759719949,744.5357051912382,373.605891883751,242.6971084522188,776.2841847506334,494.8286072470518,467.3522206268303,422.9133830712112,492.5202493252713,851.7421341719096,287.1665863336027,449.4263385199018,512.3599886090659,454.4073936722839,479.8018802170765,801.1311869191961,563.1392560037483,738.095151089959,86.79255243982583,267.6677831174738,199.0941419880722,42.48533541404674,355.1550130518214,130.8173476929458,178.4334706612979,46.23722787070255,250.6998731840389,173.3650557875919,413.5350422806024,164.0303842100228,140.5013633705087,162.0778130276109,29.08997955457571,297.3089029366243,141.3185758779909,136.5150087378141,94.92823782589252,136.7187049714095,75.80152735256112,98.15121593221097,50.41032441275663,88.00933785836901,134.7409160079288,93.01789541500384,400.7021861056219,220.1703621869954,426.596485673459,108.7319705238345,104.319015300897,195.6609482457775,0.0,201.8178595331931,63.54227495462963,364.7690284173119,238.0688606196144
493,172.3621990315055,315.6376018730008,382.5944007781089,257.8730077398196,162.0486415258339,214.8376461342973,234.0465447232643,386.0212252769576,282.6302383400799,147.5864804748412,206.5994214930051,251.0178250039123,334.5414693102375,137.2837801481212,207.6148920776121,141.7169949791918,411.6806869037667,412.1459897490765,363.5288861907334,229.7343896714934,353.1594936949677,296.9603801852664,135.365830263696,279.9150043455869,210.3476460852713,288.2654349456547,107.0128825985371,125.8161181313282,240.0518549388483,113.1079741220371,188.197196314581,82.42403215567293,202.4938814405047,48.44354359289703,157.3108642006028,287.9444376137082,252.5704110551319,97.91320376700224,171.0988964684712,199.3633858547065,353.0602943838369,377.5963420663403,424.3276225887384,256.6153551221388,537.1612022777422,397.8111616832212,347.1573227588699,485.7224783229426,371.5064135781151,426.8523746939245,387.4140617548017,431.1854758705529,555.3587038062959,468.9374444730299,319.7990248065277,471.7714358291846,249.148145272802,455.926224257917,416.5119069945751,420.5550767938036,380.1391191406429,260.5373482565873,415.4909255239947,390.3463375057414,366.5654093172863,341.1557362302511,322.0199098198113,307.4110824709118,429.430765190355,493.671216059674,438.3927253990306,407.0424649267735,570.2610116257581,364.113197543828,418.6123219127765,254.5638855113712,288.2184238614865,488.0976621604067,508.4219540913395,456.3403815723391,416.1946417441707,457.5890240901218,491.2266528466091,602.6370928704729,504.0025492931755,551.062407668348,534.7621718834126,488.1032209829692,556.6494969711335,641.8743140082078,522.5683475982894,641.4032849724861,468.7547956922593,363.1375022316429,563.6135549075157,451.5752952283756,286.2412713330085,381.4119523322327,436.6818563809961,263.779696712024,666.5976808392,637.2589311916887,495.6044078496526,520.721016336163,516.6281284667728,472.703306901573,491.5992539593351,504.1602575154499,562.9124168315577,484.3782714200591,573.4174268477421,287.0338073447169,555.1491333437394,393.850361755038,297.0316228906767,340.2459064762268,398.4493305342618,364.2255649694005,717.6953115103244,426.5608771697898,359.5518505368354,437.1531972501873,567.2585007413895,338.3258354929611,489.7091220673861,328.4406209901056,666.5857663816681,470.8911256811388,670.1108599560588,577.3836680293668,426.0154522926535,383.3869745200271,413.4542889194999,577.7531399538527,336.8865284488692,541.2671279161938,693.5339984036443,468.2188254217621,434.3549610068362,423.9680288795802,315.7371257825272,399.1127933786514,324.8238321079757,526.465952808019,528.9589998147202,581.8372685647805,591.1171178169092,423.3287198295932,917.5860705819455,555.7266632534481,431.05393023434,949.5987018570136,679.8474306550696,636.542350424679,591.000523201717,682.2680055958527,1014.388952731778,455.7874108581505,634.8523187144584,682.4685887185905,633.9170373434179,632.365525713099,989.2110917390614,730.8821164736207,926.7512244397174,254.3299484146009,365.0085509502559,342.0975487694629,177.7024146065064,212.5939626657921,330.5580885558709,339.8443525584412,247.485474090051,337.6760769378872,374.0702494053676,265.3573846898572,67.41111104278626,95.31530025306677,361.5856628155986,209.0187565171364,381.7188986578111,297.1457089837752,313.5813378647965,197.297522997972,70.82446078065128,275.8995820633435,299.8420258745865,230.9021800947155,173.2455112323359,177.6647779203788,188.7752739121141,238.4229439443766,421.9685093933422,270.5972876598971,254.8884285494058,115.6866048955791,386.2457312320804,201.8178595331931,0.0,248.4914432651599,187.6293472495264,352.9987880031863
495,199.8624131780574,396.2227359178316,416.8038145880773,437.7823922082748,403.850875195103,426.8045345161054,467.3296524931699,478.6108307463721,449.3255716916746,394.6389181784324,219.2741880486626,263.6327328223612,499.7672387364313,374.0602083636951,440.1825174147015,390.1943483638694,426.8880045731054,509.4823709676327,509.9474090407114,471.1581870491737,427.8451384530051,436.0079371201908,377.3218786801185,382.097915867648,443.8579261228477,307.9654182044173,319.8834922885258,261.1243295367393,336.2063342443142,358.4696633857178,414.6837484236556,321.7775638282369,444.0637028773433,295.9652462457374,388.3157316050739,481.3852103707101,283.5495378603148,346.3396927393254,418.2429909935345,447.8164594266773,400.9543729492238,502.5589647196742,484.027002616853,381.6421078352311,725.8529106138917,629.4130104119067,524.2132362778233,688.2305382230451,580.548169240121,611.1147207397497,585.9801260478843,660.9318230877303,735.4059589779803,677.2969708157218,513.823828820315,699.968143419045,495.8206906986911,656.7405105758752,634.0327008461652,618.7104115005384,617.7229380564283,502.5522838115537,560.4097742899944,606.2434017022889,590.5031290041782,584.41140318624,548.6373076634279,522.4601324949886,577.1418376216711,707.0803785108257,661.15210207535,632.5333218751246,745.3621191180421,559.2702312110132,622.3964682027555,502.8180703015541,495.2352548998784,708.1417152352918,704.3156049164268,256.1357421981462,340.1881536884541,367.4832750902819,328.562863045542,419.9817187863557,395.8020455030081,374.6405975917841,346.5480715147846,275.1742146124158,439.7809670735836,451.2695359444456,435.8447858261191,467.8261902818309,428.5613865197456,371.3117283976585,363.341498108054,277.1138988667548,179.6173356598084,188.1836061400285,391.374090311877,256.1741332533372,496.8646962041456,478.4214419718091,427.8657111855414,393.6724541679536,337.7885849621939,361.1037029876316,304.8153354018083,359.8741769898749,428.864254398557,359.1478101935658,356.369306221056,244.1314715331273,469.8177680167341,398.0075562475163,230.0841065938278,251.6591233645944,343.249629722427,199.981422376472,528.8300041649493,242.9126884853416,240.57525793674,316.72534398118,464.6363016605315,202.7899969809539,267.2687748498186,310.7053848441153,481.9224981082726,241.9231786042119,469.9573312177509,407.5488894182482,271.5916237603945,278.3308958680635,202.7624373366823,388.4275597561206,346.5572898789179,333.4828220899699,499.1688897283751,324.2499762195083,338.452214124196,221.2801196766268,213.2450999550101,236.3000257062643,268.0320036031572,365.0592760304563,461.2936517811027,462.6138570964334,391.3750481830536,183.6638410490137,682.9964973203755,313.3941055406662,184.3486220186969,714.8275943804705,435.9703748894354,404.7721394586451,360.0978341574062,435.7366112592988,788.9393707272168,223.9846184471895,390.6109197254606,449.9977539516644,393.7231570372354,416.2606381708712,743.9315608853083,500.5642539286063,681.0967873648915,124.2936826576128,215.2165377726841,138.4156710247423,70.80843718007037,370.9936968746411,87.19987406124505,115.2464427785449,39.76167820618284,202.3773449169852,130.9155585207413,428.4120109157016,198.386350179068,169.7850683802972,143.1418273803198,41.44993973788925,246.8239380843433,80.47510260925701,73.20065521433722,154.8438858942962,190.3937857519228,73.42117781202015,77.51224193063685,93.06057631401467,150.9731559850693,129.5737933058896,85.50081462182882,421.3420375680939,185.4614792621481,443.854193241361,57.78242788384425,164.4802919851825,138.360073184066,63.54227495462963,248.4914432651599,0.0,392.7338349854455,182.4681744211807
498,359.9790619434031,479.8364062575114,555.7971278703866,372.282309275602,209.6683445657611,304.2728428598659,275.9283939920929,537.9836309252556,403.3137079991282,125.7579563743692,393.9065971517251,436.4342531620082,447.0035366707735,80.33486883212451,261.2062768248269,147.8888619323137,587.9788311899134,559.3763748106362,486.5726592945151,247.1342628722804,515.7581320133227,435.0957240798703,199.3496975566372,439.9863772371946,81.17380946710527,470.6020303316078,244.223976976361,303.6678511458441,408.3149737589849,116.5150095010203,49.68433539004911,114.3699341165567,230.4004642632886,153.4020769503492,60.20591482388202,381.2131858894689,435.5511133214916,153.231076012657,183.7635909282391,165.6364837928712,524.5214980856904,513.1940937148935,586.7153080267741,409.7086650716141,600.7800439153101,406.3511909640632,446.6195005376532,536.4493263566236,427.798796306325,507.2530381739326,456.0062720704363,439.6114484285389,627.2971904401556,512.9205125457204,405.7281114417136,478.9089263694304,230.6652031019563,512.3485339564863,451.9655640091234,484.9850551696076,374.4669864867759,265.0437256516136,533.1612267501172,432.4928970898708,397.5140599163126,320.4516729064976,355.8527688716694,366.3754023066722,543.4088522932744,526.905749127405,461.0518866269338,428.3488846224396,646.2834147186326,440.7273919702537,475.6049518377674,214.5526002144327,363.9560412621868,510.2175635324377,565.761127845408,629.948672150458,603.677052792572,645.1902766264686,674.1367196979645,783.1095842869107,691.585040059552,732.3028861469119,713.1046659510173,657.7059370527355,744.1787291647308,820.7587864094234,709.8551672870243,824.0820090823933,652.8789945902713,543.2945221161693,738.8577849592485,631.6426776553146,470.6649368539822,555.067100733537,622.0164227640139,450.3805310346991,850.1372845841659,822.1962000649747,682.027037992266,707.7150266282475,696.9078833404217,660.1117999298865,669.6438960988863,689.648649803667,749.7267556955268,671.2360122928143,742.2062454954274,474.6197576348692,742.2002673730649,573.3238885070188,484.4847456812315,527.4944552658984,585.2072727099153,543.8580040032189,897.6066290692451,604.0260822948496,545.2114256038701,623.8943219376291,754.8425370404908,521.5261705402919,654.9563535263146,513.7356017326925,847.1579849553698,632.2456868125197,846.4026302382545,760.1562350719128,609.0402746135248,570.4110602765953,582.4867562092054,756.3420223805156,518.1092867564817,713.6181287670288,871.7830215038842,653.3123039513213,621.9613832568893,596.0527226260027,501.6724125364215,580.1278383169038,512.4010727507762,710.0421320488878,715.0229143819837,769.3652955181208,648.4283634266164,537.4483389531231,1001.270256832321,665.6132319880356,556.8535490613817,1032.831791286144,788.218901714281,725.8721805842471,681.6782111326935,798.0511840025571,1081.602500231517,557.5757434817917,745.5654963829112,770.6001201371015,736.3971243099282,703.0438095987396,1094.84149126479,813.8892195272248,1034.565079737225,432.9178699323136,418.8252737767595,437.463875687558,328.8867868855328,76.98893686193016,479.92745070244,450.096157530924,405.5708514199559,390.1114910235016,523.5949420247964,97.06017005081397,200.9374455726102,225.2370005280522,526.0679850491151,361.1684210756898,420.7739009231179,411.6732249097354,440.6602626730332,382.2429124379402,254.6177704711173,440.2901927239078,459.8415218085759,404.3378767211023,357.6631936618958,275.7135507082834,311.4291427659278,58.87793667203346,577.6903740661327,92.52233214602249,374.5512748968169,299.4625055087585,518.2392507855757,364.7690284173119,187.6293472495264,392.7338349854455,0.0,423.9115548685119
506,371.4736676969339,572.4271889359543,598.4764589953495,589.0900142903315,513.9454546050824,562.1980757645259,587.0417265682972,654.9074053709436,606.0363122918033,476.3768305470018,396.2845178856555,443.6027981724643,658.3991937711438,439.9659820996243,560.5837570696713,480.7210848337659,609.3125324278549,685.5734158928881,674.8931641013173,580.8094243518816,605.7453771305641,600.9877901240257,487.6147533366404,553.8712091467478,495.9022201958119,488.8110359483841,450.6171428938982,414.3938566163637,507.0442956798973,439.6880055288821,462.2869386987891,399.9901839084456,553.8846585819675,390.4436427363694,445.1242520726926,627.9266178724347,462.352743160929,442.6002751085917,517.1546596922527,534.1136951048744,581.3754702844626,672.9752973788848,664.5725629865179,548.1719466879953,878.0820918366586,750.6623552740908,678.9148050232471,832.6948055103022,720.0629361838206,764.1949382195163,731.6774951527867,784.1381391121107,891.7223893132218,818.0381206789228,660.751316460259,824.7603336476321,593.7343927551957,801.9343309623658,768.0628702621615,765.0129070661001,731.6091045048742,610.7920496639643,726.8228980667465,741.3220418751451,719.1585172518327,689.1288853662036,674.8121590568915,657.4297205031262,743.0383836948238,844.5217234461661,791.0263183709827,759.9110785489253,903.8648224024594,706.3918972589217,765.541603936267,592.6899333192146,634.8794937016931,840.4458662939929,852.6568899829084,384.3434788404892,517.0549647558225,540.1546798855501,475.3157563725512,543.7470293316309,561.8461715529194,507.5263636316064,472.888332085351,386.0232339596566,600.3574966297155,565.2766029186656,606.3996532772239,595.1205570974639,608.1602042519653,553.6650963703208,476.1953518804018,422.5339085402753,360.3343509421712,335.7173829953437,571.1579108776876,437.6176723782842,625.0962560386743,615.3952123034151,603.1123641197472,552.8449285932097,472.6904469464978,528.0364912115067,437.4986772888469,513.7132187214949,582.7131288941623,521.3702656052251,449.3689407718404,426.5980004765941,639.4589651650051,580.4753745423767,412.053532524843,430.6108183573844,523.0838223371443,362.5378894131243,638.868742935809,387.1066515691388,414.2092441125995,483.7516545532241,629.19320011943,375.6676315546744,366.2338545594936,493.1735592639169,599.040816777601,335.0620317297695,572.6462512946603,542.2643739164773,429.078064193414,452.4968938431358,331.1323700342119,509.3028533122143,528.6844375247731,441.6462694017432,605.7885545680149,481.3049664841149,511.1774870332744,353.7268454078492,392.3584884110216,394.1169644278224,449.7163713843964,509.0400126314227,635.5198434770499,621.0742247227507,238.1785412189943,147.4370317432427,578.5028651864951,253.0983181508756,184.5969989072384,610.2606965718088,370.0823106871696,302.0120788167321,258.1367752062667,385.1401265400793,666.0050153030209,145.5689830009826,330.2248296583257,346.6957600405198,316.0585752654822,283.4453214785476,672.4575861765344,390.6568572243459,613.2004673200136,306.1523630912897,37.72542207510695,56.26476978924821,217.2978240111188,370.9764553540768,207.4776287175337,93.52940382069211,221.3916636082064,46.52214488144201,226.7960828161979,417.520757480511,286.248820549506,257.7429555578164,279.7808926167835,209.1657993728687,71.14673257734775,104.645996179959,134.9737836984048,332.9970574722423,322.4734865914083,247.146780491201,236.3742043534668,275.4630245572214,323.9231280255922,175.358365067701,174.335024021377,427.8873360404385,278.1866512529419,437.9812712316706,129.3368991131534,316.6986030393724,174.6856841949916,238.0688606196144,352.9987880031863,182.4681744211807,423.9115548685119,0.0
