Year,State,County,CountyI,Yield,avgPRCP,Area
1999,ILLINOIS,ADAMS,1,122.0,2.099501369863014,119000.0
2000,ILLINOIS,ADAMS,1,172.0,2.245054644808743,124900.0
2001,ILLINOIS,ADAMS,1,152.0,2.550438356164384,133700.0
2002,ILLINOIS,ADAMS,1,146.0,2.728586301369863,127100.0
2003,ILLINOIS,ADAMS,1,171.0,2.26025205479452,135100.0
2004,ILLINOIS,ADAMS,1,195.0,2.556655737704918,134200.0
2005,ILLINOIS,ADAMS,1,129.0,1.802356164383561,139700.0
2006,ILLINOIS,ADAMS,1,129.0,2.05078904109589,128500.0
2007,ILLINOIS,ADAMS,1,162.0,1.900476712328767,149200.0
2008,ILLINOIS,ADAMS,1,171.0,3.447737704918032,129900.0
1999,ILLINOIS,BUREAU,6,139.0,2.521210958904109,239000.0
2000,ILLINOIS,BUREAU,6,151.0,2.722126373626374,242300.0
2001,ILLINOIS,BUREAU,6,169.0,2.872635616438356,236200.0
2002,ILLINOIS,BUREAU,6,163.0,2.533041095890411,247800.0
2003,ILLINOIS,BUREAU,6,175.0,2.498246575342466,258000.0
2004,ILLINOIS,BUREAU,6,186.0,2.575393442622951,268700.0
2005,ILLINOIS,BUREAU,6,136.0,1.691013698630137,285600.0
2006,ILLINOIS,BUREAU,6,178.0,2.755030136986301,267600.0
2007,ILLINOIS,BUREAU,6,195.0,3.00972602739726,308500.0
2008,ILLINOIS,BUREAU,6,199.0,3.473415300546448,297500.0
1999,ILLINOIS,CARROLL,8,162.0,2.320098630136986,125000.0
2000,ILLINOIS,CARROLL,8,150.0,3.017380821917808,128100.0
2001,ILLINOIS,CARROLL,8,165.0,2.935961643835616,125600.0
2002,ILLINOIS,CARROLL,8,178.0,2.62907397260274,126600.0
2003,ILLINOIS,CARROLL,8,173.0,2.306876712328767,131300.0
2004,ILLINOIS,CARROLL,8,189.0,2.474988095238095,133900.0
2005,ILLINOIS,CARROLL,8,163.0,1.823928767123288,136500.0
2006,ILLINOIS,CARROLL,8,185.0,2.707564179104478,135000.0
2007,ILLINOIS,CARROLL,8,187.0,2.750158904109589,152600.0
2008,ILLINOIS,CARROLL,8,185.0,3.461617486338798,148000.0
1999,ILLINOIS,CHAMPAIGN,10,166.0,2.462543956043956,271000.0
2000,ILLINOIS,CHAMPAIGN,10,145.0,1.928595628415301,276100.0
2001,ILLINOIS,CHAMPAIGN,10,153.0,2.190401098901099,272400.0
2002,ILLINOIS,CHAMPAIGN,10,142.0,2.847032967032967,271700.0
2003,ILLINOIS,CHAMPAIGN,10,185.0,2.561572602739726,276600.0
2004,ILLINOIS,CHAMPAIGN,10,181.0,2.677409836065574,292300.0
2005,ILLINOIS,CHAMPAIGN,10,164.0,2.368810958904109,290600.0
2006,ILLINOIS,CHAMPAIGN,10,180.0,2.472498630136986,278100.0
2007,ILLINOIS,CHAMPAIGN,10,188.0,2.050840659340659,316000.0
2008,ILLINOIS,CHAMPAIGN,10,176.0,3.323572602739726,282500.0
1999,ILLINOIS,CLAY,13,103.0,3.444657534246575,59000.0
2000,ILLINOIS,CLAY,13,139.0,3.38944262295082,65800.0
2001,ILLINOIS,CLAY,13,143.0,2.499638356164383,74500.0
2002,ILLINOIS,CLAY,13,68.0,3.208054794520548,68000.0
2003,ILLINOIS,CLAY,13,126.0,3.01598904109589,58200.0
2004,ILLINOIS,CLAY,13,154.0,3.422952380952381,79400.0
2005,ILLINOIS,CLAY,13,116.0,2.596367123287671,76300.0
2006,ILLINOIS,CLAY,13,130.0,3.694482191780822,67100.0
2007,ILLINOIS,CLAY,13,123.0,2.601238356164383,86000.0
2008,ILLINOIS,CLAY,13,133.0,4.001540983606557,53000.0
1999,ILLINOIS,COLES,15,141.0,1.900061111111111,115000.0
2000,ILLINOIS,COLES,15,166.0,3.26871225071225,121700.0
2001,ILLINOIS,COLES,15,174.0,2.542087671232876,116200.0
2002,ILLINOIS,COLES,15,131.0,3.019468493150685,115700.0
2003,ILLINOIS,COLES,15,170.0,2.115038461538461,118400.0
2004,ILLINOIS,COLES,15,183.0,2.799551912568306,120200.0
2005,ILLINOIS,COLES,15,149.0,1.727060439560439,120500.0
2006,ILLINOIS,COLES,15,168.0,2.014602739726027,114100.0
2007,ILLINOIS,COLES,15,181.0,1.835758904109589,131800.0
2008,ILLINOIS,COLES,15,170.0,2.22267397260274,118100.0
1999,ILLINOIS,CRAWFORD,17,111.0,2.847583561643836,83000.0
2000,ILLINOIS,CRAWFORD,17,138.0,3.818327868852459,81400.0
2001,ILLINOIS,CRAWFORD,17,144.0,2.649950684931507,81300.0
2002,ILLINOIS,CRAWFORD,17,101.0,3.059830136986301,81000.0
2003,ILLINOIS,CRAWFORD,17,144.0,2.870547945205479,83400.0
2004,ILLINOIS,CRAWFORD,17,173.0,3.59427397260274,85600.0
2005,ILLINOIS,CRAWFORD,17,133.0,2.864980821917808,87200.0
2006,ILLINOIS,CRAWFORD,17,138.0,3.6576,76200.0
2007,ILLINOIS,CRAWFORD,17,140.0,3.020622754491018,92700.0
2008,ILLINOIS,CRAWFORD,17,164.0,3.394294294294294,74000.0
1999,ILLINOIS,DE KALB,19,155.0,2.719539726027397,192000.0
2000,ILLINOIS,DE KALB,19,157.0,2.565020895522388,194300.0
2001,ILLINOIS,DE KALB,19,144.0,2.526082191780822,190200.0
2002,ILLINOIS,DE KALB,19,143.0,2.143342465753424,189700.0
2003,ILLINOIS,DE KALB,19,170.0,2.026676646706587,191500.0
2004,ILLINOIS,DE KALB,19,180.0,2.344615384615385,204000.0
2005,ILLINOIS,DE KALB,19,146.0,1.633508982035928,214500.0
2006,ILLINOIS,DE KALB,19,181.0,2.499638356164383,208500.0
2007,ILLINOIS,DE KALB,19,197.0,3.025035616438356,246500.0
2008,ILLINOIS,DE KALB,19,189.0,3.224273224043716,232000.0
1999,ILLINOIS,FORD,27,152.0,2.335408219178082,135000.0
2000,ILLINOIS,FORD,27,136.0,2.074333333333333,143900.0
2001,ILLINOIS,FORD,27,146.0,2.805830136986301,136200.0
2002,ILLINOIS,FORD,27,149.0,2.670131506849315,139800.0
2003,ILLINOIS,FORD,27,170.0,2.591495890410959,142300.0
2004,ILLINOIS,FORD,27,178.0,2.914754098360655,148200.0
2005,ILLINOIS,FORD,27,158.0,2.510772602739726,147300.0
2006,ILLINOIS,FORD,27,168.0,2.567139726027397,141200.0
2007,ILLINOIS,FORD,27,187.0,2.573402739726027,162300.0
2008,ILLINOIS,FORD,27,175.0,3.381808743169399,149900.0
1999,ILLINOIS,FRANKLIN,28,86.0,2.681961643835616,44300.0
2000,ILLINOIS,FRANKLIN,28,123.0,3.282244444444444,42800.0
2001,ILLINOIS,FRANKLIN,28,134.0,3.195052631578947,43300.0
2002,ILLINOIS,FRANKLIN,28,49.0,3.322230088495575,37100.0
2003,ILLINOIS,FRANKLIN,28,76.0,2.770495522388059,33700.0
2004,ILLINOIS,FRANKLIN,28,138.0,3.931270676691729,44600.0
2005,ILLINOIS,FRANKLIN,28,117.0,2.557171830985915,49500.0
2006,ILLINOIS,FRANKLIN,28,130.0,3.477516853932584,34500.0
2007,ILLINOIS,FRANKLIN,28,113.0,2.403553719008264,47100.0
2008,ILLINOIS,FRANKLIN,28,142.0,3.252630985915493,34300.0
1999,ILLINOIS,HANCOCK,34,133.0,1.988158904109589,154000.0
2000,ILLINOIS,HANCOCK,34,158.0,2.275590163934426,151700.0
2001,ILLINOIS,HANCOCK,34,155.0,3.221276712328767,147700.0
2002,ILLINOIS,HANCOCK,34,155.0,2.823227397260274,156800.0
2003,ILLINOIS,HANCOCK,34,171.0,2.761293150684931,158500.0
2004,ILLINOIS,HANCOCK,34,193.0,2.878666666666667,161000.0
2005,ILLINOIS,HANCOCK,34,142.0,2.170482191780822,165200.0
2006,ILLINOIS,HANCOCK,34,152.0,1.952910179640718,154700.0
2007,ILLINOIS,HANCOCK,34,183.0,2.044735376044568,175200.0
2008,ILLINOIS,HANCOCK,34,190.0,3.342821428571428,166100.0
1999,ILLINOIS,HENDERSON,36,150.0,2.084191780821917,88000.0
2000,ILLINOIS,HENDERSON,36,146.0,2.313065573770491,90700.0
2001,ILLINOIS,HENDERSON,36,162.0,2.963101369863014,79800.0
2002,ILLINOIS,HENDERSON,36,166.0,2.483478021978022,88700.0
2003,ILLINOIS,HENDERSON,36,168.0,2.332624657534247,92900.0
2004,ILLINOIS,HENDERSON,36,185.0,2.346377049180328,92200.0
2005,ILLINOIS,HENDERSON,36,155.0,1.797484931506849,95300.0
2006,ILLINOIS,HENDERSON,36,161.0,1.850071625344353,90500.0
2007,ILLINOIS,HENDERSON,36,185.0,2.528137362637362,103200.0
2008,ILLINOIS,HENDERSON,36,199.0,3.181280219780219,91500.0
1999,ILLINOIS,IROQUOIS,38,159.0,2.059991836734694,306000.0
2000,ILLINOIS,IROQUOIS,38,145.0,2.290871232876712,313600.0
2001,ILLINOIS,IROQUOIS,38,158.0,3.054494318181818,298800.0
2002,ILLINOIS,IROQUOIS,38,157.0,2.677786301369863,307300.0
2003,ILLINOIS,IROQUOIS,38,158.0,2.712920903954802,326300.0
2004,ILLINOIS,IROQUOIS,38,184.0,3.10563025210084,324800.0
2005,ILLINOIS,IROQUOIS,38,167.0,2.376152112676056,341900.0
2006,ILLINOIS,IROQUOIS,38,170.0,2.919938718662952,323400.0
2007,ILLINOIS,IROQUOIS,38,178.0,2.572706849315068,382000.0
2008,ILLINOIS,IROQUOIS,38,175.0,3.631644808743169,355000.0
1999,ILLINOIS,JACKSON,39,83.0,2.520189415041783,27000.0
2000,ILLINOIS,JACKSON,39,141.0,3.163517808219178,29300.0
2001,ILLINOIS,JACKSON,39,145.0,3.494786703601108,34200.0
2002,ILLINOIS,JACKSON,39,70.0,2.751198895027624,26200.0
2003,ILLINOIS,JACKSON,39,126.0,2.506505494505495,31100.0
2004,ILLINOIS,JACKSON,39,143.0,2.899486338797814,32000.0
2005,ILLINOIS,JACKSON,39,141.0,2.212032967032967,31300.0
2006,ILLINOIS,JACKSON,39,142.0,3.605408219178082,26800.0
2007,ILLINOIS,JACKSON,39,140.0,2.621419178082192,35600.0
2008,ILLINOIS,JACKSON,39,148.0,3.61151912568306,26200.0
1999,ILLINOIS,JASPER,40,98.0,2.670827397260274,85000.0
2000,ILLINOIS,JASPER,40,138.0,3.447737704918032,97300.0
2001,ILLINOIS,JASPER,40,147.0,2.810701369863013,96100.0
2002,ILLINOIS,JASPER,40,100.0,3.017380821917808,93000.0
2003,ILLINOIS,JASPER,40,147.0,3.039649315068493,98600.0
2004,ILLINOIS,JASPER,40,176.0,3.222191256830601,99100.0
2005,ILLINOIS,JASPER,40,120.0,2.606805479452055,101300.0
2006,ILLINOIS,JASPER,40,145.0,3.642986301369863,93100.0
2007,ILLINOIS,JASPER,40,150.0,2.922043835616438,109200.0
2008,ILLINOIS,JASPER,40,160.0,4.256928961748634,88300.0
1999,ILLINOIS,JEFFERSON,41,91.0,2.640208219178082,46600.0
2000,ILLINOIS,JEFFERSON,41,132.0,3.039649315068493,49600.0
2001,ILLINOIS,JEFFERSON,41,134.0,2.727890410958904,46300.0
2002,ILLINOIS,JEFFERSON,41,71.0,3.074443835616438,41000.0
2003,ILLINOIS,JEFFERSON,41,78.0,2.579292817679558,34500.0
2004,ILLINOIS,JEFFERSON,41,147.0,3.086863387978142,47500.0
2005,ILLINOIS,JEFFERSON,41,122.0,2.413349862258953,50400.0
2006,ILLINOIS,JEFFERSON,41,117.0,3.493197802197802,39400.0
2007,ILLINOIS,JEFFERSON,41,95.0,2.422394520547945,54000.0
2008,ILLINOIS,JEFFERSON,41,131.0,3.866275449101796,36300.0
1999,ILLINOIS,JO DAVIESS,43,143.0,2.045221917808219,75000.0
2000,ILLINOIS,JO DAVIESS,43,137.0,2.494767123287671,76600.0
2001,ILLINOIS,JO DAVIESS,43,148.0,2.585232876712328,70300.0
2002,ILLINOIS,JO DAVIESS,43,156.0,2.471802739726027,73200.0
2003,ILLINOIS,JO DAVIESS,43,155.0,1.984679452054794,75200.0
2004,ILLINOIS,JO DAVIESS,43,177.0,2.540693989071038,71800.0
2005,ILLINOIS,JO DAVIESS,43,165.0,1.601939726027397,78300.0
2006,ILLINOIS,JO DAVIESS,43,166.0,2.679178082191781,77400.0
2007,ILLINOIS,JO DAVIESS,43,186.0,2.75282967032967,96400.0
2008,ILLINOIS,JO DAVIESS,43,163.0,3.441491803278689,92800.0
1999,ILLINOIS,KANE,45,152.0,2.497080332409972,87300.0
2000,ILLINOIS,KANE,45,150.0,2.544857923497267,91300.0
2001,ILLINOIS,KANE,45,133.0,2.658626373626373,86900.0
2002,ILLINOIS,KANE,45,127.0,2.084887671232877,84600.0
2003,ILLINOIS,KANE,45,167.0,2.73693698630137,83400.0
2004,ILLINOIS,KANE,45,174.0,2.390792349726776,95000.0
2005,ILLINOIS,KANE,45,121.0,1.624208219178082,91000.0
2006,ILLINOIS,KANE,45,178.0,2.729978082191781,81900.0
2007,ILLINOIS,KANE,45,186.0,2.588016438356164,94900.0
2008,ILLINOIS,KANE,45,188.0,3.082005464480874,92700.0
1999,ILLINOIS,KANKAKEE,46,134.0,2.356284931506849,181000.0
2000,ILLINOIS,KANKAKEE,46,145.0,2.462273224043716,184600.0
2001,ILLINOIS,KANKAKEE,46,139.0,2.377161643835616,179000.0
2002,ILLINOIS,KANKAKEE,46,129.0,2.173961643835616,176200.0
2003,ILLINOIS,KANKAKEE,46,159.0,2.583841095890411,188000.0
2004,ILLINOIS,KANKAKEE,46,179.0,2.571229508196721,189000.0
2005,ILLINOIS,KANKAKEE,46,137.0,2.324969863013699,197200.0
2006,ILLINOIS,KANKAKEE,46,167.0,3.258158904109589,181000.0
2007,ILLINOIS,KANKAKEE,46,179.0,2.878898630136986,216000.0
2008,ILLINOIS,KANKAKEE,46,177.0,3.14307650273224,207500.0
1999,ILLINOIS,LAWRENCE,51,122.0,1.790735376044568,75000.0
2000,ILLINOIS,LAWRENCE,51,138.0,3.209828254847645,77200.0
2001,ILLINOIS,LAWRENCE,51,145.0,3.017994505494505,79100.0
2002,ILLINOIS,LAWRENCE,51,97.0,2.814236263736264,67100.0
2003,ILLINOIS,LAWRENCE,51,121.0,2.577578082191781,67700.0
2004,ILLINOIS,LAWRENCE,51,172.0,2.552560439560439,80500.0
2005,ILLINOIS,LAWRENCE,51,135.0,2.529561643835616,79500.0
2006,ILLINOIS,LAWRENCE,51,142.0,2.979106849315068,68500.0
2007,ILLINOIS,LAWRENCE,51,133.0,2.037567123287671,80500.0
2008,ILLINOIS,LAWRENCE,51,148.0,2.991155807365439,55300.0
1999,ILLINOIS,LEE,52,150.0,2.708405479452054,203000.0
2000,ILLINOIS,LEE,52,152.0,3.15487431693989,208000.0
2001,ILLINOIS,LEE,52,160.0,2.765468493150685,206000.0
2002,ILLINOIS,LEE,52,165.0,2.506597260273972,209900.0
2003,ILLINOIS,LEE,52,152.0,1.963802739726027,223200.0
2004,ILLINOIS,LEE,52,185.0,2.399814207650273,244600.0
2005,ILLINOIS,LEE,52,142.0,2.071544910179641,256600.0
2006,ILLINOIS,LEE,52,188.0,3.013901369863014,246700.0
2007,ILLINOIS,LEE,52,182.0,2.756421917808219,280500.0
2008,ILLINOIS,LEE,52,182.0,3.307551912568306,272500.0
1999,ILLINOIS,LIVINGSTON,53,136.0,2.135011111111111,281000.0
2000,ILLINOIS,LIVINGSTON,53,147.0,1.978377777777778,287600.0
2001,ILLINOIS,LIVINGSTON,53,145.0,2.208943820224719,283000.0
2002,ILLINOIS,LIVINGSTON,53,137.0,2.403605479452055,293800.0
2003,ILLINOIS,LIVINGSTON,53,168.0,2.407084931506849,288300.0
2004,ILLINOIS,LIVINGSTON,53,181.0,2.583841095890411,294800.0
2005,ILLINOIS,LIVINGSTON,53,145.0,2.263731506849315,307400.0
2006,ILLINOIS,LIVINGSTON,53,176.0,2.784928571428571,291900.0
2007,ILLINOIS,LIVINGSTON,53,189.0,2.745983561643836,339000.0
2008,ILLINOIS,LIVINGSTON,53,187.0,3.297142076502732,321000.0
1999,ILLINOIS,MARION,58,118.0,3.128027397260274,61000.0
2000,ILLINOIS,MARION,58,131.0,3.247174863387978,62900.0
2001,ILLINOIS,MARION,58,143.0,2.782865753424657,64300.0
2002,ILLINOIS,MARION,58,88.0,2.622810958904109,71200.0
2003,ILLINOIS,MARION,58,98.0,3.087665753424657,51800.0
2004,ILLINOIS,MARION,58,158.0,3.564315476190476,72100.0
2005,ILLINOIS,MARION,58,129.0,2.750854794520548,71300.0
2006,ILLINOIS,MARION,58,117.0,3.611671232876712,61300.0
2007,ILLINOIS,MARION,58,133.0,2.473194520547945,73400.0
2008,ILLINOIS,MARION,58,148.0,3.875234972677595,54500.0
1999,ILLINOIS,MARSHALL,59,148.0,2.34932602739726,93600.0
2000,ILLINOIS,MARSHALL,59,155.0,2.428961748633879,94400.0
2001,ILLINOIS,MARSHALL,59,158.0,2.723019178082192,92400.0
2002,ILLINOIS,MARSHALL,59,146.0,2.166675824175824,94000.0
2003,ILLINOIS,MARSHALL,59,173.0,2.3368,97400.0
2004,ILLINOIS,MARSHALL,59,183.0,2.313065573770491,102400.0
2005,ILLINOIS,MARSHALL,59,142.0,1.594284931506849,105300.0
2006,ILLINOIS,MARSHALL,59,174.0,2.727890410958904,101100.0
2007,ILLINOIS,MARSHALL,59,189.0,2.751316804407713,120100.0
2008,ILLINOIS,MARSHALL,59,197.0,2.669093406593406,113200.0
1999,ILLINOIS,MASSAC,61,105.0,2.729978082191781,26800.0
2000,ILLINOIS,MASSAC,61,121.0,3.397955555555555,30900.0
2001,ILLINOIS,MASSAC,61,138.0,3.641677611940298,26800.0
2002,ILLINOIS,MASSAC,61,67.0,3.608191780821917,20300.0
2003,ILLINOIS,MASSAC,61,116.0,3.628372602739726,19900.0
2004,ILLINOIS,MASSAC,61,133.0,3.231213114754098,24500.0
2005,ILLINOIS,MASSAC,61,139.0,2.916476712328767,23700.0
2006,ILLINOIS,MASSAC,61,130.0,4.918434250764526,23800.0
2007,ILLINOIS,MASSAC,61,159.0,3.255118457300275,27500.0
2008,ILLINOIS,MASSAC,61,148.0,3.666434782608695,24900.0
1999,ILLINOIS,MERCER,66,151.0,2.559755555555555,119000.0
2000,ILLINOIS,MERCER,66,148.0,2.54651282051282,124800.0
2001,ILLINOIS,MERCER,66,158.0,3.107266666666666,116100.0
2002,ILLINOIS,MERCER,66,174.0,2.763127071823204,128300.0
2003,ILLINOIS,MERCER,66,176.0,2.525927977839335,135700.0
2004,ILLINOIS,MERCER,66,183.0,2.649554945054945,133200.0
2005,ILLINOIS,MERCER,66,155.0,1.773824657534246,137000.0
2006,ILLINOIS,MERCER,66,170.0,2.229398328690808,134700.0
2007,ILLINOIS,MERCER,66,192.0,2.451834710743801,154900.0
2008,ILLINOIS,MERCER,66,192.0,3.532011111111111,145200.0
1999,ILLINOIS,MONTGOMERY,68,112.0,2.26424861878453,149000.0
2000,ILLINOIS,MONTGOMERY,68,173.0,3.158772222222222,152600.0
2001,ILLINOIS,MONTGOMERY,68,152.0,2.815572602739726,154900.0
2002,ILLINOIS,MONTGOMERY,68,126.0,3.411075075075075,157100.0
2003,ILLINOIS,MONTGOMERY,68,169.0,2.78630303030303,161100.0
2004,ILLINOIS,MONTGOMERY,68,181.0,3.159648351648352,166700.0
2005,ILLINOIS,MONTGOMERY,68,159.0,2.598454794520548,170600.0
2006,ILLINOIS,MONTGOMERY,68,139.0,2.425521126760563,168700.0
2007,ILLINOIS,MONTGOMERY,68,154.0,2.154426592797784,190700.0
2008,ILLINOIS,MONTGOMERY,68,181.0,3.746850828729281,172600.0
1999,ILLINOIS,MORGAN,69,147.0,2.082104109589041,125000.0
2000,ILLINOIS,MORGAN,69,168.0,2.53583606557377,129000.0
2001,ILLINOIS,MORGAN,69,160.0,2.643274725274725,127600.0
2002,ILLINOIS,MORGAN,69,160.0,2.99093698630137,129300.0
2003,ILLINOIS,MORGAN,69,191.0,2.60332602739726,132500.0
2004,ILLINOIS,MORGAN,69,200.0,2.388016393442623,135100.0
2005,ILLINOIS,MORGAN,69,146.0,1.929704109589041,144600.0
2006,ILLINOIS,MORGAN,69,171.0,2.386208219178082,137800.0
2007,ILLINOIS,MORGAN,69,186.0,1.974241095890411,157500.0
2008,ILLINOIS,MORGAN,69,190.0,3.433163934426229,152000.0
1999,ILLINOIS,PEORIA,72,160.0,2.106460273972603,106000.0
2000,ILLINOIS,PEORIA,72,151.0,1.818945355191257,104200.0
2001,ILLINOIS,PEORIA,72,162.0,2.624202739726027,111200.0
2002,ILLINOIS,PEORIA,72,161.0,2.31801095890411,112900.0
2003,ILLINOIS,PEORIA,72,177.0,2.157956164383561,119200.0
2004,ILLINOIS,PEORIA,72,192.0,2.390792349726776,113800.0
2005,ILLINOIS,PEORIA,72,119.0,1.768953424657534,118900.0
2006,ILLINOIS,PEORIA,72,171.0,2.221978082191781,108700.0
2007,ILLINOIS,PEORIA,72,188.0,2.576186301369863,119700.0
2008,ILLINOIS,PEORIA,72,201.0,3.229825136612022,113600.0
1999,ILLINOIS,PERRY,73,72.0,2.663086834733893,44800.0
2000,ILLINOIS,PERRY,73,114.0,3.100743169398907,48800.0
2001,ILLINOIS,PERRY,73,132.0,3.034778082191781,47400.0
2002,ILLINOIS,PERRY,73,54.0,3.163517808219178,49200.0
2003,ILLINOIS,PERRY,73,77.0,2.691704109589041,41400.0
2004,ILLINOIS,PERRY,73,134.0,3.386666666666667,51300.0
2005,ILLINOIS,PERRY,73,119.0,3.006942465753425,55900.0
2006,ILLINOIS,PERRY,73,111.0,3.768942465753424,42600.0
2007,ILLINOIS,PERRY,73,79.0,2.733457534246575,54100.0
2008,ILLINOIS,PERRY,73,146.0,3.404016393442623,44900.0
1999,ILLINOIS,PULASKI,77,121.0,2.317487603305785,15600.0
2000,ILLINOIS,PULASKI,77,120.0,3.18679781420765,17400.0
2001,ILLINOIS,PULASKI,77,142.0,3.9116,16600.0
2002,ILLINOIS,PULASKI,77,88.0,4.229621917808219,16700.0
2003,ILLINOIS,PULASKI,77,123.0,3.723013698630137,16600.0
2004,ILLINOIS,PULASKI,77,163.0,4.285112947658402,19800.0
2005,ILLINOIS,PULASKI,77,138.0,3.052198347107438,17800.0
2006,ILLINOIS,PULASKI,77,141.0,3.968845921450151,15800.0
2007,ILLINOIS,PULASKI,77,170.0,3.315221917808219,22300.0
2008,ILLINOIS,PULASKI,77,149.0,3.574550561797753,17600.0
1999,ILLINOIS,RANDOLPH,79,101.0,2.60958904109589,53000.0
2000,ILLINOIS,RANDOLPH,79,133.0,3.073677595628415,54900.0
2001,ILLINOIS,RANDOLPH,79,138.0,2.376465753424657,56800.0
2002,ILLINOIS,RANDOLPH,79,63.0,2.466931506849315,53200.0
2003,ILLINOIS,RANDOLPH,79,93.0,2.950575342465753,54900.0
2004,ILLINOIS,RANDOLPH,79,148.0,3.000114754098361,63200.0
2005,ILLINOIS,RANDOLPH,79,120.0,2.816964383561644,66000.0
2006,ILLINOIS,RANDOLPH,79,110.0,3.187873972602739,53600.0
2007,ILLINOIS,RANDOLPH,79,125.0,2.249117808219178,64100.0
2008,ILLINOIS,RANDOLPH,79,152.0,3.379456043956044,52100.0
1999,ILLINOIS,RICHLAND,80,101.0,3.188569863013698,73000.0
2000,ILLINOIS,RICHLAND,80,131.0,3.959901639344262,78900.0
2001,ILLINOIS,RICHLAND,80,128.0,3.03547397260274,78100.0
2002,ILLINOIS,RICHLAND,80,87.0,3.411254794520548,70100.0
2003,ILLINOIS,RICHLAND,80,117.0,3.301244047619047,68200.0
2004,ILLINOIS,RICHLAND,80,155.0,5.024064981949458,83200.0
2005,ILLINOIS,RICHLAND,80,109.0,3.426732142857142,83000.0
2006,ILLINOIS,RICHLAND,80,126.0,3.306884615384615,73100.0
2007,ILLINOIS,RICHLAND,80,110.0,2.866372602739726,90200.0
2008,ILLINOIS,RICHLAND,80,143.0,3.939081967213115,60000.0
1999,ILLINOIS,ST CLAIR,87,122.0,2.682657534246575,87400.0
2000,ILLINOIS,ST CLAIR,87,144.0,2.931409836065574,98300.0
2001,ILLINOIS,ST CLAIR,87,146.0,2.368115068493151,91600.0
2002,ILLINOIS,ST CLAIR,87,97.0,2.636728767123287,95300.0
2003,ILLINOIS,ST CLAIR,87,133.0,2.877506849315068,88200.0
2004,ILLINOIS,ST CLAIR,87,167.0,3.095320547945205,89000.0
2005,ILLINOIS,ST CLAIR,87,147.0,2.522409972299169,91000.0
2006,ILLINOIS,ST CLAIR,87,126.0,2.164980609418282,81800.0
2007,ILLINOIS,ST CLAIR,87,123.0,1.962917582417582,94200.0
2008,ILLINOIS,ST CLAIR,87,155.0,3.370704918032787,78500.0
1999,ILLINOIS,UNION,91,103.0,3.074443835616438,13700.0
2000,ILLINOIS,UNION,91,127.0,3.395688524590164,15700.0
2001,ILLINOIS,UNION,91,141.0,3.586703296703297,15100.0
2002,ILLINOIS,UNION,91,82.0,4.282509589041096,15800.0
2003,ILLINOIS,UNION,91,129.0,3.388986301369863,12600.0
2004,ILLINOIS,UNION,91,149.0,3.209005464480874,16400.0
2005,ILLINOIS,UNION,91,150.0,3.123156164383562,14800.0
2006,ILLINOIS,UNION,91,147.0,4.224750684931506,12800.0
2007,ILLINOIS,UNION,91,144.0,3.199704109589041,16700.0
2008,ILLINOIS,UNION,91,154.0,4.96406006006006,12700.0
1999,ILLINOIS,VERMILION,92,157.0,2.116202739726027,225000.0
2000,ILLINOIS,VERMILION,92,136.0,2.488494444444444,220200.0
2001,ILLINOIS,VERMILION,92,156.0,3.007527472527472,217800.0
2002,ILLINOIS,VERMILION,92,149.0,2.964493150684931,202400.0
2003,ILLINOIS,VERMILION,92,165.0,3.251619834710743,221800.0
2004,ILLINOIS,VERMILION,92,167.0,3.864131147540983,221700.0
2005,ILLINOIS,VERMILION,92,165.0,2.585928767123288,234600.0
2006,ILLINOIS,VERMILION,92,173.0,3.064793388429752,225300.0
2007,ILLINOIS,VERMILION,92,180.0,3.140363636363636,252500.0
2008,ILLINOIS,VERMILION,92,172.0,3.227743169398907,229500.0
1999,ILLINOIS,WARREN,94,162.0,2.520353591160221,133000.0
2000,ILLINOIS,WARREN,94,152.0,2.51767032967033,140700.0
2001,ILLINOIS,WARREN,94,169.0,2.883605555555556,133100.0
2002,ILLINOIS,WARREN,94,174.0,2.458861111111111,140400.0
2003,ILLINOIS,WARREN,94,183.0,2.628378082191781,143800.0
2004,ILLINOIS,WARREN,94,193.0,2.787754098360656,146800.0
2005,ILLINOIS,WARREN,94,158.0,1.902564383561644,150200.0
2006,ILLINOIS,WARREN,94,173.0,2.140457300275482,141800.0
2007,ILLINOIS,WARREN,94,198.0,2.198241573033708,167400.0
2008,ILLINOIS,WARREN,94,207.0,3.297731092436975,167700.0
1999,ILLINOIS,WASHINGTON,95,110.0,2.373682191780822,83000.0
2000,ILLINOIS,WASHINGTON,95,134.0,3.027180327868852,89800.0
2001,ILLINOIS,WASHINGTON,95,137.0,2.375769863013698,86300.0
2002,ILLINOIS,WASHINGTON,95,71.0,2.162131506849315,87800.0
2003,ILLINOIS,WASHINGTON,95,116.0,2.675698630136986,72300.0
2004,ILLINOIS,WASHINGTON,95,155.0,2.939840659340659,94400.0
2005,ILLINOIS,WASHINGTON,95,128.0,2.615156164383562,96200.0
2006,ILLINOIS,WASHINGTON,95,117.0,3.026427397260274,82700.0
2007,ILLINOIS,WASHINGTON,95,105.0,2.274773480662983,100800.0
2008,ILLINOIS,WASHINGTON,95,165.0,3.519218579234972,81800.0
1999,ILLINOIS,WAYNE,96,115.0,3.2004,84500.0
2000,ILLINOIS,WAYNE,96,134.0,3.069513661202186,92400.0
2001,ILLINOIS,WAYNE,96,133.0,2.746679452054794,93300.0
2002,ILLINOIS,WAYNE,96,77.0,3.327747945205479,79400.0
2003,ILLINOIS,WAYNE,96,114.0,2.710493150684931,65000.0
2004,ILLINOIS,WAYNE,96,164.0,3.594169398907104,103300.0
2005,ILLINOIS,WAYNE,96,124.0,2.652038356164383,102300.0
2006,ILLINOIS,WAYNE,96,130.0,3.436306849315068,85600.0
2007,ILLINOIS,WAYNE,96,122.0,2.75572602739726,107600.0
2008,ILLINOIS,WAYNE,96,149.0,3.371398907103825,75800.0
1999,ILLINOIS,WHITE,97,118.0,2.939542699724518,88500.0
2000,ILLINOIS,WHITE,97,141.0,3.280950276243094,100900.0
2001,ILLINOIS,WHITE,97,152.0,3.501024657534246,95500.0
2002,ILLINOIS,WHITE,97,77.0,3.264421917808219,78200.0
2003,ILLINOIS,WHITE,97,120.0,2.58968044077135,101400.0
2004,ILLINOIS,WHITE,97,161.0,3.655087912087912,100600.0
2005,ILLINOIS,WHITE,97,130.0,2.725802739726027,95600.0
2006,ILLINOIS,WHITE,97,150.0,3.918055248618784,77100.0
2007,ILLINOIS,WHITE,97,135.0,2.763828729281768,102800.0
2008,ILLINOIS,WHITE,97,160.0,3.777203296703296,64500.0
1999,ILLINOIS,WHITESIDE,98,145.0,2.30478904109589,192000.0
2000,ILLINOIS,WHITESIDE,98,139.0,2.586497267759563,194300.0
2001,ILLINOIS,WHITESIDE,98,145.0,2.404997260273972,189600.0
2002,ILLINOIS,WHITESIDE,98,154.0,1.986071232876712,205700.0
2003,ILLINOIS,WHITESIDE,98,176.0,1.925934065934066,210500.0
2004,ILLINOIS,WHITESIDE,98,183.0,2.476153005464481,217900.0
2005,ILLINOIS,WHITESIDE,98,126.0,1.627687671232877,226300.0
2006,ILLINOIS,WHITESIDE,98,174.0,2.206668493150685,208900.0
2007,ILLINOIS,WHITESIDE,98,173.0,2.471802739726027,250500.0
2008,ILLINOIS,WHITESIDE,98,181.0,2.539306010928962,245500.0
1999,ILLINOIS,WILL,99,133.0,2.86358904109589,127000.0
2000,ILLINOIS,WILL,99,140.0,2.755136612021858,112100.0
2001,ILLINOIS,WILL,99,127.0,2.343758904109589,123700.0
2002,ILLINOIS,WILL,99,115.0,2.145430136986301,117700.0
2003,ILLINOIS,WILL,99,160.0,3.040345205479452,115300.0
2004,ILLINOIS,WILL,99,164.0,2.931409836065574,116400.0
2005,ILLINOIS,WILL,99,122.0,1.871945205479452,110700.0
2006,ILLINOIS,WILL,99,163.0,3.212230136986301,91600.0
2007,ILLINOIS,WILL,99,173.0,2.973539726027397,113100.0
2008,ILLINOIS,WILL,99,177.0,3.195819672131147,98300.0
1999,ILLINOIS,WINNEBAGO,101,155.0,2.629769863013698,84000.0
2000,ILLINOIS,WINNEBAGO,101,130.0,3.037590163934426,85800.0
2001,ILLINOIS,WINNEBAGO,101,119.0,2.575490410958904,80100.0
2002,ILLINOIS,WINNEBAGO,101,123.0,2.334016438356164,83500.0
2003,ILLINOIS,WINNEBAGO,101,144.0,1.76547397260274,83800.0
2004,ILLINOIS,WINNEBAGO,101,172.0,2.55596174863388,87500.0
2005,ILLINOIS,WINNEBAGO,101,130.0,1.64438904109589,90900.0
2006,ILLINOIS,WINNEBAGO,101,158.0,2.633945205479452,86700.0
2007,ILLINOIS,WINNEBAGO,101,177.0,2.581753424657534,99200.0
2008,ILLINOIS,WINNEBAGO,101,168.0,3.068819672131147,93100.0
1999,ILLINOIS,WOODFORD,102,147.0,2.41891506849315,131000.0
2000,ILLINOIS,WOODFORD,102,158.0,2.151324175824176,136000.0
2001,ILLINOIS,WOODFORD,102,168.0,2.626527472527473,135100.0
2002,ILLINOIS,WOODFORD,102,158.0,2.510611570247934,134600.0
2003,ILLINOIS,WOODFORD,102,187.0,2.545582417582418,137300.0
2004,ILLINOIS,WOODFORD,102,182.0,2.565677595628415,145200.0
2005,ILLINOIS,WOODFORD,102,144.0,1.731818181818182,149000.0
2006,ILLINOIS,WOODFORD,102,177.0,2.472454293628809,146200.0
2007,ILLINOIS,WOODFORD,102,204.0,2.49801652892562,170900.0
2008,ILLINOIS,WOODFORD,102,206.0,3.068674418604651,162800.0
1999,INDIANA,ALLEN,104,124.2,1.971457534246575,82300.0
2000,INDIANA,ALLEN,104,135.3,2.568453551912568,74900.0
2001,INDIANA,ALLEN,104,150.2,2.906038356164383,80300.0
2002,INDIANA,ALLEN,104,116.1,2.312443835616438,73900.0
2003,INDIANA,ALLEN,104,151.8,3.09253698630137,78800.0
2004,INDIANA,ALLEN,104,156.5,2.717661202185792,74600.0
2005,INDIANA,ALLEN,104,157.2,2.22267397260274,77500.0
2006,INDIANA,ALLEN,104,165.3,2.933873972602739,74000.0
2007,INDIANA,ALLEN,104,157.2,2.800958904109589,90300.0
2008,INDIANA,ALLEN,104,151.0,2.705863387978142,72800.0
1999,INDIANA,BARTHOLOMEW,105,116.9,2.321587912087912,66100.0
2000,INDIANA,BARTHOLOMEW,105,153.7,3.406383561643835,63000.0
2001,INDIANA,BARTHOLOMEW,105,159.7,3.380635616438356,64200.0
2002,INDIANA,BARTHOLOMEW,105,108.2,3.541386301369863,57000.0
2003,INDIANA,BARTHOLOMEW,105,137.3,3.47318904109589,63700.0
2004,INDIANA,BARTHOLOMEW,105,166.7,3.279098360655738,66100.0
2005,INDIANA,BARTHOLOMEW,105,145.3,3.325660273972602,66500.0
2006,INDIANA,BARTHOLOMEW,105,153.5,3.747369863013699,62500.0
2007,INDIANA,BARTHOLOMEW,105,141.5,2.585357142857143,73700.0
2008,INDIANA,BARTHOLOMEW,105,141.0,3.771136612021858,59600.0
1999,INDIANA,BENTON,106,149.8,2.174044077134986,118400.0
2000,INDIANA,BENTON,106,139.3,2.503016483516483,116400.0
2001,INDIANA,BENTON,106,159.3,3.034311377245509,117700.0
2002,INDIANA,BENTON,106,160.1,2.76825205479452,117800.0
2003,INDIANA,BENTON,106,164.1,3.11758904109589,118400.0
2004,INDIANA,BENTON,106,170.8,3.137468656716418,122000.0
2005,INDIANA,BENTON,106,166.0,2.585232876712328,125200.0
2006,INDIANA,BENTON,106,167.2,2.983282191780822,127100.0
2007,INDIANA,BENTON,106,170.5,2.589648725212464,141600.0
2008,INDIANA,BENTON,106,187.0,3.039389830508474,130400.0
1999,INDIANA,BLACKFORD,107,132.4,2.425873972602739,27100.0
2000,INDIANA,BLACKFORD,107,144.8,2.598989071038251,25200.0
2001,INDIANA,BLACKFORD,107,160.9,3.049391780821918,24200.0
2002,INDIANA,BLACKFORD,107,101.1,2.75572602739726,19000.0
2003,INDIANA,BLACKFORD,107,135.9,3.415430136986301,22400.0
2004,INDIANA,BLACKFORD,107,155.0,2.630912568306011,20500.0
2005,INDIANA,BLACKFORD,107,154.5,3.181011834319527,24900.0
2006,INDIANA,BLACKFORD,107,151.7,3.298340057636887,22400.0
2007,INDIANA,BLACKFORD,107,142.1,3.228235616438356,28600.0
2008,INDIANA,BLACKFORD,107,156.0,3.16320218579235,24600.0
1999,INDIANA,BOONE,108,141.5,2.338191780821917,109400.0
2000,INDIANA,BOONE,108,137.2,2.384546448087431,105300.0
2001,INDIANA,BOONE,108,158.8,2.739720547945205,105500.0
2002,INDIANA,BOONE,108,151.2,3.281819178082192,108600.0
2003,INDIANA,BOONE,108,145.6,3.428652054794521,109400.0
2004,INDIANA,BOONE,108,178.6,2.614950819672131,108800.0
2005,INDIANA,BOONE,108,163.6,2.929046831955923,113800.0
2006,INDIANA,BOONE,108,163.9,3.628771349862259,109200.0
2007,INDIANA,BOONE,108,154.0,2.845083798882682,133600.0
2008,INDIANA,BOONE,108,173.0,3.36264606741573,121500.0
1999,INDIANA,CASS,111,142.0,2.427265753424658,90800.0
2000,INDIANA,CASS,111,148.4,2.524732240437158,94100.0
2001,INDIANA,CASS,111,161.2,3.215013698630137,94400.0
2002,INDIANA,CASS,111,139.6,2.283208791208791,90500.0
2003,INDIANA,CASS,111,139.0,3.70532967032967,93800.0
2004,INDIANA,CASS,111,178.4,3.040366120218579,96900.0
2005,INDIANA,CASS,111,171.9,2.500334246575342,100900.0
2006,INDIANA,CASS,111,153.7,3.394501492537313,96200.0
2007,INDIANA,CASS,111,176.7,3.071027472527472,111700.0
2008,INDIANA,CASS,111,183.0,3.021628415300546,106000.0
1999,INDIANA,CLINTON,114,153.3,2.265123287671233,108700.0
2000,INDIANA,CLINTON,114,144.3,2.433052631578947,106600.0
2001,INDIANA,CLINTON,114,173.8,3.085187845303867,107600.0
2002,INDIANA,CLINTON,114,162.9,3.038953424657534,107700.0
2003,INDIANA,CLINTON,114,159.6,3.133594520547945,107700.0
2004,INDIANA,CLINTON,114,180.8,2.682961748633879,107800.0
2005,INDIANA,CLINTON,114,170.0,2.993720547945205,112100.0
2006,INDIANA,CLINTON,114,165.1,3.502416438356164,107300.0
2007,INDIANA,CLINTON,114,179.3,2.986424242424242,130000.0
2008,INDIANA,CLINTON,114,187.0,3.16320218579235,111000.0
1999,INDIANA,DECATUR,118,151.6,2.685441095890411,83400.0
2000,INDIANA,DECATUR,118,158.3,3.517136612021858,78000.0
2001,INDIANA,DECATUR,118,172.1,3.478756164383562,79600.0
2002,INDIANA,DECATUR,118,112.5,3.404295890410959,64200.0
2003,INDIANA,DECATUR,118,152.0,3.278339726027397,75000.0
2004,INDIANA,DECATUR,118,181.3,3.038978142076503,76000.0
2005,INDIANA,DECATUR,118,157.2,3.138964187327824,79700.0
2006,INDIANA,DECATUR,118,164.0,4.171167123287671,72800.0
2007,INDIANA,DECATUR,118,142.6,2.894904109589041,89800.0
2008,INDIANA,DECATUR,118,158.0,3.864027624309392,73000.0
1999,INDIANA,DE KALB,119,119.3,2.472498630136986,40900.0
2000,INDIANA,DE KALB,119,124.5,2.854377049180328,38300.0
2001,INDIANA,DE KALB,119,124.1,2.991632876712329,42600.0
2002,INDIANA,DE KALB,119,119.0,2.249117808219178,39600.0
2003,INDIANA,DE KALB,119,148.9,3.059134246575342,42800.0
2004,INDIANA,DE KALB,119,145.0,2.510852459016393,43700.0
2005,INDIANA,DE KALB,119,151.4,2.304093150684932,45400.0
2006,INDIANA,DE KALB,119,146.9,3.142641095890411,43700.0
2007,INDIANA,DE KALB,119,146.5,3.144728767123287,53000.0
2008,INDIANA,DE KALB,119,121.0,2.972355191256831,43300.0
1999,INDIANA,DELAWARE,120,149.2,2.240767123287671,66300.0
2000,INDIANA,DELAWARE,120,157.3,2.877972677595628,66400.0
2001,INDIANA,DELAWARE,120,165.5,3.048697802197802,70900.0
2002,INDIANA,DELAWARE,120,106.0,2.848975342465753,59900.0
2003,INDIANA,DELAWARE,120,142.9,3.821830136986301,68400.0
2004,INDIANA,DELAWARE,120,164.5,2.608704918032787,62700.0
2005,INDIANA,DELAWARE,120,165.4,3.168114457831325,66500.0
2006,INDIANA,DELAWARE,120,154.4,3.153079452054794,61800.0
2007,INDIANA,DELAWARE,120,134.2,3.119676712328767,80100.0
2008,INDIANA,DELAWARE,120,156.0,3.304081967213115,64200.0
1999,INDIANA,FOUNTAIN,125,143.1,2.084191780821917,101200.0
2000,INDIANA,FOUNTAIN,125,139.7,2.509380821917808,96100.0
2001,INDIANA,FOUNTAIN,125,154.9,2.54,98800.0
2002,INDIANA,FOUNTAIN,125,140.2,3.164797783933518,96600.0
2003,INDIANA,FOUNTAIN,125,163.7,3.435385474860335,102100.0
2004,INDIANA,FOUNTAIN,125,172.7,2.784094707520891,100700.0
2005,INDIANA,FOUNTAIN,125,158.4,2.63533698630137,110800.0
2006,INDIANA,FOUNTAIN,125,163.4,2.958603351955307,107600.0
2007,INDIANA,FOUNTAIN,125,171.1,2.668739726027397,113300.0
2008,INDIANA,FOUNTAIN,125,180.0,3.00427868852459,103500.0
1999,INDIANA,FRANKLIN,126,120.6,2.346010989010989,34500.0
2000,INDIANA,FRANKLIN,126,157.8,3.205238095238095,36000.0
2001,INDIANA,FRANKLIN,126,159.3,3.468076923076923,38100.0
2002,INDIANA,FRANKLIN,126,78.1,2.9464,30600.0
2003,INDIANA,FRANKLIN,126,138.8,3.124547945205479,35700.0
2004,INDIANA,FRANKLIN,126,162.3,2.845779614325069,35300.0
2005,INDIANA,FRANKLIN,126,149.7,3.059134246575342,37100.0
2006,INDIANA,FRANKLIN,126,154.1,3.514131868131868,34000.0
2007,INDIANA,FRANKLIN,126,125.9,2.683353424657534,40300.0
2008,INDIANA,FRANKLIN,126,135.0,3.282568306010929,34600.0
1999,INDIANA,GIBSON,128,128.1,2.712138554216867,101600.0
2000,INDIANA,GIBSON,128,159.5,3.706948571428571,103000.0
2001,INDIANA,GIBSON,128,165.7,3.807193370165745,102400.0
2002,INDIANA,GIBSON,128,110.1,4.068305084745762,84600.0
2003,INDIANA,GIBSON,128,136.7,3.425798319327731,83200.0
2004,INDIANA,GIBSON,128,185.2,3.697031161473088,104400.0
2005,INDIANA,GIBSON,128,155.7,3.259413173652694,110000.0
2006,INDIANA,GIBSON,128,163.8,4.874414364640884,97100.0
2007,INDIANA,GIBSON,128,162.3,3.288433234421365,111500.0
2008,INDIANA,GIBSON,128,168.0,4.496937313432835,87400.0
1999,INDIANA,GRANT,129,135.5,2.425873972602739,72600.0
2000,INDIANA,GRANT,129,153.9,2.598989071038251,72500.0
2001,INDIANA,GRANT,129,163.9,3.049391780821918,78200.0
2002,INDIANA,GRANT,129,109.6,2.75572602739726,69900.0
2003,INDIANA,GRANT,129,150.0,3.415430136986301,69000.0
2004,INDIANA,GRANT,129,176.2,2.630912568306011,72700.0
2005,INDIANA,GRANT,129,166.5,3.181011834319527,75800.0
2006,INDIANA,GRANT,129,159.5,3.298340057636887,69400.0
2007,INDIANA,GRANT,129,128.7,3.228235616438356,87900.0
2008,INDIANA,GRANT,129,166.0,3.16320218579235,73500.0
1999,INDIANA,HANCOCK,132,126.8,2.193446575342465,72700.0
2000,INDIANA,HANCOCK,132,156.2,3.152792349726776,70200.0
2001,INDIANA,HANCOCK,132,159.8,3.323572602739726,74000.0
2002,INDIANA,HANCOCK,132,117.0,3.439786301369863,68600.0
2003,INDIANA,HANCOCK,132,146.6,3.571309589041096,74200.0
2004,INDIANA,HANCOCK,132,168.9,3.028568306010929,71500.0
2005,INDIANA,HANCOCK,132,148.5,3.90210989010989,74700.0
2006,INDIANA,HANCOCK,132,155.4,4.24193956043956,67600.0
2007,INDIANA,HANCOCK,132,148.3,2.890032876712329,80100.0
2008,INDIANA,HANCOCK,132,151.0,3.933868493150685,67900.0
1999,INDIANA,HOWARD,136,147.5,2.290175342465753,66900.0
2000,INDIANA,HOWARD,136,151.1,2.606622950819672,69700.0
2001,INDIANA,HOWARD,136,169.1,3.091145205479452,68400.0
2002,INDIANA,HOWARD,136,141.5,2.510076712328767,68700.0
2003,INDIANA,HOWARD,136,152.6,3.899769863013698,67400.0
2004,INDIANA,HOWARD,136,183.1,3.553918032786885,68500.0
2005,INDIANA,HOWARD,136,168.6,2.810005479452055,70600.0
2006,INDIANA,HOWARD,136,166.4,3.368109589041096,67500.0
2007,INDIANA,HOWARD,136,170.5,3.192049315068493,76000.0
2008,INDIANA,HOWARD,136,188.0,3.311715846994535,67600.0
1999,INDIANA,JACKSON,138,100.2,2.969364383561644,69600.0
2000,INDIANA,JACKSON,138,140.7,3.692021857923497,64100.0
2001,INDIANA,JACKSON,138,157.0,3.21918904109589,68600.0
2002,INDIANA,JACKSON,138,91.3,3.54973698630137,49500.0
2003,INDIANA,JACKSON,138,133.8,3.589402739726027,50900.0
2004,INDIANA,JACKSON,138,157.7,3.228235616438356,64300.0
2005,INDIANA,JACKSON,138,128.1,3.259550684931507,67800.0
2006,INDIANA,JACKSON,138,135.4,4.071654794520548,52300.0
2007,INDIANA,JACKSON,138,113.0,2.918564383561644,74500.0
2008,INDIANA,JACKSON,138,125.0,3.809300275482093,51900.0
1999,INDIANA,KNOX,144,139.8,2.823227397260274,121000.0
2000,INDIANA,KNOX,144,164.7,3.433209944751381,126800.0
2001,INDIANA,KNOX,144,166.8,2.877506849315068,127500.0
2002,INDIANA,KNOX,144,107.0,3.502416438356164,110500.0
2003,INDIANA,KNOX,144,151.0,3.262334246575342,122700.0
2004,INDIANA,KNOX,144,183.6,3.274934426229508,128500.0
2005,INDIANA,KNOX,144,157.7,3.348881542699724,136800.0
2006,INDIANA,KNOX,144,152.6,3.597057534246575,117000.0
2007,INDIANA,KNOX,144,166.9,2.836449315068493,141600.0
2008,INDIANA,KNOX,144,165.0,3.460229508196721,98600.0
1999,INDIANA,LAKE,147,134.3,1.88766573816156,71200.0
2000,INDIANA,LAKE,147,133.6,2.135404371584699,63100.0
2001,INDIANA,LAKE,147,135.4,2.81497247706422,63600.0
2002,INDIANA,LAKE,147,114.6,2.319586776859504,58700.0
2003,INDIANA,LAKE,147,135.4,2.704681318681319,61800.0
2004,INDIANA,LAKE,147,161.1,2.449781420765027,61500.0
2005,INDIANA,LAKE,147,136.0,2.585232876712328,62800.0
2006,INDIANA,LAKE,147,162.8,3.362542465753425,57800.0
2007,INDIANA,LAKE,147,162.3,3.166997260273972,64900.0
2008,INDIANA,LAKE,147,165.0,3.819130718954248,59100.0
1999,INDIANA,MARION,151,129.4,2.420306849315069,9600.0
2000,INDIANA,MARION,151,153.7,2.679491803278689,8600.0
2001,INDIANA,MARION,151,167.3,2.853553672316384,8800.0
2002,INDIANA,MARION,151,119.9,2.925938888888889,7200.0
2003,INDIANA,MARION,151,140.5,2.834472527472527,7400.0
2004,INDIANA,MARION,151,166.9,2.683353424657534,6800.0
2005,INDIANA,MARION,151,145.1,2.893087912087912,7200.0
2006,INDIANA,MARION,151,140.0,3.569221917808219,5900.0
2007,INDIANA,MARION,151,145.4,2.645775342465753,7300.0
2008,INDIANA,MARION,151,121.0,3.545561643835616,4100.0
1999,INDIANA,MORGAN,157,136.2,2.678862637362637,50900.0
2000,INDIANA,MORGAN,157,157.1,3.522688524590164,48900.0
2001,INDIANA,MORGAN,157,163.4,2.770274725274725,48400.0
2002,INDIANA,MORGAN,157,119.2,3.442569863013698,43500.0
2003,INDIANA,MORGAN,157,139.3,3.395945205479452,46600.0
2004,INDIANA,MORGAN,157,169.2,2.933491803278689,46300.0
2005,INDIANA,MORGAN,157,150.8,3.281819178082192,47000.0
2006,INDIANA,MORGAN,157,153.0,3.893038461538461,44400.0
2007,INDIANA,MORGAN,157,154.2,2.842016438356164,50600.0
2008,INDIANA,MORGAN,157,134.0,4.483863387978142,39800.0
1999,INDIANA,ORANGE,161,105.4,2.747945054945055,21900.0
2000,INDIANA,ORANGE,161,162.9,3.867855555555555,20100.0
2001,INDIANA,ORANGE,161,150.9,3.100211111111111,22100.0
2002,INDIANA,ORANGE,161,70.2,3.385267217630854,19300.0
2003,INDIANA,ORANGE,161,153.9,3.526074712643678,18100.0
2004,INDIANA,ORANGE,161,154.9,3.863212290502793,20500.0
2005,INDIANA,ORANGE,161,144.0,2.938837078651685,21900.0
2006,INDIANA,ORANGE,161,153.8,4.515949720670391,19600.0
2007,INDIANA,ORANGE,161,145.5,2.692685393258427,24800.0
2008,INDIANA,ORANGE,161,160.0,4.385480597014925,22400.0
1999,INDIANA,OWEN,162,118.6,2.792608219178082,17600.0
2000,INDIANA,OWEN,162,146.2,3.524684931506849,17700.0
2001,INDIANA,OWEN,162,160.0,3.050783561643835,18100.0
2002,INDIANA,OWEN,162,125.8,3.541386301369863,13600.0
2003,INDIANA,OWEN,162,136.5,3.377156164383562,18100.0
2004,INDIANA,OWEN,162,165.0,3.386666666666666,18200.0
2005,INDIANA,OWEN,162,146.0,3.699443526170799,18200.0
2006,INDIANA,OWEN,162,132.5,4.106449315068493,15700.0
2007,INDIANA,OWEN,162,150.7,3.330531506849315,20600.0
2008,INDIANA,OWEN,162,135.0,4.199795013850415,12800.0
1999,INDIANA,PARKE,163,135.0,2.778690410958904,63800.0
2000,INDIANA,PARKE,163,145.7,3.007054644808743,59700.0
2001,INDIANA,PARKE,163,146.4,3.529556164383561,63100.0
2002,INDIANA,PARKE,163,123.5,3.39107397260274,53700.0
2003,INDIANA,PARKE,163,155.2,3.569917808219178,61200.0
2004,INDIANA,PARKE,163,164.6,2.904698507462686,58500.0
2005,INDIANA,PARKE,163,154.0,3.415430136986301,67900.0
2006,INDIANA,PARKE,163,156.5,3.736730769230769,60600.0
2007,INDIANA,PARKE,163,163.7,3.113413698630137,71400.0
2008,INDIANA,PARKE,163,149.0,4.094171270718232,58200.0
1999,INDIANA,PORTER,166,143.3,2.144734246575343,64400.0
2000,INDIANA,PORTER,166,128.6,2.048701369863013,61600.0
2001,INDIANA,PORTER,166,139.0,2.750158904109589,62400.0
2002,INDIANA,PORTER,166,107.2,1.950580821917808,60800.0
2003,INDIANA,PORTER,166,148.4,2.339583561643836,63300.0
2004,INDIANA,PORTER,166,172.7,2.35578021978022,64300.0
2005,INDIANA,PORTER,166,137.1,1.896626373626374,67200.0
2006,INDIANA,PORTER,166,158.8,1.559474860335196,61600.0
2007,INDIANA,PORTER,166,153.6,1.8415,69900.0
2008,INDIANA,PORTER,166,167.0,1.680147540983606,64000.0
1999,INDIANA,RANDOLPH,170,133.6,2.208060273972603,79800.0
2000,INDIANA,RANDOLPH,170,149.8,2.905732240437158,84600.0
2001,INDIANA,RANDOLPH,170,153.5,2.921347945205479,86700.0
2002,INDIANA,RANDOLPH,170,94.9,2.57201095890411,82000.0
2003,INDIANA,RANDOLPH,170,140.6,3.304087671232876,90700.0
2004,INDIANA,RANDOLPH,170,164.9,2.420633879781421,89000.0
2005,INDIANA,RANDOLPH,170,152.0,3.138465753424657,89500.0
2006,INDIANA,RANDOLPH,170,145.6,3.234498630136986,87700.0
2007,INDIANA,RANDOLPH,170,129.0,3.105758904109589,101300.0
2008,INDIANA,RANDOLPH,170,147.0,3.029756906077348,87800.0
1999,INDIANA,RUSH,172,148.5,2.437008219178082,102500.0
2000,INDIANA,RUSH,172,157.1,3.4671,100800.0
2001,INDIANA,RUSH,172,169.4,3.284381502890173,104300.0
2002,INDIANA,RUSH,172,111.6,3.615898507462686,97300.0
2003,INDIANA,RUSH,172,158.5,3.564443213296399,100200.0
2004,INDIANA,RUSH,172,179.3,3.057046575342465,101400.0
2005,INDIANA,RUSH,172,155.0,3.209446575342465,104600.0
2006,INDIANA,RUSH,172,152.5,3.885362637362637,100400.0
2007,INDIANA,RUSH,172,136.2,2.812093150684931,115600.0
2008,INDIANA,RUSH,172,171.0,3.521205479452055,104500.0
1999,INDIANA,SHELBY,175,127.3,2.409130193905817,101000.0
2000,INDIANA,SHELBY,175,154.1,3.067713432835821,99200.0
2001,INDIANA,SHELBY,175,158.2,2.938049315068493,101400.0
2002,INDIANA,SHELBY,175,121.9,2.915084931506849,95900.0
2003,INDIANA,SHELBY,175,154.7,3.312467032967033,97300.0
2004,INDIANA,SHELBY,175,170.6,2.699098901098901,96900.0
2005,INDIANA,SHELBY,175,147.3,3.470868131868132,98000.0
2006,INDIANA,SHELBY,175,150.4,4.333342281879195,96300.0
2007,INDIANA,SHELBY,175,127.8,2.92691506849315,106700.0
2008,INDIANA,SHELBY,175,153.0,3.842617486338798,94000.0
1999,INDIANA,STEUBEN,178,114.8,2.342367123287671,35600.0
2000,INDIANA,STEUBEN,178,134.3,2.671535714285714,34400.0
2001,INDIANA,STEUBEN,178,123.9,2.725802739726027,35600.0
2002,INDIANA,STEUBEN,178,91.8,2.211539726027397,33100.0
2003,INDIANA,STEUBEN,178,146.5,3.009030136986301,32800.0
2004,INDIANA,STEUBEN,178,144.2,2.589408219178082,33100.0
2005,INDIANA,STEUBEN,178,149.5,2.46345205479452,34600.0
2006,INDIANA,STEUBEN,178,148.8,2.891424657534246,33700.0
2007,INDIANA,STEUBEN,178,126.9,2.99093698630137,39600.0
2008,INDIANA,STEUBEN,178,114.0,2.847437158469945,36000.0
1999,INDIANA,TIPPECANOE,181,147.2,2.3368,101900.0
2000,INDIANA,TIPPECANOE,181,139.7,2.53371978021978,100100.0
2001,INDIANA,TIPPECANOE,181,157.5,2.522602739726027,103300.0
2002,INDIANA,TIPPECANOE,181,147.7,3.107313186813187,100100.0
2003,INDIANA,TIPPECANOE,181,156.4,3.08001095890411,97200.0
2004,INDIANA,TIPPECANOE,181,169.7,2.879594520547945,98400.0
2005,INDIANA,TIPPECANOE,181,169.8,2.712132231404959,103400.0
2006,INDIANA,TIPPECANOE,181,164.3,3.139857534246575,98400.0
2007,INDIANA,TIPPECANOE,181,159.9,2.588280991735537,109500.0
2008,INDIANA,TIPPECANOE,181,180.0,3.009620879120879,97900.0
1999,INDIANA,TIPTON,182,158.7,2.119682191780822,70300.0
2000,INDIANA,TIPTON,182,158.6,2.432431693989071,72500.0
2001,INDIANA,TIPTON,182,173.1,2.63533698630137,75300.0
2002,INDIANA,TIPTON,182,137.5,2.563660273972602,71100.0
2003,INDIANA,TIPTON,182,146.5,3.527468493150685,71900.0
2004,INDIANA,TIPTON,182,180.8,2.726498630136986,73000.0
2005,INDIANA,TIPTON,182,166.8,3.08627397260274,75100.0
2006,INDIANA,TIPTON,182,177.1,3.49893698630137,73100.0
2007,INDIANA,TIPTON,182,179.0,2.980498630136986,79600.0
2008,INDIANA,TIPTON,182,184.0,3.050087671232876,75400.0
1999,INDIANA,VANDERBURGH,184,126.9,2.737632876712329,40300.0
2000,INDIANA,VANDERBURGH,184,158.8,3.36931693989071,39600.0
2001,INDIANA,VANDERBURGH,184,167.6,3.471101369863014,41300.0
2002,INDIANA,VANDERBURGH,184,110.9,3.503112328767123,33100.0
2003,INDIANA,VANDERBURGH,184,142.0,2.777298630136986,30300.0
2004,INDIANA,VANDERBURGH,184,161.7,3.017464480874317,35300.0
2005,INDIANA,VANDERBURGH,184,155.4,2.864980821917808,39800.0
2006,INDIANA,VANDERBURGH,184,150.7,4.605402739726027,35100.0
2007,INDIANA,VANDERBURGH,184,149.8,2.629769863013698,39900.0
2008,INDIANA,VANDERBURGH,184,154.0,3.739213114754098,34800.0
1999,INDIANA,VERMILLION,185,140.6,2.212931506849315,39800.0
2000,INDIANA,VERMILLION,185,153.7,2.272120218579235,37300.0
2001,INDIANA,VERMILLION,185,160.6,2.485024657534246,38800.0
2002,INDIANA,VERMILLION,185,120.1,2.993024657534246,33500.0
2003,INDIANA,VERMILLION,185,160.1,2.852454794520548,33400.0
2004,INDIANA,VERMILLION,185,170.5,2.342907103825136,32200.0
2005,INDIANA,VERMILLION,185,160.9,2.631857534246575,31200.0
2006,INDIANA,VERMILLION,185,170.3,2.930446280991736,26500.0
2007,INDIANA,VERMILLION,185,177.0,2.676769230769231,39800.0
2008,INDIANA,VERMILLION,185,156.0,3.243010928961748,31200.0
1999,INDIANA,WAYNE,191,128.8,2.09532602739726,59600.0
2000,INDIANA,WAYNE,191,157.8,2.855765027322404,60100.0
2001,INDIANA,WAYNE,191,158.8,3.365149171270718,59500.0
2002,INDIANA,WAYNE,191,89.0,2.646763736263736,56600.0
2003,INDIANA,WAYNE,191,147.7,3.662471232876712,60900.0
2004,INDIANA,WAYNE,191,160.3,2.680185792349727,61300.0
2005,INDIANA,WAYNE,191,148.5,3.260246575342466,62800.0
2006,INDIANA,WAYNE,191,156.0,3.851753424657534,60300.0
2007,INDIANA,WAYNE,191,118.7,2.898383561643835,69900.0
2008,INDIANA,WAYNE,191,151.0,3.103084337349397,59000.0
1999,INDIANA,WELLS,192,116.5,2.004164383561644,82600.0
2000,INDIANA,WELLS,192,140.9,2.468728358208955,80200.0
2001,INDIANA,WELLS,192,164.5,2.906734246575343,79600.0
2002,INDIANA,WELLS,192,97.2,2.513556164383561,74100.0
2003,INDIANA,WELLS,192,134.5,3.718096866096866,79700.0
2004,INDIANA,WELLS,192,168.0,2.827311475409836,77200.0
2005,INDIANA,WELLS,192,151.1,2.731197802197802,80400.0
2006,INDIANA,WELLS,192,154.4,2.90186301369863,72500.0
2007,INDIANA,WELLS,192,135.2,2.964493150684931,89000.0
2008,INDIANA,WELLS,192,158.0,2.69475956284153,73600.0
1999,IOWA,ADAIR,195,139.3,2.166306849315068,103600.0
2000,IOWA,ADAIR,195,131.8,1.61907650273224,102700.0
2001,IOWA,ADAIR,195,127.3,2.377215469613259,99600.0
2002,IOWA,ADAIR,195,154.3,1.674312328767123,105000.0
2003,IOWA,ADAIR,195,131.3,2.24961432506887,100500.0
2004,IOWA,ADAIR,195,182.1,2.548327868852459,106000.0
2005,IOWA,ADAIR,195,159.0,1.823155555555555,106500.0
2006,IOWA,ADAIR,195,164.9,2.402213698630137,103300.0
2007,IOWA,ADAIR,195,160.7,3.178848484848485,115100.0
2008,IOWA,ADAIR,195,169.0,3.166580110497237,102000.0
1999,IOWA,BENTON,200,152.4,2.066098630136986,173000.0
2000,IOWA,BENTON,200,148.7,2.094104395604396,175200.0
2001,IOWA,BENTON,200,160.2,2.34932602739726,171200.0
2002,IOWA,BENTON,200,177.8,2.031304109589041,171000.0
2003,IOWA,BENTON,200,168.0,2.307691460055096,173500.0
2004,IOWA,BENTON,200,171.8,2.614256830601093,179000.0
2005,IOWA,BENTON,200,170.0,2.095149171270718,180500.0
2006,IOWA,BENTON,200,171.4,2.064887052341598,179900.0
2007,IOWA,BENTON,200,180.2,3.5052,201800.0
2008,IOWA,BENTON,200,179.0,3.033142061281337,187500.0
1999,IOWA,BLACK HAWK,201,152.4,2.675698630136986,136700.0
2000,IOWA,BLACK HAWK,201,144.0,2.232562841530055,137700.0
2001,IOWA,BLACK HAWK,201,162.7,2.242158904109589,132600.0
2002,IOWA,BLACK HAWK,201,176.7,1.909523287671233,133000.0
2003,IOWA,BLACK HAWK,201,151.3,1.878483516483516,136500.0
2004,IOWA,BLACK HAWK,201,178.1,1.966765027322404,138000.0
2005,IOWA,BLACK HAWK,201,180.7,2.135687671232877,144000.0
2006,IOWA,BLACK HAWK,201,185.5,2.336104109589041,139400.0
2007,IOWA,BLACK HAWK,201,176.7,2.981890410958904,158500.0
2008,IOWA,BLACK HAWK,201,165.0,3.188879781420765,139000.0
1999,IOWA,BOONE,202,155.6,2.78773698630137,138100.0
2000,IOWA,BOONE,202,154.5,1.608202739726027,139900.0
2001,IOWA,BOONE,202,154.0,2.210843835616438,137500.0
2002,IOWA,BOONE,202,171.0,2.270648351648351,141500.0
2003,IOWA,BOONE,202,170.4,2.434341597796143,142000.0
2004,IOWA,BOONE,202,192.2,2.329027322404372,148000.0
2005,IOWA,BOONE,202,192.4,2.417884615384615,144000.0
2006,IOWA,BOONE,202,172.7,2.589817679558011,149700.0
2007,IOWA,BOONE,202,182.2,2.812142857142857,166900.0
2008,IOWA,BOONE,202,166.0,3.475276712328767,158500.0
1999,IOWA,BUENA VISTA,205,165.1,1.897693150684931,157500.0
2000,IOWA,BUENA VISTA,205,135.7,1.970928961748634,160400.0
2001,IOWA,BUENA VISTA,205,144.4,2.068882191780822,155800.0
2002,IOWA,BUENA VISTA,205,159.2,1.817131652661064,157000.0
2003,IOWA,BUENA VISTA,205,160.0,1.96867397260274,160000.0
2004,IOWA,BUENA VISTA,205,192.5,2.25824043715847,166000.0
2005,IOWA,BUENA VISTA,205,185.3,2.221978082191781,171000.0
2006,IOWA,BUENA VISTA,205,143.3,1.797592286501377,168500.0
2007,IOWA,BUENA VISTA,205,163.0,2.343758904109589,183500.0
2008,IOWA,BUENA VISTA,205,179.0,2.240767123287671,165000.0
1999,IOWA,BUTLER,206,145.9,2.976540389972145,138700.0
2000,IOWA,BUTLER,206,140.9,2.186136752136752,146500.0
2001,IOWA,BUTLER,206,157.9,2.270628242074928,137200.0
2002,IOWA,BUTLER,206,175.1,2.075400560224089,140500.0
2003,IOWA,BUTLER,206,160.1,1.825536312849162,145500.0
2004,IOWA,BUTLER,206,187.9,2.106083333333333,156000.0
2005,IOWA,BUTLER,206,185.6,2.326180790960452,157000.0
2006,IOWA,BUTLER,206,176.6,2.396160220994475,154200.0
2007,IOWA,BUTLER,206,176.2,2.966890756302521,184000.0
2008,IOWA,BUTLER,206,175.0,3.186226519337017,161500.0
1999,IOWA,CALHOUN,207,147.9,2.250132564841498,160300.0
2000,IOWA,CALHOUN,207,149.5,1.569589743589743,166500.0
2001,IOWA,CALHOUN,207,144.2,2.827099150141643,162600.0
2002,IOWA,CALHOUN,207,166.8,2.128393351800554,162500.0
2003,IOWA,CALHOUN,207,160.0,2.04416338028169,160000.0
2004,IOWA,CALHOUN,207,184.2,2.469715068493151,167000.0
2005,IOWA,CALHOUN,207,182.5,2.208756164383562,161500.0
2006,IOWA,CALHOUN,207,165.5,1.969738161559888,165500.0
2007,IOWA,CALHOUN,207,180.2,3.360939226519337,184900.0
2008,IOWA,CALHOUN,207,178.0,2.797469945355191,181000.0
1999,IOWA,CARROLL,208,137.4,2.61809972299169,154300.0
2000,IOWA,CARROLL,208,136.4,1.485604651162791,154500.0
2001,IOWA,CARROLL,208,142.7,2.311190082644628,153900.0
2002,IOWA,CARROLL,208,159.2,2.334548476454294,154500.0
2003,IOWA,CARROLL,208,161.8,2.150626373626373,152000.0
2004,IOWA,CARROLL,208,193.5,2.187453551912568,159500.0
2005,IOWA,CARROLL,208,177.0,1.891430136986301,163500.0
2006,IOWA,CARROLL,208,162.5,2.250509589041096,161400.0
2007,IOWA,CARROLL,208,169.3,2.693791780821918,186500.0
2008,IOWA,CARROLL,208,179.0,2.911284153005464,181500.0
1999,IOWA,CASS,209,135.2,2.650646575342466,119400.0
2000,IOWA,CASS,209,132.2,1.809401098901099,120800.0
2001,IOWA,CASS,209,126.7,2.438120879120879,114900.0
2002,IOWA,CASS,209,135.0,1.687688888888889,120000.0
2003,IOWA,CASS,209,133.2,1.779395604395604,116000.0
2004,IOWA,CASS,209,192.3,2.24961432506887,124000.0
2005,IOWA,CASS,209,168.2,1.984679452054794,124500.0
2006,IOWA,CASS,209,170.8,2.754334246575342,126900.0
2007,IOWA,CASS,209,157.5,3.266215469613259,132000.0
2008,IOWA,CASS,209,174.0,3.003340659340659,129000.0
1999,IOWA,CERRO GORDO,211,144.1,3.008334246575342,148200.0
2000,IOWA,CERRO GORDO,211,149.4,2.213825136612022,157600.0
2001,IOWA,CERRO GORDO,211,146.8,1.752947945205479,150200.0
2002,IOWA,CERRO GORDO,211,168.5,2.180920547945205,155500.0
2003,IOWA,CERRO GORDO,211,161.5,1.913002739726027,158500.0
2004,IOWA,CERRO GORDO,211,168.2,3.009830601092896,170500.0
2005,IOWA,CERRO GORDO,211,184.0,2.880986301369863,173000.0
2006,IOWA,CERRO GORDO,211,169.1,2.467627397260274,175300.0
2007,IOWA,CERRO GORDO,211,173.2,3.160038356164383,201500.0
2008,IOWA,CERRO GORDO,211,166.0,3.024404371584699,179500.0
1999,IOWA,CHEROKEE,212,170.7,1.565057534246575,138300.0
2000,IOWA,CHEROKEE,212,119.9,1.598256830601093,138000.0
2001,IOWA,CHEROKEE,212,150.0,2.243550684931507,133500.0
2002,IOWA,CHEROKEE,212,161.9,1.88586301369863,134000.0
2003,IOWA,CHEROKEE,212,165.2,1.804443835616438,135000.0
2004,IOWA,CHEROKEE,212,187.1,2.258934426229508,141000.0
2005,IOWA,CHEROKEE,212,185.5,2.286695890410959,142000.0
2006,IOWA,CHEROKEE,212,144.4,1.893517808219178,142700.0
2007,IOWA,CHEROKEE,212,166.5,2.684049315068493,149000.0
2008,IOWA,CHEROKEE,212,196.0,2.354010928961749,139000.0
1999,IOWA,CHICKASAW,213,152.4,3.307567123287671,124100.0
2000,IOWA,CHICKASAW,213,144.4,2.843273224043716,126300.0
2001,IOWA,CHICKASAW,213,140.3,1.870501492537313,115300.0
2002,IOWA,CHICKASAW,213,172.6,1.781518005540166,120500.0
2003,IOWA,CHICKASAW,213,146.6,2.218919881305638,119000.0
2004,IOWA,CHICKASAW,213,175.0,3.32078904109589,127000.0
2005,IOWA,CHICKASAW,213,187.2,2.803769230769231,127000.0
2006,IOWA,CHICKASAW,213,174.6,2.144576177285318,127800.0
2007,IOWA,CHICKASAW,213,168.8,3.653424657534246,147000.0
2008,IOWA,CHICKASAW,213,159.0,3.125769662921348,135500.0
1999,IOWA,CLAY,215,160.8,1.671052631578947,136500.0
2000,IOWA,CLAY,215,153.1,1.582615384615385,143400.0
2001,IOWA,CLAY,215,136.7,1.541638888888889,138600.0
2002,IOWA,CLAY,215,143.6,1.640853994490358,145500.0
2003,IOWA,CLAY,215,160.1,1.381955922865014,143000.0
2004,IOWA,CLAY,215,183.4,2.433819672131147,152000.0
2005,IOWA,CLAY,215,183.1,1.576479338842975,153000.0
2006,IOWA,CLAY,215,159.6,1.58106301369863,153200.0
2007,IOWA,CLAY,215,163.6,1.928725274725275,164500.0
2008,IOWA,CLAY,215,175.0,1.406021857923497,151000.0
1999,IOWA,CLAYTON,216,154.1,2.720931506849315,133100.0
2000,IOWA,CLAYTON,216,147.2,2.188841530054645,134000.0
2001,IOWA,CLAYTON,216,152.5,2.650646575342466,120900.0
2002,IOWA,CLAYTON,216,172.5,2.180920547945205,127500.0
2003,IOWA,CLAYTON,216,160.6,2.166306849315069,125500.0
2004,IOWA,CLAYTON,216,176.3,2.621890710382513,129000.0
2005,IOWA,CLAYTON,216,180.9,2.053572602739726,129000.0
2006,IOWA,CLAYTON,216,173.2,2.196230136986301,122100.0
2007,IOWA,CLAYTON,216,173.6,3.196224657534247,141900.0
2008,IOWA,CLAYTON,216,171.0,3.220803278688524,129000.0
1999,IOWA,CLINTON,217,158.9,2.30478904109589,173800.0
2000,IOWA,CLINTON,217,147.1,2.586497267759563,173400.0
2001,IOWA,CLINTON,217,168.1,2.404997260273972,169400.0
2002,IOWA,CLINTON,217,176.9,1.986071232876712,169000.0
2003,IOWA,CLINTON,217,172.8,1.925934065934066,178000.0
2004,IOWA,CLINTON,217,173.1,2.476153005464481,187000.0
2005,IOWA,CLINTON,217,116.8,1.627687671232877,184500.0
2006,IOWA,CLINTON,217,173.8,2.206668493150685,170400.0
2007,IOWA,CLINTON,217,182.7,2.471802739726027,205800.0
2008,IOWA,CLINTON,217,181.0,2.539306010928962,183000.0
1999,IOWA,CRAWFORD,218,147.1,2.116898630136986,169900.0
2000,IOWA,CRAWFORD,218,131.1,1.478071232876712,171700.0
2001,IOWA,CRAWFORD,218,137.6,2.242158904109589,170600.0
2002,IOWA,CRAWFORD,218,161.3,2.009731506849315,170500.0
2003,IOWA,CRAWFORD,218,152.0,1.894909589041096,171000.0
2004,IOWA,CRAWFORD,218,175.6,2.023672131147541,182000.0
2005,IOWA,CRAWFORD,218,179.2,1.818361643835616,186000.0
2006,IOWA,CRAWFORD,218,138.7,2.682657534246575,185500.0
2007,IOWA,CRAWFORD,218,165.5,2.646471232876712,209900.0
2008,IOWA,CRAWFORD,218,191.0,3.007748633879781,198500.0
1999,IOWA,DALLAS,219,156.7,2.519763736263736,127800.0
2000,IOWA,DALLAS,219,144.3,1.648208791208791,129600.0
2001,IOWA,DALLAS,219,135.6,2.172569863013698,124500.0
2002,IOWA,DALLAS,219,154.2,2.006181318681318,124500.0
2003,IOWA,DALLAS,219,147.6,2.48262258953168,126000.0
2004,IOWA,DALLAS,219,189.6,2.372748633879781,126000.0
2005,IOWA,DALLAS,219,181.7,2.30478904109589,132000.0
2006,IOWA,DALLAS,219,164.3,2.639087912087912,127000.0
2007,IOWA,DALLAS,219,167.5,3.26710989010989,142500.0
2008,IOWA,DALLAS,219,171.0,3.173260273972602,131000.0
1999,IOWA,DAVIS,220,90.3,1.926920547945205,31700.0
2000,IOWA,DAVIS,220,149.7,2.134016393442623,31700.0
2001,IOWA,DAVIS,220,133.9,3.236586301369863,27300.0
2002,IOWA,DAVIS,220,155.4,2.137775342465754,32500.0
2003,IOWA,DAVIS,220,125.7,2.372290410958904,35800.0
2004,IOWA,DAVIS,220,180.3,3.064655737704918,35500.0
2005,IOWA,DAVIS,220,115.0,2.082104109589041,38500.0
2006,IOWA,DAVIS,220,161.5,2.217802739726027,35200.0
2007,IOWA,DAVIS,220,157.4,3.254679452054794,42900.0
2008,IOWA,DAVIS,220,142.0,3.596945355191257,36000.0
1999,IOWA,DECATUR,221,113.4,2.028442577030812,24000.0
2000,IOWA,DECATUR,221,148.4,1.629486338797814,24700.0
2001,IOWA,DECATUR,221,116.6,2.810005479452055,24100.0
2002,IOWA,DECATUR,221,132.1,1.504515068493151,26500.0
2003,IOWA,DECATUR,221,128.8,1.837313186813187,28500.0
2004,IOWA,DECATUR,221,175.5,2.415081967213115,31000.0
2005,IOWA,DECATUR,221,163.9,1.963047091412742,33000.0
2006,IOWA,DECATUR,221,157.5,2.521906849315068,28800.0
2007,IOWA,DECATUR,221,155.5,2.534402203856749,36000.0
2008,IOWA,DECATUR,221,112.0,3.404167597765363,28500.0
1999,IOWA,DELAWARE,222,159.3,2.561572602739726,166400.0
2000,IOWA,DELAWARE,222,144.2,2.281142076502732,164100.0
2001,IOWA,DELAWARE,222,169.3,2.47459880239521,154500.0
2002,IOWA,DELAWARE,222,183.0,2.677786301369863,153000.0
2003,IOWA,DELAWARE,222,158.9,2.530953424657534,159500.0
2004,IOWA,DELAWARE,222,176.6,2.199251366120218,169500.0
2005,IOWA,DELAWARE,222,177.1,2.040350684931507,175000.0
2006,IOWA,DELAWARE,222,180.5,2.498942465753425,168900.0
2007,IOWA,DELAWARE,222,179.8,3.014597260273972,191300.0
2008,IOWA,DELAWARE,222,159.0,3.655934426229508,173000.0
1999,IOWA,DES MOINES,223,145.9,2.548350684931507,70300.0
2000,IOWA,DES MOINES,223,143.9,2.442841530054645,72500.0
2001,IOWA,DES MOINES,223,143.2,3.469860869565217,64600.0
2002,IOWA,DES MOINES,223,161.6,2.810701369863013,73000.0
2003,IOWA,DES MOINES,223,154.4,2.555393939393939,72200.0
2004,IOWA,DES MOINES,223,189.9,2.592049180327868,73500.0
2005,IOWA,DES MOINES,223,154.5,2.082104109589041,73000.0
2006,IOWA,DES MOINES,223,159.2,2.322882191780822,71800.0
2007,IOWA,DES MOINES,223,198.5,3.050783561643835,80000.0
2008,IOWA,DES MOINES,223,186.0,3.791956284153005,70000.0
1999,IOWA,DICKINSON,224,150.7,1.700756164383562,84800.0
2000,IOWA,DICKINSON,224,150.9,1.881404371584699,86100.0
2001,IOWA,DICKINSON,224,129.7,2.348630136986301,84500.0
2002,IOWA,DICKINSON,224,144.5,1.807307692307692,86500.0
2003,IOWA,DICKINSON,224,160.6,1.619598901098901,85000.0
2004,IOWA,DICKINSON,224,188.8,2.562207650273224,90000.0
2005,IOWA,DICKINSON,224,170.4,2.404301369863013,90000.0
2006,IOWA,DICKINSON,224,159.0,1.952668493150685,89500.0
2007,IOWA,DICKINSON,224,165.8,2.421136490250696,95700.0
2008,IOWA,DICKINSON,224,168.0,2.148683473389355,87500.0
1999,IOWA,EMMET,226,148.6,2.114321329639889,111500.0
2000,IOWA,EMMET,226,156.4,1.925125683060109,114800.0
2001,IOWA,EMMET,226,131.1,2.371594520547945,108800.0
2002,IOWA,EMMET,226,153.7,1.592573002754821,114500.0
2003,IOWA,EMMET,226,165.9,1.600269972451791,114500.0
2004,IOWA,EMMET,226,181.8,2.72668306010929,121000.0
2005,IOWA,EMMET,226,182.7,1.754845303867403,116000.0
2006,IOWA,EMMET,226,165.9,2.066794520547945,121900.0
2007,IOWA,EMMET,226,175.7,2.243550684931507,132100.0
2008,IOWA,EMMET,226,168.0,1.750934426229508,119500.0
1999,IOWA,FAYETTE,227,153.2,2.906265193370166,168300.0
2000,IOWA,FAYETTE,227,146.7,2.501136612021858,171600.0
2001,IOWA,FAYETTE,227,160.2,2.821139726027397,157300.0
2002,IOWA,FAYETTE,227,175.6,1.983287671232877,164000.0
2003,IOWA,FAYETTE,227,153.3,2.163523287671233,167000.0
2004,IOWA,FAYETTE,227,166.7,3.164590163934426,173000.0
2005,IOWA,FAYETTE,227,189.8,2.610284931506849,177000.0
2006,IOWA,FAYETTE,227,173.9,2.512860273972603,174500.0
2007,IOWA,FAYETTE,227,171.3,3.219884931506849,198200.0
2008,IOWA,FAYETTE,227,167.0,3.263830601092896,183000.0
1999,IOWA,FRANKLIN,229,149.3,2.303445054945055,162000.0
2000,IOWA,FRANKLIN,229,146.1,2.361362637362637,166600.0
2001,IOWA,FRANKLIN,229,153.3,2.738721763085399,161500.0
2002,IOWA,FRANKLIN,229,171.3,2.47053591160221,164000.0
2003,IOWA,FRANKLIN,229,168.6,2.191192200557103,169000.0
2004,IOWA,FRANKLIN,229,190.5,2.122562674094707,177500.0
2005,IOWA,FRANKLIN,229,185.2,2.90025787965616,185000.0
2006,IOWA,FRANKLIN,229,177.6,2.287451428571428,184600.0
2007,IOWA,FRANKLIN,229,176.6,3.115214484679666,217500.0
2008,IOWA,FRANKLIN,229,167.0,3.255492957746479,200000.0
1999,IOWA,GREENE,231,148.5,2.183008219178082,154400.0
2000,IOWA,GREENE,231,147.0,1.673207650273224,157700.0
2001,IOWA,GREENE,231,140.7,2.242158904109589,153700.0
2002,IOWA,GREENE,231,165.2,2.348630136986301,155000.0
2003,IOWA,GREENE,231,169.3,2.51425205479452,153000.0
2004,IOWA,GREENE,231,186.7,2.551103825136612,159000.0
2005,IOWA,GREENE,231,185.3,2.099501369863014,160000.0
2006,IOWA,GREENE,231,170.6,2.690312328767123,160000.0
2007,IOWA,GREENE,231,179.9,2.76198904109589,185900.0
2008,IOWA,GREENE,231,159.0,2.884218579234973,178500.0
1999,IOWA,GRUNDY,232,139.3,1.986071232876712,154000.0
2000,IOWA,GRUNDY,232,146.5,2.753054644808743,153500.0
2001,IOWA,GRUNDY,232,149.9,2.067490410958904,151500.0
2002,IOWA,GRUNDY,232,181.5,1.906403314917127,151500.0
2003,IOWA,GRUNDY,232,172.6,2.047309589041096,153500.0
2004,IOWA,GRUNDY,232,190.6,2.22893698630137,153500.0
2005,IOWA,GRUNDY,232,189.9,2.059289256198347,156000.0
2006,IOWA,GRUNDY,232,176.8,2.434224657534247,152800.0
2007,IOWA,GRUNDY,232,176.0,3.19732967032967,173100.0
2008,IOWA,GRUNDY,232,181.0,3.323631868131868,154000.0
1999,IOWA,GUTHRIE,233,134.9,2.45417032967033,102100.0
2000,IOWA,GUTHRIE,233,136.1,1.766616246498599,104300.0
2001,IOWA,GUTHRIE,233,127.9,1.934633333333333,100900.0
2002,IOWA,GUTHRIE,233,149.0,2.439358490566037,104000.0
2003,IOWA,GUTHRIE,233,135.9,1.914275280898876,104500.0
2004,IOWA,GUTHRIE,233,172.9,2.615494444444444,108000.0
2005,IOWA,GUTHRIE,233,161.2,2.410871508379888,108000.0
2006,IOWA,GUTHRIE,233,159.2,2.664906593406593,107000.0
2007,IOWA,GUTHRIE,233,158.8,3.787819718309859,120600.0
2008,IOWA,GUTHRIE,233,171.0,3.555286516853932,112000.0
1999,IOWA,HAMILTON,234,156.0,2.651703081232493,160500.0
2000,IOWA,HAMILTON,234,154.4,1.971823691460055,164200.0
2001,IOWA,HAMILTON,234,163.6,2.5781,160800.0
2002,IOWA,HAMILTON,234,182.6,2.441767955801105,166500.0
2003,IOWA,HAMILTON,234,166.9,2.038906344410876,166000.0
2004,IOWA,HAMILTON,234,181.4,3.100624309392265,175500.0
2005,IOWA,HAMILTON,234,189.0,2.392243767313019,176000.0
2006,IOWA,HAMILTON,234,184.7,2.006110192837466,183300.0
2007,IOWA,HAMILTON,234,180.5,2.992569060773481,207900.0
2008,IOWA,HAMILTON,234,157.0,2.907837535014005,197000.0
1999,IOWA,HANCOCK,235,150.6,2.789743016759776,163400.0
2000,IOWA,HANCOCK,235,154.5,2.445657142857143,166700.0
2001,IOWA,HANCOCK,235,145.0,2.084251428571429,159100.0
2002,IOWA,HANCOCK,235,167.9,2.564258426966292,159000.0
2003,IOWA,HANCOCK,235,169.1,1.58493063583815,162000.0
2004,IOWA,HANCOCK,235,176.5,3.422505681818182,172000.0
2005,IOWA,HANCOCK,235,182.3,2.64966573816156,172000.0
2006,IOWA,HANCOCK,235,175.9,1.99621546961326,174600.0
2007,IOWA,HANCOCK,235,178.6,2.529176136363636,202500.0
2008,IOWA,HANCOCK,235,171.0,2.708130681818182,185000.0
1999,IOWA,HARDIN,236,152.0,2.141254794520548,156900.0
2000,IOWA,HARDIN,236,146.8,2.295071428571428,158800.0
2001,IOWA,HARDIN,236,157.7,2.457884931506849,155600.0
2002,IOWA,HARDIN,236,177.6,2.199709589041096,161000.0
2003,IOWA,HARDIN,236,169.5,2.156564383561644,167000.0
2004,IOWA,HARDIN,236,194.0,2.383852459016393,175000.0
2005,IOWA,HARDIN,236,188.6,2.211539726027397,183000.0
2006,IOWA,HARDIN,236,183.5,2.525386301369863,182700.0
2007,IOWA,HARDIN,236,177.3,3.785643835616438,205600.0
2008,IOWA,HARDIN,236,159.0,3.428306010928961,187000.0
1999,IOWA,HARRISON,237,140.0,2.352109589041096,147700.0
2000,IOWA,HARRISON,237,138.5,1.71831693989071,153900.0
2001,IOWA,HARRISON,237,137.6,2.471106849315068,151400.0
2002,IOWA,HARRISON,237,155.1,1.654827397260274,158000.0
2003,IOWA,HARRISON,237,150.5,1.887254794520548,152500.0
2004,IOWA,HARRISON,237,177.3,2.250606557377049,165000.0
2005,IOWA,HARRISON,237,155.0,2.107156164383562,162500.0
2006,IOWA,HARRISON,237,142.1,2.553917808219178,163700.0
2007,IOWA,HARRISON,237,161.8,3.145424657534246,174800.0
2008,IOWA,HARRISON,237,176.0,2.435901639344262,170500.0
1999,IOWA,HENRY,238,131.1,1.98659217877095,78400.0
2000,IOWA,HENRY,238,143.7,2.059835616438356,80800.0
2001,IOWA,HENRY,238,142.9,2.9008356545961,68000.0
2002,IOWA,HENRY,238,157.1,2.075623268698061,84000.0
2003,IOWA,HENRY,238,160.7,2.291597796143251,83700.0
2004,IOWA,HENRY,238,182.2,2.448022284122563,83500.0
2005,IOWA,HENRY,238,153.0,1.903250688705234,84000.0
2006,IOWA,HENRY,238,167.9,2.17813698630137,78700.0
2007,IOWA,HENRY,238,181.5,3.321592286501377,89500.0
2008,IOWA,HENRY,238,178.0,3.220861111111111,85000.0
1999,IOWA,HOWARD,239,154.4,2.860109589041096,107800.0
2000,IOWA,HOWARD,239,140.3,2.617726775956284,111800.0
2001,IOWA,HOWARD,239,130.5,2.098109589041096,101400.0
2002,IOWA,HOWARD,239,164.6,2.10785205479452,104500.0
2003,IOWA,HOWARD,239,151.4,1.585238356164383,104000.0
2004,IOWA,HOWARD,239,160.8,2.867471074380165,111500.0
2005,IOWA,HOWARD,239,183.8,2.645775342465754,119000.0
2006,IOWA,HOWARD,239,165.3,2.134295890410959,114800.0
2007,IOWA,HOWARD,239,169.8,3.064005479452055,128500.0
2008,IOWA,HOWARD,239,164.0,2.891852459016393,118000.0
1999,IOWA,JACKSON,243,143.6,2.045221917808219,90800.0
2000,IOWA,JACKSON,243,140.7,2.494767123287671,89900.0
2001,IOWA,JACKSON,243,152.0,2.585232876712328,84300.0
2002,IOWA,JACKSON,243,164.7,2.471802739726027,85000.0
2003,IOWA,JACKSON,243,155.2,1.984679452054794,87000.0
2004,IOWA,JACKSON,243,169.6,2.540693989071038,91000.0
2005,IOWA,JACKSON,243,124.2,1.601939726027397,92000.0
2006,IOWA,JACKSON,243,166.5,2.679178082191781,87600.0
2007,IOWA,JACKSON,243,169.4,2.75282967032967,102600.0
2008,IOWA,JACKSON,243,169.0,3.441491803278689,90000.0
1999,IOWA,JEFFERSON,245,95.5,2.25731129476584,59200.0
2000,IOWA,JEFFERSON,245,141.9,2.283224043715847,62300.0
2001,IOWA,JEFFERSON,245,134.4,3.254022222222222,40900.0
2002,IOWA,JEFFERSON,245,134.9,2.265065934065934,63000.0
2003,IOWA,JEFFERSON,245,146.9,2.161822222222222,65000.0
2004,IOWA,JEFFERSON,245,173.1,2.492808743169399,67000.0
2005,IOWA,JEFFERSON,245,143.6,2.029208791208791,67500.0
2006,IOWA,JEFFERSON,245,170.7,2.482241095890411,63800.0
2007,IOWA,JEFFERSON,245,159.9,3.411950684931507,78000.0
2008,IOWA,JEFFERSON,245,167.0,3.292203856749311,66000.0
1999,IOWA,KEOKUK,248,123.5,2.212235616438356,98400.0
2000,IOWA,KEOKUK,248,147.6,2.530978142076503,98700.0
2001,IOWA,KEOKUK,248,142.1,2.658997260273972,79500.0
2002,IOWA,KEOKUK,248,160.8,1.84758904109589,102000.0
2003,IOWA,KEOKUK,248,155.2,2.055660273972602,100500.0
2004,IOWA,KEOKUK,248,190.5,2.173573770491803,104500.0
2005,IOWA,KEOKUK,248,135.0,1.691234159779614,107500.0
2006,IOWA,KEOKUK,248,166.6,2.233375690607735,102400.0
2007,IOWA,KEOKUK,248,174.5,3.212230136986301,123400.0
2008,IOWA,KEOKUK,248,157.0,3.093803278688525,111500.0
1999,IOWA,LINN,251,150.8,2.149605479452055,138000.0
2000,IOWA,LINN,251,140.9,2.248524590163934,136100.0
2001,IOWA,LINN,251,164.9,2.414043835616438,132900.0
2002,IOWA,LINN,251,176.6,2.542087671232876,132500.0
2003,IOWA,LINN,251,162.5,2.189967123287671,137500.0
2004,IOWA,LINN,251,172.4,2.349846994535519,143000.0
2005,IOWA,LINN,251,152.0,1.861506849315068,140500.0
2006,IOWA,LINN,251,176.2,2.119682191780822,136100.0
2007,IOWA,LINN,251,176.7,2.835057534246575,160500.0
2008,IOWA,LINN,251,172.0,3.326983606557377,141000.0
1999,IOWA,LUCAS,253,128.0,2.44466301369863,20800.0
2000,IOWA,LUCAS,253,130.4,2.280432876712329,22900.0
2001,IOWA,LUCAS,253,118.4,2.836449315068493,16100.0
2002,IOWA,LUCAS,253,140.9,2.123857534246575,22000.0
2003,IOWA,LUCAS,253,119.1,2.243550684931507,23000.0
2004,IOWA,LUCAS,253,154.8,2.438818681318681,25000.0
2005,IOWA,LUCAS,253,154.8,1.818361643835616,25000.0
2006,IOWA,LUCAS,253,137.8,2.293654794520548,23900.0
2007,IOWA,LUCAS,253,141.9,3.237282191780822,29200.0
2008,IOWA,LUCAS,253,114.0,3.584066298342541,24500.0
1999,IOWA,LYON,254,163.4,1.514928571428571,148100.0
2000,IOWA,LYON,254,154.1,1.865923076923077,150200.0
2001,IOWA,LYON,254,151.3,2.528804407713499,148100.0
2002,IOWA,LYON,254,152.9,1.390685082872928,144500.0
2003,IOWA,LYON,254,158.3,1.330846796657382,144000.0
2004,IOWA,LYON,254,185.9,2.125505494505494,149000.0
2005,IOWA,LYON,254,185.2,2.60332602739726,153000.0
2006,IOWA,LYON,254,163.9,2.020169863013698,149000.0
2007,IOWA,LYON,254,163.7,1.849873626373626,161500.0
2008,IOWA,LYON,254,190.0,2.094275482093664,163500.0
1999,IOWA,MADISON,255,134.5,2.146754820936639,59600.0
2000,IOWA,MADISON,255,133.1,1.82584487534626,60700.0
2001,IOWA,MADISON,255,144.5,2.11154945054945,57900.0
2002,IOWA,MADISON,255,150.4,1.799166666666667,62500.0
2003,IOWA,MADISON,255,134.7,2.14612602739726,62500.0
2004,IOWA,MADISON,255,175.6,2.651732240437158,64000.0
2005,IOWA,MADISON,255,154.9,1.83521978021978,66000.0
2006,IOWA,MADISON,255,158.4,2.360460273972603,61300.0
2007,IOWA,MADISON,255,162.6,3.13055,72600.0
2008,IOWA,MADISON,255,165.0,3.465893854748603,62000.0
1999,IOWA,MAHASKA,256,135.4,2.15794459833795,110600.0
2000,IOWA,MAHASKA,256,143.3,2.625849162011173,114000.0
2001,IOWA,MAHASKA,256,142.8,2.373005524861878,107200.0
2002,IOWA,MAHASKA,256,168.8,1.821961538461538,118500.0
2003,IOWA,MAHASKA,256,162.2,3.53651506849315,116800.0
2004,IOWA,MAHASKA,256,192.7,2.393568306010929,120000.0
2005,IOWA,MAHASKA,256,160.5,1.805835616438356,120000.0
2006,IOWA,MAHASKA,256,166.0,1.84650303030303,119800.0
2007,IOWA,MAHASKA,256,179.9,3.391769863013698,133900.0
2008,IOWA,MAHASKA,256,176.0,3.876622950819672,129500.0
1999,IOWA,MARSHALL,258,155.8,1.645084931506849,138200.0
2000,IOWA,MARSHALL,258,145.2,1.361917127071823,136900.0
2001,IOWA,MARSHALL,258,152.9,1.590805479452055,134900.0
2002,IOWA,MARSHALL,258,184.0,1.788438356164384,137500.0
2003,IOWA,MARSHALL,258,179.6,2.077928767123288,137500.0
2004,IOWA,MARSHALL,258,185.1,2.111331506849315,142500.0
2005,IOWA,MARSHALL,258,191.9,1.77173698630137,142500.0
2006,IOWA,MARSHALL,258,184.3,2.389687671232877,141600.0
2007,IOWA,MARSHALL,258,185.9,2.531556786703601,158300.0
2008,IOWA,MARSHALL,258,180.0,2.902344632768362,141500.0
1999,IOWA,MITCHELL,260,154.9,2.958697406340058,129400.0
2000,IOWA,MITCHELL,260,146.7,2.968726114649682,131500.0
2001,IOWA,MITCHELL,260,145.5,2.455567867036011,123300.0
2002,IOWA,MITCHELL,260,177.5,2.193572222222222,124500.0
2003,IOWA,MITCHELL,260,156.3,1.662288888888889,128000.0
2004,IOWA,MITCHELL,260,175.3,2.959621917808219,132000.0
2005,IOWA,MITCHELL,260,186.6,2.636994505494505,130000.0
2006,IOWA,MITCHELL,260,170.5,2.322882191780822,132800.0
2007,IOWA,MITCHELL,260,174.2,2.654821917808219,152600.0
2008,IOWA,MITCHELL,260,174.0,3.152098360655737,144500.0
1999,IOWA,MONROE,262,110.8,2.0828,22900.0
2000,IOWA,MONROE,262,135.8,2.416469945355191,25000.0
2001,IOWA,MONROE,262,115.9,3.057046575342465,13300.0
2002,IOWA,MONROE,262,158.0,2.022230769230769,25000.0
2003,IOWA,MONROE,262,129.6,1.895465465465465,26000.0
2004,IOWA,MONROE,262,171.3,2.433819672131147,27500.0
2005,IOWA,MONROE,262,154.3,1.712204819277108,27000.0
2006,IOWA,MONROE,262,137.0,1.947080597014925,25900.0
2007,IOWA,MONROE,262,161.3,2.925233333333333,31600.0
2008,IOWA,MONROE,262,136.0,3.337393442622951,25000.0
1999,IOWA,MONTGOMERY,263,127.3,2.821139726027397,85500.0
2000,IOWA,MONTGOMERY,263,141.6,1.796043715846994,87200.0
2001,IOWA,MONTGOMERY,263,132.9,2.503117808219178,84300.0
2002,IOWA,MONTGOMERY,263,141.1,1.92413698630137,90000.0
2003,IOWA,MONTGOMERY,263,129.5,1.889342465753425,88000.0
2004,IOWA,MONTGOMERY,263,183.3,2.269344262295082,92000.0
2005,IOWA,MONTGOMERY,263,158.1,1.838542465753425,92500.0
2006,IOWA,MONTGOMERY,263,163.9,2.20318904109589,90900.0
2007,IOWA,MONTGOMERY,263,145.1,3.913687671232876,94500.0
2008,IOWA,MONTGOMERY,263,160.0,2.956393442622951,89000.0
1999,IOWA,MUSCATINE,264,149.5,2.255397590361446,84700.0
2000,IOWA,MUSCATINE,264,145.7,2.85697520661157,87000.0
2001,IOWA,MUSCATINE,264,150.3,2.810747252747253,82500.0
2002,IOWA,MUSCATINE,264,170.9,2.507293150684931,86000.0
2003,IOWA,MUSCATINE,264,168.0,1.895605479452055,84500.0
2004,IOWA,MUSCATINE,264,180.0,2.598989071038251,89500.0
2005,IOWA,MUSCATINE,264,135.3,1.456498630136986,88000.0
2006,IOWA,MUSCATINE,264,166.4,2.514947945205479,87100.0
2007,IOWA,MUSCATINE,264,180.6,3.116197260273972,104600.0
2008,IOWA,MUSCATINE,264,166.0,3.327677595628415,94000.0
1999,IOWA,O BRIEN,265,170.0,1.665961643835616,156300.0
2000,IOWA,O BRIEN,265,151.4,1.953364383561644,157400.0
2001,IOWA,O BRIEN,265,151.6,2.085583561643836,149200.0
2002,IOWA,O BRIEN,265,151.7,1.68892602739726,149000.0
2003,IOWA,O BRIEN,265,169.0,1.795397260273973,151500.0
2004,IOWA,O BRIEN,265,182.3,2.371360655737705,157000.0
2005,IOWA,O BRIEN,265,185.0,2.249813698630137,158500.0
2006,IOWA,O BRIEN,265,166.0,2.145430136986301,163200.0
2007,IOWA,O BRIEN,265,167.7,2.05592243767313,170500.0
2008,IOWA,O BRIEN,265,195.0,2.234644808743169,156500.0
1999,IOWA,PAGE,267,123.2,2.362547945205479,94100.0
2000,IOWA,PAGE,267,136.3,2.677409836065574,99100.0
2001,IOWA,PAGE,267,133.3,2.549823204419889,94300.0
2002,IOWA,PAGE,267,100.0,1.786350684931507,103000.0
2003,IOWA,PAGE,267,126.3,2.118290410958904,97000.0
2004,IOWA,PAGE,267,179.9,2.367890710382513,103500.0
2005,IOWA,PAGE,267,164.7,2.382728767123288,103500.0
2006,IOWA,PAGE,267,152.5,2.472498630136986,104300.0
2007,IOWA,PAGE,267,139.5,3.21292602739726,107000.0
2008,IOWA,PAGE,267,133.0,2.941819672131147,99000.0
1999,IOWA,PLYMOUTH,269,163.6,1.528198347107438,218600.0
2000,IOWA,PLYMOUTH,269,119.9,1.329431754874652,212600.0
2001,IOWA,PLYMOUTH,269,138.8,2.162076124567474,207100.0
2002,IOWA,PLYMOUTH,269,163.5,2.641793893129771,205500.0
2003,IOWA,PLYMOUTH,269,158.7,1.661583333333333,213000.0
2004,IOWA,PLYMOUTH,269,185.6,2.986030120481928,214000.0
2005,IOWA,PLYMOUTH,269,171.8,2.114321329639889,217500.0
2006,IOWA,PLYMOUTH,269,137.1,2.017346153846154,218200.0
2007,IOWA,PLYMOUTH,269,150.8,2.504623955431755,232400.0
2008,IOWA,PLYMOUTH,269,191.0,2.31097191011236,217000.0
1999,IOWA,POCAHONTAS,270,157.7,1.921353424657534,168700.0
2000,IOWA,POCAHONTAS,270,155.6,2.120136612021858,173400.0
2001,IOWA,POCAHONTAS,270,135.3,1.938494505494506,166900.0
2002,IOWA,POCAHONTAS,270,167.6,2.344776859504132,169500.0
2003,IOWA,POCAHONTAS,270,168.1,1.941735537190083,169500.0
2004,IOWA,POCAHONTAS,270,195.5,2.135404371584699,174000.0
2005,IOWA,POCAHONTAS,270,183.3,2.302747252747253,176000.0
2006,IOWA,POCAHONTAS,270,166.5,1.804443835616438,173500.0
2007,IOWA,POCAHONTAS,270,167.1,2.719539726027397,187500.0
2008,IOWA,POCAHONTAS,270,178.0,2.549742465753424,176000.0
1999,IOWA,POLK,271,164.4,2.146370165745856,88500.0
2000,IOWA,POLK,271,154.8,1.777298342541436,88100.0
2001,IOWA,POLK,271,148.7,1.919449101796407,86200.0
2002,IOWA,POLK,271,175.7,2.108547945205479,90500.0
2003,IOWA,POLK,271,165.3,2.156177777777778,88000.0
2004,IOWA,POLK,271,183.4,2.517792349726776,94000.0
2005,IOWA,POLK,271,174.7,2.302701369863013,93000.0
2006,IOWA,POLK,271,171.9,2.185095890410959,89300.0
2007,IOWA,POLK,271,177.8,3.061917808219178,98500.0
2008,IOWA,POLK,271,154.0,3.868382089552239,90000.0
1999,IOWA,POWESHIEK,273,148.3,2.059139726027397,117100.0
2000,IOWA,POWESHIEK,273,148.9,2.021561643835617,118900.0
2001,IOWA,POWESHIEK,273,150.2,2.125945205479452,116900.0
2002,IOWA,POWESHIEK,273,176.5,2.086975342465753,119000.0
2003,IOWA,POWESHIEK,273,172.9,2.383424657534246,120000.0
2004,IOWA,POWESHIEK,273,186.2,2.299879781420765,126500.0
2005,IOWA,POWESHIEK,273,176.4,1.997901369863014,126000.0
2006,IOWA,POWESHIEK,273,182.3,2.27973698630137,126500.0
2007,IOWA,POWESHIEK,273,182.6,3.203183561643836,138900.0
2008,IOWA,POWESHIEK,273,170.0,3.24231693989071,133000.0
1999,IOWA,RINGGOLD,274,119.2,2.087671232876712,40800.0
2000,IOWA,RINGGOLD,274,144.0,2.09931693989071,41200.0
2001,IOWA,RINGGOLD,274,108.3,2.844519337016574,39000.0
2002,IOWA,RINGGOLD,274,128.6,1.664480446927374,42000.0
2003,IOWA,RINGGOLD,274,104.8,2.086224719101124,42000.0
2004,IOWA,RINGGOLD,274,153.0,2.57749860724234,46000.0
2005,IOWA,RINGGOLD,274,153.8,2.274773480662983,43500.0
2006,IOWA,RINGGOLD,274,142.3,2.540701657458563,44700.0
2007,IOWA,RINGGOLD,274,140.5,3.337158192090395,48400.0
2008,IOWA,RINGGOLD,274,115.0,3.770977653631285,46000.0
1999,IOWA,SAC,275,168.4,2.122513812154696,152000.0
2000,IOWA,SAC,275,128.2,1.517060109289617,154900.0
2001,IOWA,SAC,275,152.7,2.223895604395604,149800.0
2002,IOWA,SAC,275,166.2,2.208116022099448,151000.0
2003,IOWA,SAC,275,155.5,1.89243956043956,140500.0
2004,IOWA,SAC,275,184.3,2.541391780821918,160500.0
2005,IOWA,SAC,275,185.8,2.361362637362637,156000.0
2006,IOWA,SAC,275,134.0,1.821263736263736,159100.0
2007,IOWA,SAC,275,173.9,3.052198347107438,174500.0
2008,IOWA,SAC,275,184.0,2.562268493150685,171000.0
1999,IOWA,SCOTT,276,164.1,2.368340659340659,106700.0
2000,IOWA,SCOTT,276,152.7,2.224928961748634,104900.0
2001,IOWA,SCOTT,276,173.6,2.546314917127072,103400.0
2002,IOWA,SCOTT,276,195.3,2.387181318681319,106000.0
2003,IOWA,SCOTT,276,180.9,1.846197260273972,110000.0
2004,IOWA,SCOTT,276,191.9,2.413705555555556,110500.0
2005,IOWA,SCOTT,276,148.9,1.162242424242424,112000.0
2006,IOWA,SCOTT,276,170.5,2.428743801652892,100800.0
2007,IOWA,SCOTT,276,182.2,2.844241758241758,122600.0
2008,IOWA,SCOTT,276,184.0,2.899486338797814,110500.0
1999,IOWA,SHELBY,277,143.4,2.187879452054794,154400.0
2000,IOWA,SHELBY,277,126.6,1.480972677595628,154600.0
2001,IOWA,SHELBY,277,139.8,2.311747945205479,151100.0
2002,IOWA,SHELBY,277,147.1,1.830191780821918,153000.0
2003,IOWA,SHELBY,277,134.4,1.808619178082192,151000.0
2004,IOWA,SHELBY,277,177.1,2.560819672131148,154000.0
2005,IOWA,SHELBY,277,171.7,1.771041095890411,154500.0
2006,IOWA,SHELBY,277,171.2,2.34337741046832,156200.0
2007,IOWA,SHELBY,277,167.3,3.138465753424657,170500.0
2008,IOWA,SHELBY,277,190.0,2.683655737704918,167500.0
1999,IOWA,SIOUX,278,172.4,1.435621917808219,225500.0
2000,IOWA,SIOUX,278,150.0,1.610054644808743,228000.0
2001,IOWA,SIOUX,278,160.2,2.265819178082192,220500.0
2002,IOWA,SIOUX,278,165.7,1.534467032967033,215500.0
2003,IOWA,SIOUX,278,169.7,1.814186301369863,214500.0
2004,IOWA,SIOUX,278,187.6,2.217615384615384,230000.0
2005,IOWA,SIOUX,278,185.3,2.367337078651685,236000.0
2006,IOWA,SIOUX,278,162.9,2.108758241758242,234500.0
2007,IOWA,SIOUX,278,156.9,2.004011019283746,240300.0
2008,IOWA,SIOUX,278,195.0,1.954172701949861,231000.0
1999,IOWA,STORY,279,162.4,2.399430136986301,150100.0
2000,IOWA,STORY,279,157.4,1.730114754098361,151800.0
2001,IOWA,STORY,279,150.4,2.180224657534247,150400.0
2002,IOWA,STORY,279,177.1,1.874032876712329,157500.0
2003,IOWA,STORY,279,164.5,2.297830136986301,159000.0
2004,IOWA,STORY,279,188.1,2.943901639344262,161000.0
2005,IOWA,STORY,279,187.6,2.640904109589041,166500.0
2006,IOWA,STORY,279,184.1,2.517035616438356,158000.0
2007,IOWA,STORY,279,180.7,3.174652054794521,187200.0
2008,IOWA,STORY,279,160.0,3.422060109289617,169000.0
1999,IOWA,TAMA,280,150.3,1.842717808219178,152000.0
2000,IOWA,TAMA,280,144.9,2.006322404371585,155100.0
2001,IOWA,TAMA,280,156.8,2.105068493150685,150200.0
2002,IOWA,TAMA,280,186.8,2.080712328767123,159000.0
2003,IOWA,TAMA,280,156.2,2.058443835616438,157500.0
2004,IOWA,TAMA,280,186.5,1.895284153005464,163500.0
2005,IOWA,TAMA,280,181.4,1.700756164383562,167000.0
2006,IOWA,TAMA,280,172.7,2.112723287671233,160300.0
2007,IOWA,TAMA,280,174.8,2.676394520547945,175700.0
2008,IOWA,TAMA,280,179.0,3.287426229508196,156000.0
1999,IOWA,UNION,282,140.8,2.05142776203966,47900.0
2000,IOWA,UNION,282,136.5,2.178510144927536,49400.0
2001,IOWA,UNION,282,127.3,2.574440677966102,45200.0
2002,IOWA,UNION,282,142.2,1.891443820224719,51000.0
2003,IOWA,UNION,282,106.7,1.757737891737892,50500.0
2004,IOWA,UNION,282,160.4,2.118430555555555,53000.0
2005,IOWA,UNION,282,157.2,1.760024615384615,52000.0
2006,IOWA,UNION,282,153.6,2.235905555555556,53300.0
2007,IOWA,UNION,282,154.1,2.93903768115942,60200.0
2008,IOWA,UNION,282,148.0,3.257452307692307,54000.0
1999,IOWA,WAPELLO,284,113.4,2.267210958904109,49000.0
2000,IOWA,WAPELLO,284,138.3,2.645391044776119,54100.0
2001,IOWA,WAPELLO,284,141.0,3.040324175824176,39500.0
2002,IOWA,WAPELLO,284,135.5,2.056356164383562,55000.0
2003,IOWA,WAPELLO,284,128.2,1.999293150684931,55000.0
2004,IOWA,WAPELLO,284,183.3,2.376218579234973,57000.0
2005,IOWA,WAPELLO,284,136.1,1.730679452054794,58500.0
2006,IOWA,WAPELLO,284,164.9,2.320794520547945,53400.0
2007,IOWA,WAPELLO,284,167.1,3.101583561643836,67800.0
2008,IOWA,WAPELLO,284,138.0,3.179857923497268,56500.0
1999,IOWA,WARREN,285,142.6,2.198076923076923,63000.0
2000,IOWA,WARREN,285,140.1,2.003546448087432,63500.0
2001,IOWA,WARREN,285,143.9,2.622115068493151,56900.0
2002,IOWA,WARREN,285,151.1,1.913373626373626,65500.0
2003,IOWA,WARREN,285,135.8,2.4726408839779,64500.0
2004,IOWA,WARREN,285,167.6,2.576087431693989,68000.0
2005,IOWA,WARREN,285,157.1,1.903956164383562,71000.0
2006,IOWA,WARREN,285,164.9,2.246573134328358,67100.0
2007,IOWA,WARREN,285,157.4,3.153079452054794,73600.0
2008,IOWA,WARREN,285,135.0,3.597733711048158,68000.0
1999,IOWA,WASHINGTON,286,143.7,2.33162874251497,110500.0
2000,IOWA,WASHINGTON,286,144.1,2.25021546961326,110800.0
2001,IOWA,WASHINGTON,286,148.1,3.019620111731844,98600.0
2002,IOWA,WASHINGTON,286,167.4,2.028510989010989,116500.0
2003,IOWA,WASHINGTON,286,161.5,2.073397790055249,113600.0
2004,IOWA,WASHINGTON,286,181.9,2.531603305785124,114000.0
2005,IOWA,WASHINGTON,286,153.0,1.635342465753425,113000.0
2006,IOWA,WASHINGTON,286,184.4,2.498131868131868,109900.0
2007,IOWA,WASHINGTON,286,174.1,3.390653739612188,128300.0
2008,IOWA,WASHINGTON,286,180.0,3.290742382271468,120000.0
1999,IOWA,WEBSTER,288,155.7,2.21621978021978,184700.0
2000,IOWA,WEBSTER,288,159.8,2.851917582417582,187200.0
2001,IOWA,WEBSTER,288,154.3,2.888641095890411,183800.0
2002,IOWA,WEBSTER,288,181.6,2.032,184500.0
2003,IOWA,WEBSTER,288,174.5,1.918956043956044,184000.0
2004,IOWA,WEBSTER,288,192.3,2.527447674418605,193000.0
2005,IOWA,WEBSTER,288,190.1,2.360460273972603,198500.0
2006,IOWA,WEBSTER,288,173.3,1.970254143646409,197000.0
2007,IOWA,WEBSTER,288,182.6,2.946961325966851,221500.0
2008,IOWA,WEBSTER,288,167.0,2.318750716332378,217000.0
1999,IOWA,WINNESHIEK,290,160.5,2.478640449438202,128400.0
2000,IOWA,WINNESHIEK,290,147.9,2.702474860335196,128900.0
2001,IOWA,WINNESHIEK,290,132.1,2.013857142857143,119500.0
2002,IOWA,WINNESHIEK,290,166.9,2.210147945205479,121000.0
2003,IOWA,WINNESHIEK,290,146.7,1.533742465753425,121000.0
2004,IOWA,WINNESHIEK,290,169.9,3.219415300546448,125000.0
2005,IOWA,WINNESHIEK,290,186.4,2.259556164383561,125000.0
2006,IOWA,WINNESHIEK,290,171.9,2.215019178082192,123100.0
2007,IOWA,WINNESHIEK,290,174.0,3.299912328767123,145500.0
2008,IOWA,WINNESHIEK,290,171.0,2.935573770491803,133000.0
1999,IOWA,WORTH,292,148.7,2.81792243767313,106500.0
2000,IOWA,WORTH,292,145.9,2.344776859504132,110300.0
2001,IOWA,WORTH,292,132.8,2.429747252747253,102400.0
2002,IOWA,WORTH,292,167.1,2.11782967032967,106500.0
2003,IOWA,WORTH,292,157.4,1.835758904109589,108000.0
2004,IOWA,WORTH,292,170.2,3.214534435261708,112500.0
2005,IOWA,WORTH,292,187.9,2.665588888888889,110000.0
2006,IOWA,WORTH,292,172.5,2.230033898305085,111100.0
2007,IOWA,WORTH,292,174.8,2.79983908045977,124500.0
2008,IOWA,WORTH,292,171.0,2.377325842696629,114000.0
1999,KANSAS,COWLEY,311,92.0,3.130369863013699,2300.0
2000,KANSAS,COWLEY,311,93.0,2.35472602739726,3100.0
2001,KANSAS,COWLEY,311,76.0,1.909164383561644,3600.0
2002,KANSAS,COWLEY,311,82.0,2.804465753424657,5000.0
2003,KANSAS,COWLEY,311,97.0,2.560429223744292,7100.0
2004,KANSAS,COWLEY,311,131.0,3.021095890410959,8600.0
2005,KANSAS,COWLEY,311,94.0,2.428785388127854,10700.0
2006,KANSAS,COWLEY,311,68.0,2.033500326157861,8100.0
2007,KANSAS,COWLEY,311,115.0,3.767578930202218,8200.0
2008,KANSAS,COWLEY,311,86.0,3.406739182430964,11300.0
1999,KANSAS,DOUGLAS,316,98.0,2.605849315068493,21500.0
2000,KANSAS,DOUGLAS,316,102.0,2.059232876712329,24600.0
2001,KANSAS,DOUGLAS,316,109.0,2.75813698630137,23600.0
2002,KANSAS,DOUGLAS,316,77.0,1.890634703196347,26000.0
2003,KANSAS,DOUGLAS,316,79.0,2.13954794520548,26000.0
2004,KANSAS,DOUGLAS,316,141.0,3.182767123287671,25100.0
2005,KANSAS,DOUGLAS,316,108.0,2.938780821917808,27500.0
2006,KANSAS,DOUGLAS,316,82.0,2.050123287671233,24700.0
2007,KANSAS,DOUGLAS,316,122.0,2.664493150684931,24900.0
2008,KANSAS,DOUGLAS,316,114.0,2.714287671232877,24900.0
1999,KANSAS,FINNEY,321,184.0,1.505,101000.0
2000,KANSAS,FINNEY,321,174.0,1.316712328767123,97200.0
2001,KANSAS,FINNEY,321,157.0,1.285684931506849,76100.0
2002,KANSAS,FINNEY,321,176.0,0.9778767123287672,66800.0
2003,KANSAS,FINNEY,321,177.0,1.120890410958904,66900.0
2004,KANSAS,FINNEY,321,202.0,1.65648401826484,61000.0
2005,KANSAS,FINNEY,321,191.0,1.296301369863014,73000.0
2006,KANSAS,FINNEY,321,164.0,1.474269406392694,57700.0
2007,KANSAS,FINNEY,321,185.0,1.373082191780822,93900.0
2008,KANSAS,FINNEY,321,163.0,1.168972602739726,92400.0
1999,KANSAS,GEARY,324,125.0,2.31013698630137,4900.0
2000,KANSAS,GEARY,324,123.0,1.579452054794521,5400.0
2001,KANSAS,GEARY,324,110.0,2.713972602739726,6200.0
2002,KANSAS,GEARY,324,75.0,1.683013698630137,4700.0
2003,KANSAS,GEARY,324,83.0,1.723698630136986,4300.0
2004,KANSAS,GEARY,324,143.0,1.946575342465753,4400.0
2005,KANSAS,GEARY,324,143.0,2.396438356164384,6900.0
2006,KANSAS,GEARY,324,103.0,1.842328767123288,5200.0
2007,KANSAS,GEARY,324,133.0,2.791643835616438,6200.0
2008,KANSAS,GEARY,324,139.0,2.666301369863014,6300.0
1999,KANSAS,JEFFERSON,337,94.0,2.414292237442923,31900.0
2000,KANSAS,JEFFERSON,337,121.0,2.405890410958904,34500.0
2001,KANSAS,JEFFERSON,337,117.0,3.289178082191781,33000.0
2002,KANSAS,JEFFERSON,337,53.0,1.912557077625571,35700.0
2003,KANSAS,JEFFERSON,337,62.0,2.100684931506849,31500.0
2004,KANSAS,JEFFERSON,337,155.0,3.072602739726027,32300.0
2005,KANSAS,JEFFERSON,337,117.0,3.666803652968037,36200.0
2006,KANSAS,JEFFERSON,337,102.0,1.985479452054794,33200.0
2007,KANSAS,JEFFERSON,337,129.0,2.876392694063927,35700.0
2008,KANSAS,JEFFERSON,337,140.0,2.906849315068493,35900.0
1999,KANSAS,KEARNY,340,158.0,1.165205479452055,57300.0
2000,KANSAS,KEARNY,340,139.0,1.184109589041096,57300.0
2001,KANSAS,KEARNY,340,156.0,1.312328767123288,45700.0
2002,KANSAS,KEARNY,340,147.0,0.7306849315068493,41800.0
2003,KANSAS,KEARNY,340,173.0,1.263013698630137,33200.0
2004,KANSAS,KEARNY,340,189.0,1.848493150684932,39600.0
2005,KANSAS,KEARNY,340,173.0,1.457808219178082,47900.0
2006,KANSAS,KEARNY,340,170.0,1.418082191780822,31500.0
2007,KANSAS,KEARNY,340,173.0,0.8526027397260274,47800.0
2008,KANSAS,KEARNY,340,179.0,1.074246575342466,47800.0
1999,KANSAS,LINCOLN,346,83.0,1.982054794520548,2300.0
2000,KANSAS,LINCOLN,346,79.0,1.79027397260274,2300.0
2001,KANSAS,LINCOLN,346,53.0,2.284246575342466,4500.0
2002,KANSAS,LINCOLN,346,61.0,1.413424657534247,1400.0
2003,KANSAS,LINCOLN,346,71.0,1.598767123287671,700.0
2004,KANSAS,LINCOLN,346,144.0,1.926712328767123,800.0
2005,KANSAS,LINCOLN,346,92.0,2.02013698630137,2200.0
2006,KANSAS,LINCOLN,346,37.0,1.434794520547945,400.0
2007,KANSAS,LINCOLN,346,95.0,2.263561643835617,1100.0
2008,KANSAS,LINCOLN,346,99.0,2.242739726027397,1600.0
1999,KANSAS,MCPHERSON,350,135.0,2.693789954337899,15000.0
2000,KANSAS,MCPHERSON,350,134.0,2.240502283105024,18900.0
2001,KANSAS,MCPHERSON,350,128.0,2.017123287671233,21900.0
2002,KANSAS,MCPHERSON,350,140.0,2.013059360730594,20700.0
2003,KANSAS,MCPHERSON,350,130.0,2.175433789954337,20600.0
2004,KANSAS,MCPHERSON,350,184.0,2.194063926940639,21900.0
2005,KANSAS,MCPHERSON,350,158.0,2.279954337899543,25100.0
2006,KANSAS,MCPHERSON,350,125.0,1.770365296803653,19900.0
2007,KANSAS,MCPHERSON,350,152.0,2.980365296803653,21600.0
2008,KANSAS,MCPHERSON,350,161.0,2.341095890410959,23700.0
1999,KANSAS,MARION,351,89.0,2.559178082191781,8400.0
2000,KANSAS,MARION,351,87.0,1.798630136986301,11100.0
2001,KANSAS,MARION,351,69.0,2.135799086757991,11400.0
2002,KANSAS,MARION,351,58.0,2.34365296803653,10200.0
2003,KANSAS,MARION,351,69.0,2.316041095890411,10500.0
2004,KANSAS,MARION,351,129.0,2.515808219178083,14700.0
2005,KANSAS,MARION,351,78.0,2.797018264840183,21300.0
2006,KANSAS,MARION,351,56.0,1.82107305936073,15100.0
2007,KANSAS,MARION,351,107.0,2.763821917808219,16600.0
2008,KANSAS,MARION,351,90.0,2.795616438356164,22700.0
1999,KANSAS,MITCHELL,355,97.0,1.661826484018265,8900.0
2000,KANSAS,MITCHELL,355,93.0,1.2987899543379,6800.0
2001,KANSAS,MITCHELL,355,81.0,1.923287671232877,5200.0
2002,KANSAS,MITCHELL,355,82.0,1.442625570776256,4100.0
2003,KANSAS,MITCHELL,355,134.0,1.933607305936073,3500.0
2004,KANSAS,MITCHELL,355,166.0,1.938835616438356,5100.0
2005,KANSAS,MITCHELL,355,129.0,1.932237442922375,9100.0
2006,KANSAS,MITCHELL,355,88.0,1.60607305936073,8500.0
2007,KANSAS,MITCHELL,355,145.0,2.05986301369863,7000.0
2008,KANSAS,MITCHELL,355,129.0,2.299337899543379,8400.0
1999,KANSAS,MORTON,358,184.0,1.263972602739726,21100.0
2000,KANSAS,MORTON,358,153.0,1.151232876712328,24900.0
2001,KANSAS,MORTON,358,120.0,1.297853881278539,17200.0
2002,KANSAS,MORTON,358,143.0,0.9476712328767122,15400.0
2003,KANSAS,MORTON,358,135.0,1.337534246575342,12800.0
2004,KANSAS,MORTON,358,156.0,1.818949771689498,23200.0
2005,KANSAS,MORTON,358,138.0,1.23027397260274,28800.0
2006,KANSAS,MORTON,358,144.0,1.578949771689498,16700.0
2007,KANSAS,MORTON,358,109.0,0.8003196347031963,31500.0
2008,KANSAS,MORTON,358,166.0,1.068630136986301,20000.0
1999,KANSAS,OSAGE,363,66.0,3.432853881278539,15400.0
2000,KANSAS,OSAGE,363,75.0,1.733264840182648,18000.0
2001,KANSAS,OSAGE,363,84.0,2.882100456621005,21600.0
2002,KANSAS,OSAGE,363,61.0,2.028584474885844,25000.0
2003,KANSAS,OSAGE,363,70.0,2.308675799086758,23600.0
2004,KANSAS,OSAGE,363,123.0,2.79972602739726,24500.0
2005,KANSAS,OSAGE,363,98.0,3.161095890410959,29600.0
2006,KANSAS,OSAGE,363,72.0,2.080821917808219,24700.0
2007,KANSAS,OSAGE,363,89.0,3.57,27900.0
2008,KANSAS,OSAGE,363,103.0,2.886438356164383,29000.0
1999,KANSAS,OTTAWA,365,117.0,2.089452054794521,2400.0
2000,KANSAS,OTTAWA,365,100.0,1.752739726027397,2700.0
2001,KANSAS,OTTAWA,365,79.0,1.977123287671233,3700.0
2002,KANSAS,OTTAWA,365,76.0,1.45945205479452,2800.0
2003,KANSAS,OTTAWA,365,103.0,1.766575342465753,1500.0
2004,KANSAS,OTTAWA,365,136.0,1.931232876712329,2700.0
2005,KANSAS,OTTAWA,365,118.0,2.111232876712329,3700.0
2006,KANSAS,OTTAWA,365,87.0,2.126301369863014,3100.0
2007,KANSAS,OTTAWA,365,111.0,2.654931506849315,2500.0
2008,KANSAS,OTTAWA,365,146.0,2.163287671232877,2000.0
1999,KANSAS,RICE,373,128.0,1.841095890410959,18000.0
2000,KANSAS,RICE,373,131.0,2.190547945205479,24000.0
2001,KANSAS,RICE,373,98.0,1.615205479452055,26000.0
2002,KANSAS,RICE,373,114.0,2.187671232876713,24500.0
2003,KANSAS,RICE,373,121.0,1.673013698630137,17400.0
2004,KANSAS,RICE,373,164.0,1.962465753424657,19000.0
2005,KANSAS,RICE,373,130.0,1.944383561643836,23500.0
2006,KANSAS,RICE,373,106.0,1.851369863013699,22500.0
2007,KANSAS,RICE,373,128.0,2.649315068493151,27200.0
2008,KANSAS,RICE,373,134.0,2.315890410958904,30800.0
1999,KANSAS,SALINE,378,125.0,2.308264840182648,2000.0
2000,KANSAS,SALINE,378,117.0,1.776392694063927,3500.0
2001,KANSAS,SALINE,378,62.0,1.847077625570776,4000.0
2002,KANSAS,SALINE,378,76.0,1.36365296803653,2500.0
2003,KANSAS,SALINE,378,76.0,1.850730593607306,2000.0
2004,KANSAS,SALINE,378,154.0,1.857671232876712,2700.0
2005,KANSAS,SALINE,378,111.0,2.240913242009133,3800.0
2006,KANSAS,SALINE,378,78.0,1.919041095890411,2000.0
2007,KANSAS,SALINE,378,117.0,2.974383561643835,2200.0
2008,KANSAS,SALINE,378,124.0,2.30634703196347,2400.0
1999,KANSAS,SEDGWICK,380,141.0,2.926438356164384,15300.0
2000,KANSAS,SEDGWICK,380,152.0,2.316027397260274,18100.0
2001,KANSAS,SEDGWICK,380,135.0,1.844041095890411,17900.0
2002,KANSAS,SEDGWICK,380,136.0,2.435890410958904,23600.0
2003,KANSAS,SEDGWICK,380,131.0,2.314575342465754,25100.0
2004,KANSAS,SEDGWICK,380,157.0,2.763342465753424,25500.0
2005,KANSAS,SEDGWICK,380,141.0,2.472945205479452,33800.0
2006,KANSAS,SEDGWICK,380,123.0,1.959328767123288,30100.0
2007,KANSAS,SEDGWICK,380,143.0,2.779945205479452,29300.0
2008,KANSAS,SEDGWICK,380,130.0,3.219301369863014,35100.0
1999,KANSAS,SHERMAN,384,173.0,1.417488584474886,85700.0
2000,KANSAS,SHERMAN,384,141.0,1.193561643835617,92800.0
2001,KANSAS,SHERMAN,384,144.0,1.109086757990868,78600.0
2002,KANSAS,SHERMAN,384,111.0,0.7653424657534247,62600.0
2003,KANSAS,SHERMAN,384,136.0,1.084269406392694,54800.0
2004,KANSAS,SHERMAN,384,105.0,1.509178082191781,92700.0
2005,KANSAS,SHERMAN,384,144.0,1.240091324200913,70600.0
2006,KANSAS,SHERMAN,384,134.0,1.570662100456621,83500.0
2007,KANSAS,SHERMAN,384,144.0,1.103310502283106,119800.0
2008,KANSAS,SHERMAN,384,129.0,1.436940639269406,108900.0
1999,KANSAS,STAFFORD,386,136.0,2.076712328767123,66100.0
2000,KANSAS,STAFFORD,386,130.0,2.081643835616438,72200.0
2001,KANSAS,STAFFORD,386,109.0,1.770684931506849,78300.0
2002,KANSAS,STAFFORD,386,151.0,2.091506849315068,55700.0
2003,KANSAS,STAFFORD,386,148.0,1.691780821917808,52500.0
2004,KANSAS,STAFFORD,386,163.0,2.322739726027397,47900.0
2005,KANSAS,STAFFORD,386,152.0,2.007397260273973,59700.0
2006,KANSAS,STAFFORD,386,142.0,1.884109589041096,55300.0
2007,KANSAS,STAFFORD,386,136.0,2.94986301369863,62700.0
2008,KANSAS,STAFFORD,386,134.0,2.354794520547945,69100.0
1999,KANSAS,THOMAS,390,161.0,1.361415525114155,124500.0
2000,KANSAS,THOMAS,390,122.0,1.103493150684931,135000.0
2001,KANSAS,THOMAS,390,135.0,1.374018264840183,130200.0
2002,KANSAS,THOMAS,390,131.0,0.896164383561644,73700.0
2003,KANSAS,THOMAS,390,145.0,0.9769863013698632,66000.0
2004,KANSAS,THOMAS,390,122.0,1.372328767123288,98700.0
2005,KANSAS,THOMAS,390,126.0,1.52027397260274,119200.0
2006,KANSAS,THOMAS,390,118.0,1.341552511415525,107500.0
2007,KANSAS,THOMAS,390,141.0,1.204292237442923,161700.0
2008,KANSAS,THOMAS,390,112.0,1.636666666666666,148700.0
1999,MISSOURI,ADAIR,399,72.4,2.474006042296072,12100.0
2000,MISSOURI,ADAIR,399,160.0,2.044491803278688,13700.0
2001,MISSOURI,ADAIR,399,130.7,2.929698630136986,11300.0
2002,MISSOURI,ADAIR,399,100.8,2.244942465753425,11700.0
2003,MISSOURI,ADAIR,399,112.6,2.579774725274725,12100.0
2004,MISSOURI,ADAIR,399,164.3,2.769576923076923,14100.0
2005,MISSOURI,ADAIR,399,90.6,2.449035812672176,14000.0
2006,MISSOURI,ADAIR,399,153.0,2.994068493150685,11900.0
2007,MISSOURI,ADAIR,399,132.0,2.933315151515151,14000.0
2008,MISSOURI,ADAIR,399,118.0,4.755082621082621,10900.0
1999,MISSOURI,BARTON,404,92.7,3.6703,14700.0
2000,MISSOURI,BARTON,404,149.3,2.820324929971989,18900.0
2001,MISSOURI,BARTON,404,154.1,3.57781163434903,24400.0
2002,MISSOURI,BARTON,404,117.1,2.796853932584269,25700.0
2003,MISSOURI,BARTON,404,112.3,3.34085552407932,33700.0
2004,MISSOURI,BARTON,404,147.1,3.945046831955922,36400.0
2005,MISSOURI,BARTON,404,102.5,2.689163434903047,43900.0
2006,MISSOURI,BARTON,404,133.0,2.689741046831956,42800.0
2007,MISSOURI,BARTON,404,120.0,4.41010989010989,39000.0
2008,MISSOURI,BARTON,404,117.0,4.700387978142076,40700.0
1999,MISSOURI,BATES,405,86.4,3.048,37800.0
2000,MISSOURI,BATES,405,125.5,2.001464480874317,38600.0
2001,MISSOURI,BATES,405,134.5,3.145424657534246,36800.0
2002,MISSOURI,BATES,405,94.5,2.305484931506849,39500.0
2003,MISSOURI,BATES,405,73.0,2.636561983471074,43900.0
2004,MISSOURI,BATES,405,140.3,3.169448087431694,44000.0
2005,MISSOURI,BATES,405,108.5,2.824171270718232,52900.0
2006,MISSOURI,BATES,405,118.0,2.263630681818182,39100.0
2007,MISSOURI,BATES,405,134.0,3.251619834710743,51400.0
2008,MISSOURI,BATES,405,120.0,3.954059701492537,43500.0
1999,MISSOURI,BOONE,408,70.4,2.430745205479452,18200.0
2000,MISSOURI,BOONE,408,141.3,2.919956164383561,19400.0
2001,MISSOURI,BOONE,408,130.2,3.506591780821918,20400.0
2002,MISSOURI,BOONE,408,94.7,3.155167123287671,21500.0
2003,MISSOURI,BOONE,408,88.9,2.985369863013699,22000.0
2004,MISSOURI,BOONE,408,171.8,3.238153005464481,23300.0
2005,MISSOURI,BOONE,408,68.3,2.986065753424657,24100.0
2006,MISSOURI,BOONE,408,140.0,2.332624657534247,19300.0
2007,MISSOURI,BOONE,408,123.0,2.630465753424657,26000.0
2008,MISSOURI,BOONE,408,130.0,4.430426229508196,19600.0
1999,MISSOURI,BUTLER,410,115.8,2.880303867403315,13300.0
2000,MISSOURI,BUTLER,410,131.3,2.530284153005464,15300.0
2001,MISSOURI,BUTLER,410,136.1,3.081586776859504,15200.0
2002,MISSOURI,BUTLER,410,126.3,4.370770083102493,12700.0
2003,MISSOURI,BUTLER,410,134.4,3.087076923076923,20300.0
2004,MISSOURI,BUTLER,410,147.5,2.942224657534247,20800.0
2005,MISSOURI,BUTLER,410,127.6,2.782865753424657,17800.0
2006,MISSOURI,BUTLER,410,157.0,3.732060273972603,10600.0
2007,MISSOURI,BUTLER,410,155.0,3.247720547945205,30700.0
2008,MISSOURI,BUTLER,410,160.0,3.878893150684931,20100.0
1999,MISSOURI,CALDWELL,411,93.4,2.351413698630137,20300.0
2000,MISSOURI,CALDWELL,411,134.2,2.510852459016393,21200.0
2001,MISSOURI,CALDWELL,411,124.6,3.323572602739726,16800.0
2002,MISSOURI,CALDWELL,411,75.3,1.89838904109589,20400.0
2003,MISSOURI,CALDWELL,411,48.6,2.487112328767123,18400.0
2004,MISSOURI,CALDWELL,411,163.0,3.171510989010989,16700.0
2005,MISSOURI,CALDWELL,411,75.0,2.627663716814159,19000.0
2006,MISSOURI,CALDWELL,411,104.0,2.104372602739726,13000.0
2007,MISSOURI,CALDWELL,411,109.0,2.757117808219178,17200.0
2008,MISSOURI,CALDWELL,411,136.0,3.060928143712575,12500.0
1999,MISSOURI,CASS,417,83.2,2.732065753424657,23900.0
2000,MISSOURI,CASS,417,121.1,2.279060109289617,24200.0
2001,MISSOURI,CASS,417,123.8,3.201095890410959,24800.0
2002,MISSOURI,CASS,417,100.5,2.334712328767123,27700.0
2003,MISSOURI,CASS,417,71.8,2.66665205479452,27700.0
2004,MISSOURI,CASS,417,135.8,3.613601092896175,26400.0
2005,MISSOURI,CASS,417,112.7,2.86358904109589,29800.0
2006,MISSOURI,CASS,417,121.0,2.217802739726027,26000.0
2007,MISSOURI,CASS,417,127.0,3.131506849315068,32600.0
2008,MISSOURI,CASS,417,124.0,3.726721311475409,26900.0
1999,MISSOURI,CHARITON,419,101.4,2.614460273972603,59400.0
2000,MISSOURI,CHARITON,419,151.5,2.492727777777778,66500.0
2001,MISSOURI,CHARITON,419,131.3,3.151972527472527,59700.0
2002,MISSOURI,CHARITON,419,123.4,2.412302197802198,65500.0
2003,MISSOURI,CHARITON,419,108.9,2.893512328767123,67400.0
2004,MISSOURI,CHARITON,419,164.7,3.176387978142076,68600.0
2005,MISSOURI,CHARITON,419,116.5,2.601238356164384,71200.0
2006,MISSOURI,CHARITON,419,151.0,2.566443835616438,62700.0
2007,MISSOURI,CHARITON,419,146.0,2.726454293628809,73000.0
2008,MISSOURI,CHARITON,419,143.0,3.73345205479452,57900.0
1999,MISSOURI,DADE,427,104.2,3.514246575342466,3300.0
2000,MISSOURI,DADE,427,146.4,2.739024657534246,4200.0
2001,MISSOURI,DADE,427,143.3,3.144994505494505,4600.0
2002,MISSOURI,DADE,427,118.4,3.275556164383561,6700.0
2003,MISSOURI,DADE,427,98.1,2.713276712328767,8500.0
2004,MISSOURI,DADE,427,145.4,3.7065956284153,11300.0
2005,MISSOURI,DADE,427,66.6,2.242854794520548,12500.0
2006,MISSOURI,DADE,427,131.0,2.408476712328767,9600.0
2007,MISSOURI,DADE,427,120.0,3.558783561643835,13500.0
2008,MISSOURI,DADE,427,114.0,4.059142076502732,12000.0
1999,MISSOURI,DE KALB,430,87.2,2.466235616438356,26300.0
2000,MISSOURI,DE KALB,430,132.2,2.276978142076503,26400.0
2001,MISSOURI,DE KALB,430,105.7,3.112717808219178,24200.0
2002,MISSOURI,DE KALB,430,78.9,1.902564383561644,23900.0
2003,MISSOURI,DE KALB,430,57.5,2.075145205479452,24100.0
2004,MISSOURI,DE KALB,430,146.4,3.183327868852459,22400.0
2005,MISSOURI,DE KALB,430,105.8,2.671523287671233,25000.0
2006,MISSOURI,DE KALB,430,140.0,2.109243835616438,22300.0
2007,MISSOURI,DE KALB,430,117.0,2.906038356164383,31600.0
2008,MISSOURI,DE KALB,430,127.0,3.080617486338798,25200.0
1999,MISSOURI,DUNKLIN,433,138.9,2.830186301369863,13100.0
2000,MISSOURI,DUNKLIN,433,144.4,3.576876712328767,13900.0
2001,MISSOURI,DUNKLIN,433,155.7,3.11436036036036,13600.0
2002,MISSOURI,DUNKLIN,433,136.6,3.56852602739726,11700.0
2003,MISSOURI,DUNKLIN,433,158.9,2.898670329670329,17800.0
2004,MISSOURI,DUNKLIN,433,157.2,3.106398891966759,22800.0
2005,MISSOURI,DUNKLIN,433,137.2,2.398734246575343,18000.0
2006,MISSOURI,DUNKLIN,433,152.0,3.690306849315068,11400.0
2007,MISSOURI,DUNKLIN,433,161.0,2.784094707520891,33100.0
2008,MISSOURI,DUNKLIN,433,168.0,3.296448087431694,26600.0
1999,MISSOURI,FRANKLIN,434,98.6,2.537912328767123,16000.0
2000,MISSOURI,FRANKLIN,434,121.1,3.192349726775956,16500.0
2001,MISSOURI,FRANKLIN,434,126.2,2.724727272727272,13500.0
2002,MISSOURI,FRANKLIN,434,100.0,2.933928143712575,16400.0
2003,MISSOURI,FRANKLIN,434,121.2,2.804438356164384,16100.0
2004,MISSOURI,FRANKLIN,434,139.9,3.342945355191257,15300.0
2005,MISSOURI,FRANKLIN,434,103.9,3.045900826446281,16300.0
2006,MISSOURI,FRANKLIN,434,143.0,2.430049315068493,16600.0
2007,MISSOURI,FRANKLIN,434,133.0,2.315227397260274,20100.0
2008,MISSOURI,FRANKLIN,434,154.0,4.066081967213115,17100.0
1999,MISSOURI,GASCONADE,435,77.4,2.557397260273973,6600.0
2000,MISSOURI,GASCONADE,435,124.4,3.303391780821918,6400.0
2001,MISSOURI,GASCONADE,435,109.6,3.122887537993921,5600.0
2002,MISSOURI,GASCONADE,435,86.0,2.842991097922849,4800.0
2003,MISSOURI,GASCONADE,435,86.4,2.345898507462687,4500.0
2004,MISSOURI,GASCONADE,435,113.3,3.745492063492063,4900.0
2005,MISSOURI,GASCONADE,435,90.8,3.293806451612903,4800.0
2006,MISSOURI,GASCONADE,435,133.0,3.117416149068323,5300.0
2007,MISSOURI,GASCONADE,435,116.0,2.149067039106145,5200.0
2008,MISSOURI,GASCONADE,435,141.0,4.192759002770083,4200.0
1999,MISSOURI,HARRISON,439,86.9,1.669944751381215,38600.0
2000,MISSOURI,HARRISON,439,143.3,2.447446575342465,45100.0
2001,MISSOURI,HARRISON,439,105.3,2.688920547945205,34000.0
2002,MISSOURI,HARRISON,439,106.1,2.096404558404558,41300.0
2003,MISSOURI,HARRISON,439,75.0,2.074091428571428,40300.0
2004,MISSOURI,HARRISON,439,143.3,3.342873563218391,46200.0
2005,MISSOURI,HARRISON,439,127.3,3.690121495327102,43800.0
2006,MISSOURI,HARRISON,439,130.0,2.131052924791086,43600.0
2007,MISSOURI,HARRISON,439,134.0,3.222089887640449,50000.0
2008,MISSOURI,HARRISON,439,120.0,3.346204419889502,42800.0
1999,MISSOURI,HOWARD,443,97.5,2.275561643835616,30100.0
2000,MISSOURI,HOWARD,443,139.9,2.660754098360655,30400.0
2001,MISSOURI,HOWARD,443,149.2,3.036169863013698,27700.0
2002,MISSOURI,HOWARD,443,118.5,2.969364383561643,31700.0
2003,MISSOURI,HOWARD,443,107.1,2.915084931506849,29900.0
2004,MISSOURI,HOWARD,443,170.8,3.046612021857924,28000.0
2005,MISSOURI,HOWARD,443,95.0,2.534432876712329,32600.0
2006,MISSOURI,HOWARD,443,141.0,2.195534246575342,27400.0
2007,MISSOURI,HOWARD,443,143.0,2.382032876712329,35900.0
2008,MISSOURI,HOWARD,443,153.0,3.943245901639344,29300.0
1999,MISSOURI,JASPER,447,90.9,3.747197802197802,5800.0
2000,MISSOURI,JASPER,447,149.0,2.541387978142077,9800.0
2001,MISSOURI,JASPER,447,139.6,3.054958904109589,11400.0
2002,MISSOURI,JASPER,447,109.2,2.837145205479452,12400.0
2003,MISSOURI,JASPER,447,109.8,2.564356164383562,17000.0
2004,MISSOURI,JASPER,447,143.8,3.368622950819672,20300.0
2005,MISSOURI,JASPER,447,90.8,2.280432876712329,19200.0
2006,MISSOURI,JASPER,447,113.0,2.256076712328767,21400.0
2007,MISSOURI,JASPER,447,123.0,3.865671232876712,22400.0
2008,MISSOURI,JASPER,447,111.0,4.388092896174864,21600.0
1999,MISSOURI,JOHNSON,449,79.0,2.8448,30600.0
2000,MISSOURI,JOHNSON,449,120.9,2.539300275482093,31100.0
2001,MISSOURI,JOHNSON,449,108.4,3.393412087912088,30500.0
2002,MISSOURI,JOHNSON,449,83.7,2.294396694214876,32600.0
2003,MISSOURI,JOHNSON,449,52.3,2.542783561643835,31700.0
2004,MISSOURI,JOHNSON,449,156.3,3.195819672131147,30100.0
2005,MISSOURI,JOHNSON,449,90.0,2.39386301369863,34200.0
2006,MISSOURI,JOHNSON,449,104.0,2.167746556473829,29900.0
2007,MISSOURI,JOHNSON,449,130.0,3.226843835616438,34100.0
2008,MISSOURI,JOHNSON,449,134.0,3.884083333333333,29900.0
1999,MISSOURI,LAFAYETTE,452,112.9,2.323681318681319,90700.0
2000,MISSOURI,LAFAYETTE,452,141.9,2.425178082191781,91700.0
2001,MISSOURI,LAFAYETTE,452,135.1,3.69734435261708,87500.0
2002,MISSOURI,LAFAYETTE,452,110.3,2.144038356164383,91300.0
2003,MISSOURI,LAFAYETTE,452,102.0,2.904556473829201,90500.0
2004,MISSOURI,LAFAYETTE,452,183.1,3.180306406685236,90400.0
2005,MISSOURI,LAFAYETTE,452,131.0,2.163186813186813,94700.0
2006,MISSOURI,LAFAYETTE,452,128.0,2.059912087912088,89000.0
2007,MISSOURI,LAFAYETTE,452,152.0,2.628378082191781,104000.0
2008,MISSOURI,LAFAYETTE,452,167.0,3.511584699453552,93800.0
1999,MISSOURI,LEWIS,454,64.8,2.134295890410959,45000.0
2000,MISSOURI,LEWIS,454,149.5,2.167327868852459,50600.0
2001,MISSOURI,LEWIS,454,109.8,2.752942465753424,42500.0
2002,MISSOURI,LEWIS,454,100.9,2.664564383561644,50900.0
2003,MISSOURI,LEWIS,454,137.4,2.961709589041096,50000.0
2004,MISSOURI,LEWIS,454,168.8,2.807956043956044,53400.0
2005,MISSOURI,LEWIS,454,71.6,2.278924791086351,53900.0
2006,MISSOURI,LEWIS,454,126.0,2.487664835164835,50500.0
2007,MISSOURI,LEWIS,454,130.0,1.952089887640449,59700.0
2008,MISSOURI,LEWIS,454,133.0,3.457103641456583,48100.0
1999,MISSOURI,LINCOLN,455,86.2,2.009035616438356,45900.0
2000,MISSOURI,LINCOLN,455,149.0,2.907120218579235,49200.0
2001,MISSOURI,LINCOLN,455,120.2,3.202487671232876,45100.0
2002,MISSOURI,LINCOLN,455,78.3,2.875642857142857,37000.0
2003,MISSOURI,LINCOLN,455,111.6,3.16212602739726,41200.0
2004,MISSOURI,LINCOLN,455,147.1,3.181939890710382,42100.0
2005,MISSOURI,LINCOLN,455,86.3,2.564626038781163,41200.0
2006,MISSOURI,LINCOLN,455,128.0,2.183704109589041,33500.0
2007,MISSOURI,LINCOLN,455,118.0,1.969895604395604,45500.0
2008,MISSOURI,LINCOLN,455,135.0,3.81763387978142,19800.0
1999,MISSOURI,LINN,456,71.3,2.344454794520548,18600.0
2000,MISSOURI,LINN,456,146.5,2.613562841530054,20400.0
2001,MISSOURI,LINN,456,116.3,3.11758904109589,15400.0
2002,MISSOURI,LINN,456,100.2,2.536520547945205,18200.0
2003,MISSOURI,LINN,456,67.8,2.55252602739726,16900.0
2004,MISSOURI,LINN,456,155.6,3.330453551912568,16800.0
2005,MISSOURI,LINN,456,88.6,2.217802739726027,17600.0
2006,MISSOURI,LINN,456,149.0,2.697967123287671,16900.0
2007,MISSOURI,LINN,456,132.0,3.043824657534246,22400.0
2008,MISSOURI,LINN,456,139.0,4.290240437158469,16600.0
1999,MISSOURI,LIVINGSTON,457,88.1,2.323681318681319,19500.0
2000,MISSOURI,LIVINGSTON,457,142.9,2.425178082191781,24100.0
2001,MISSOURI,LIVINGSTON,457,124.7,3.69734435261708,19200.0
2002,MISSOURI,LIVINGSTON,457,113.0,2.144038356164383,26300.0
2003,MISSOURI,LIVINGSTON,457,63.4,2.904556473829201,25300.0
2004,MISSOURI,LIVINGSTON,457,163.2,3.180306406685236,25200.0
2005,MISSOURI,LIVINGSTON,457,96.5,2.163186813186813,26900.0
2006,MISSOURI,LIVINGSTON,457,144.0,2.059912087912088,22100.0
2007,MISSOURI,LIVINGSTON,457,128.0,2.628378082191781,27800.0
2008,MISSOURI,LIVINGSTON,457,140.0,3.511584699453552,23000.0
1999,MISSOURI,MACON,458,64.9,2.269994520547945,19400.0
2000,MISSOURI,MACON,458,144.6,2.379063360881543,21200.0
2001,MISSOURI,MACON,458,131.4,2.919956164383561,18700.0
2002,MISSOURI,MACON,458,98.0,2.421046831955923,21000.0
2003,MISSOURI,MACON,458,93.1,2.679873972602739,22000.0
2004,MISSOURI,MACON,458,174.7,3.091145205479452,21700.0
2005,MISSOURI,MACON,458,86.8,2.610980821917808,24700.0
2006,MISSOURI,MACON,458,150.0,2.52747397260274,20400.0
2007,MISSOURI,MACON,458,155.0,2.612372602739726,27200.0
2008,MISSOURI,MACON,458,142.0,5.027748571428571,24300.0
1999,MISSOURI,MARION,461,82.7,2.205054945054945,46200.0
2000,MISSOURI,MARION,461,169.0,2.622584699453552,47800.0
2001,MISSOURI,MARION,461,127.0,2.722323287671233,42300.0
2002,MISSOURI,MARION,461,108.8,2.807917808219178,50400.0
2003,MISSOURI,MARION,461,131.9,2.752246575342466,49300.0
2004,MISSOURI,MARION,461,178.0,2.906734246575343,53100.0
2005,MISSOURI,MARION,461,63.9,2.160043835616438,52500.0
2006,MISSOURI,MARION,461,145.0,2.100573002754821,51400.0
2007,MISSOURI,MARION,461,151.0,2.578273972602739,55300.0
2008,MISSOURI,MARION,461,142.0,4.035546448087431,48600.0
1999,MISSOURI,MILLER,464,63.8,2.388453781512605,1600.0
2000,MISSOURI,MILLER,464,114.7,3.045918032786885,1700.0
2001,MISSOURI,MILLER,464,114.7,3.543647416413374,1500.0
2002,MISSOURI,MILLER,464,102.9,3.139872340425532,1400.0
2003,MISSOURI,MILLER,464,98.1,3.224789772727273,1600.0
2004,MISSOURI,MILLER,464,155.6,3.224330578512396,1600.0
2005,MISSOURI,MILLER,464,68.2,2.924827397260274,1700.0
2006,MISSOURI,MILLER,464,96.0,1.66833426183844,1500.0
2007,MISSOURI,MILLER,464,122.0,2.93423661971831,2000.0
2008,MISSOURI,MILLER,464,139.0,3.990235616438356,1700.0
1999,MISSOURI,MONITEAU,466,53.8,2.157956164383561,12500.0
2000,MISSOURI,MONITEAU,466,130.3,2.749217630853994,13200.0
2001,MISSOURI,MONITEAU,466,120.2,3.435797183098591,12300.0
2002,MISSOURI,MONITEAU,466,92.7,2.76902808988764,11600.0
2003,MISSOURI,MONITEAU,466,75.2,2.943453038674033,12500.0
2004,MISSOURI,MONITEAU,466,150.8,3.384584699453552,12500.0
2005,MISSOURI,MONITEAU,466,62.3,3.393215469613259,12800.0
2006,MISSOURI,MONITEAU,466,102.0,2.123917127071823,9600.0
2007,MISSOURI,MONITEAU,466,121.0,2.659281767955801,14200.0
2008,MISSOURI,MONITEAU,466,126.0,3.811411111111111,11300.0
1999,MISSOURI,NEW MADRID,470,140.2,2.474586301369863,57400.0
2000,MISSOURI,NEW MADRID,470,154.2,2.8321,74100.0
2001,MISSOURI,NEW MADRID,470,159.3,4.792758389261745,71100.0
2002,MISSOURI,NEW MADRID,470,144.5,5.638992424242424,76100.0
2003,MISSOURI,NEW MADRID,470,151.1,4.740128113879003,84400.0
2004,MISSOURI,NEW MADRID,470,166.0,4.198470588235294,86600.0
2005,MISSOURI,NEW MADRID,470,149.5,4.641957627118644,74400.0
2006,MISSOURI,NEW MADRID,470,169.0,3.896317548746518,51000.0
2007,MISSOURI,NEW MADRID,470,169.0,3.238110429447853,106000.0
2008,MISSOURI,NEW MADRID,470,170.0,3.544742382271468,65100.0
1999,MISSOURI,NODAWAY,472,100.4,2.022094707520891,109200.0
2000,MISSOURI,NODAWAY,472,129.7,1.950831955922865,118200.0
2001,MISSOURI,NODAWAY,472,116.8,2.952123943661972,105500.0
2002,MISSOURI,NODAWAY,472,86.5,1.668103151862464,107800.0
2003,MISSOURI,NODAWAY,472,107.0,1.991299703264095,108700.0
2004,MISSOURI,NODAWAY,472,151.3,5.067669902912621,113200.0
2005,MISSOURI,NODAWAY,472,142.8,2.524539130434782,114800.0
2006,MISSOURI,NODAWAY,472,140.0,2.525386301369863,108700.0
2007,MISSOURI,NODAWAY,472,124.0,2.897011111111111,124500.0
2008,MISSOURI,NODAWAY,472,123.0,2.626054644808743,102300.0
1999,MISSOURI,PEMISCOT,476,130.3,2.729282191780822,17300.0
2000,MISSOURI,PEMISCOT,476,139.4,3.131497237569061,20000.0
2001,MISSOURI,PEMISCOT,476,154.1,3.574093150684931,18600.0
2002,MISSOURI,PEMISCOT,476,127.9,3.081402739726027,21800.0
2003,MISSOURI,PEMISCOT,476,128.0,3.514942465753424,30900.0
2004,MISSOURI,PEMISCOT,476,145.7,3.542778082191781,23100.0
2005,MISSOURI,PEMISCOT,476,133.9,2.283216438356164,22800.0
2006,MISSOURI,PEMISCOT,476,155.0,3.784947945205479,12500.0
2007,MISSOURI,PEMISCOT,476,164.0,2.819259668508287,38800.0
2008,MISSOURI,PEMISCOT,476,151.0,3.170142076502732,20100.0
1999,MISSOURI,PETTIS,478,61.4,1.689834710743802,40700.0
2000,MISSOURI,PETTIS,478,128.8,2.656532967032967,42700.0
2001,MISSOURI,PETTIS,478,127.5,2.870547945205479,44800.0
2002,MISSOURI,PETTIS,478,85.9,2.093406593406594,50100.0
2003,MISSOURI,PETTIS,478,47.2,2.475978082191781,45300.0
2004,MISSOURI,PETTIS,478,152.8,2.697535519125683,47100.0
2005,MISSOURI,PETTIS,478,69.6,2.43213698630137,59000.0
2006,MISSOURI,PETTIS,478,80.0,1.47946301369863,47000.0
2007,MISSOURI,PETTIS,478,130.0,1.923142857142857,53800.0
2008,MISSOURI,PETTIS,478,136.0,2.756421917808219,46700.0
1999,MISSOURI,PIKE,480,78.5,1.700060273972603,52100.0
2000,MISSOURI,PIKE,480,154.9,2.746114754098361,52900.0
2001,MISSOURI,PIKE,480,119.4,2.628378082191781,50100.0
2002,MISSOURI,PIKE,480,89.6,2.441879452054795,51800.0
2003,MISSOURI,PIKE,480,113.4,2.848279452054794,48000.0
2004,MISSOURI,PIKE,480,163.0,2.235338797814208,50600.0
2005,MISSOURI,PIKE,480,70.3,1.830191780821918,53500.0
2006,MISSOURI,PIKE,480,132.0,2.050093150684932,45700.0
2007,MISSOURI,PIKE,480,112.0,1.557402739726027,55700.0
2008,MISSOURI,PIKE,480,149.0,3.526158469945355,37100.0
1999,MISSOURI,PLATTE,481,111.6,2.789824657534246,30400.0
2000,MISSOURI,PLATTE,481,146.5,2.426185792349727,34600.0
2001,MISSOURI,PLATTE,481,122.2,3.723013698630137,35400.0
2002,MISSOURI,PLATTE,481,96.4,1.723720547945205,37900.0
2003,MISSOURI,PLATTE,481,72.1,1.945013698630137,39400.0
2004,MISSOURI,PLATTE,481,172.4,2.608704918032787,36800.0
2005,MISSOURI,PLATTE,481,135.3,3.071660273972602,39700.0
2006,MISSOURI,PLATTE,481,127.0,2.148213698630137,38700.0
2007,MISSOURI,PLATTE,481,150.0,2.297830136986301,43500.0
2008,MISSOURI,PLATTE,481,149.0,3.09935519125683,37400.0
1999,MISSOURI,RANDOLPH,486,63.8,2.805164835164835,12800.0
2000,MISSOURI,RANDOLPH,486,140.0,2.585357142857143,14400.0
2001,MISSOURI,RANDOLPH,486,121.8,2.961933884297521,13000.0
2002,MISSOURI,RANDOLPH,486,101.5,2.710493150684931,13500.0
2003,MISSOURI,RANDOLPH,486,88.1,2.848975342465753,12900.0
2004,MISSOURI,RANDOLPH,486,162.0,3.15903825136612,14500.0
2005,MISSOURI,RANDOLPH,486,63.6,2.154804804804805,15300.0
2006,MISSOURI,RANDOLPH,486,126.0,2.948487671232876,13800.0
2007,MISSOURI,RANDOLPH,486,125.0,2.721631284916201,14600.0
2008,MISSOURI,RANDOLPH,486,147.0,4.590243093922652,15100.0
1999,MISSOURI,ST LOUIS,493,116.8,2.370202739726027,4700.0
2000,MISSOURI,ST LOUIS,493,143.9,2.593437158469945,6600.0
2001,MISSOURI,ST LOUIS,493,137.5,2.455797260273973,5900.0
2002,MISSOURI,ST LOUIS,493,106.9,2.849671232876712,4900.0
2003,MISSOURI,ST LOUIS,493,112.4,3.205271232876712,4900.0
2004,MISSOURI,ST LOUIS,493,154.8,2.933491803278689,5000.0
2005,MISSOURI,ST LOUIS,493,115.6,2.633945205479452,5500.0
2006,MISSOURI,ST LOUIS,493,120.0,2.0828,4600.0
2007,MISSOURI,ST LOUIS,493,156.0,2.12733698630137,4000.0
2008,MISSOURI,ST LOUIS,493,138.0,4.022360655737705,3300.0
1999,MISSOURI,SALINE,495,113.2,2.557397260273973,122800.0
2000,MISSOURI,SALINE,495,148.4,2.364851648351648,129000.0
2001,MISSOURI,SALINE,495,147.1,3.269203296703297,122600.0
2002,MISSOURI,SALINE,495,124.2,2.482739884393064,124700.0
2003,MISSOURI,SALINE,495,125.6,3.07660989010989,126700.0
2004,MISSOURI,SALINE,495,179.1,3.92882033898305,128700.0
2005,MISSOURI,SALINE,495,126.6,2.593355029585799,133400.0
2006,MISSOURI,SALINE,495,152.0,2.455101369863014,124900.0
2007,MISSOURI,SALINE,495,156.0,2.851917582417582,143500.0
2008,MISSOURI,SALINE,495,165.0,4.031382513661202,131600.0
1999,MISSOURI,SCOTT,498,143.4,2.57201095890411,60500.0
2000,MISSOURI,SCOTT,498,152.7,2.762770491803279,71500.0
2001,MISSOURI,SCOTT,498,161.9,3.354191780821917,62500.0
2002,MISSOURI,SCOTT,498,136.9,3.977709589041096,59000.0
2003,MISSOURI,SCOTT,498,154.2,3.491978082191781,75100.0
2004,MISSOURI,SCOTT,498,165.0,2.746808743169399,73300.0
2005,MISSOURI,SCOTT,498,151.8,2.750158904109589,74300.0
2006,MISSOURI,SCOTT,498,159.0,3.749457534246575,64200.0
2007,MISSOURI,SCOTT,498,177.0,2.922043835616438,82100.0
2008,MISSOURI,SCOTT,498,170.0,4.17920218579235,65100.0
1999,MISSOURI,VERNON,506,65.2,3.494593406593407,23200.0
2000,MISSOURI,VERNON,506,125.9,2.126641095890411,25300.0
2001,MISSOURI,VERNON,506,131.2,2.576882191780822,31900.0
2002,MISSOURI,VERNON,506,89.9,2.344615384615385,37300.0
2003,MISSOURI,VERNON,506,81.8,3.073190082644628,39200.0
2004,MISSOURI,VERNON,506,151.9,2.914754098360655,39200.0
2005,MISSOURI,VERNON,506,124.2,2.452076923076923,44400.0
2006,MISSOURI,VERNON,506,120.0,2.592887671232877,40100.0
2007,MISSOURI,VERNON,506,130.0,3.1076408839779,42400.0
2008,MISSOURI,VERNON,506,119.0,3.985579234972677,42900.0
